<?xml version="1.0" encoding="UTF-8"?>
<kml xmlns="http://www.opengis.net/kml/2.2">
  <Document>
    <name>Food and drink</name>
    <Style id="icon-1577-795548-normal">
      <IconStyle>
        <color>ff485579</color>
        <scale>1</scale>
        <Icon>
          <href>https://www.gstatic.com/mapspro/images/stock/503-wht-blank_maps.png</href>
        </Icon>
      </IconStyle>
      <LabelStyle>
        <scale>0</scale>
      </LabelStyle>
    </Style>
    <Style id="icon-1577-795548-highlight">
      <IconStyle>
        <color>ff485579</color>
        <scale>1</scale>
        <Icon>
          <href>https://www.gstatic.com/mapspro/images/stock/503-wht-blank_maps.png</href>
        </Icon>
      </IconStyle>
      <LabelStyle>
        <scale>1</scale>
      </LabelStyle>
    </Style>
    <StyleMap id="icon-1577-795548">
      <Pair>
        <key>normal</key>
        <styleUrl>#icon-1577-795548-normal</styleUrl>
      </Pair>
      <Pair>
        <key>highlight</key>
        <styleUrl>#icon-1577-795548-highlight</styleUrl>
      </Pair>
    </StyleMap>
    <Placemark>
      <name>Mrs Higgins</name>
      <description><![CDATA[type: bakery<br>Source: Open Street Map: http://www.openstreetmap.org.nz/<br>Update: 21/01/2019<br>x: 172.63883185000<br>y: -43.52954185000]]></description>
      <styleUrl>#icon-1577-795548</styleUrl>
      <ExtendedData>
        <Data name="type">
          <value>bakery</value>
        </Data>
        <Data name="Source">
          <value>Open Street Map: http://www.openstreetmap.org.nz/</value>
        </Data>
        <Data name="Update">
          <value>21/01/2019</value>
        </Data>
        <Data name="x">
          <value>172.63883185000</value>
        </Data>
        <Data name="y">
          <value>-43.52954185000</value>
        </Data>
      </ExtendedData>
      <Point>
        <coordinates>
          172.63883185,-43.52954185,0
        </coordinates>
      </Point>
    </Placemark>
    <Placemark>
      <name>Glamour Cake</name>
      <description><![CDATA[type: bakery<br>Source: Open Street Map: http://www.openstreetmap.org.nz/<br>Update: 21/01/2019<br>x: 172.72183141400<br>y: -43.60371625530]]></description>
      <styleUrl>#icon-1577-795548</styleUrl>
      <ExtendedData>
        <Data name="type">
          <value>bakery</value>
        </Data>
        <Data name="Source">
          <value>Open Street Map: http://www.openstreetmap.org.nz/</value>
        </Data>
        <Data name="Update">
          <value>21/01/2019</value>
        </Data>
        <Data name="x">
          <value>172.72183141400</value>
        </Data>
        <Data name="y">
          <value>-43.60371625530</value>
        </Data>
      </ExtendedData>
      <Point>
        <coordinates>
          172.721831414,-43.6037162553,0
        </coordinates>
      </Point>
    </Placemark>
    <Placemark>
      <name>Artisan</name>
      <description><![CDATA[type: bakery<br>Source: Open Street Map: http://www.openstreetmap.org.nz/<br>Update: 21/01/2019<br>x: 172.59832307100<br>y: -43.30230702930]]></description>
      <styleUrl>#icon-1577-795548</styleUrl>
      <ExtendedData>
        <Data name="type">
          <value>bakery</value>
        </Data>
        <Data name="Source">
          <value>Open Street Map: http://www.openstreetmap.org.nz/</value>
        </Data>
        <Data name="Update">
          <value>21/01/2019</value>
        </Data>
        <Data name="x">
          <value>172.59832307100</value>
        </Data>
        <Data name="y">
          <value>-43.30230702930</value>
        </Data>
      </ExtendedData>
      <Point>
        <coordinates>
          172.598323071,-43.3023070293,0
        </coordinates>
      </Point>
    </Placemark>
    <Placemark>
      <name>Bohemian Bakery</name>
      <description><![CDATA[type: bakery<br>Source: Open Street Map: http://www.openstreetmap.org.nz/<br>Update: 21/01/2019<br>x: 172.75984583000<br>y: -43.56975856010]]></description>
      <styleUrl>#icon-1577-795548</styleUrl>
      <ExtendedData>
        <Data name="type">
          <value>bakery</value>
        </Data>
        <Data name="Source">
          <value>Open Street Map: http://www.openstreetmap.org.nz/</value>
        </Data>
        <Data name="Update">
          <value>21/01/2019</value>
        </Data>
        <Data name="x">
          <value>172.75984583000</value>
        </Data>
        <Data name="y">
          <value>-43.56975856010</value>
        </Data>
      </ExtendedData>
      <Point>
        <coordinates>
          172.75984583,-43.5697585601,0
        </coordinates>
      </Point>
    </Placemark>
    <Placemark>
      <name>Sumner Bakery and Cafe</name>
      <description><![CDATA[type: bakery<br>Source: Open Street Map: http://www.openstreetmap.org.nz/<br>Update: 21/01/2019<br>x: 172.75890787700<br>y: -43.56871054430]]></description>
      <styleUrl>#icon-1577-795548</styleUrl>
      <ExtendedData>
        <Data name="type">
          <value>bakery</value>
        </Data>
        <Data name="Source">
          <value>Open Street Map: http://www.openstreetmap.org.nz/</value>
        </Data>
        <Data name="Update">
          <value>21/01/2019</value>
        </Data>
        <Data name="x">
          <value>172.75890787700</value>
        </Data>
        <Data name="y">
          <value>-43.56871054430</value>
        </Data>
      </ExtendedData>
      <Point>
        <coordinates>
          172.758907877,-43.5687105443,0
        </coordinates>
      </Point>
    </Placemark>
    <Placemark>
      <name><![CDATA[Main Street Bakery & Cafe]]></name>
      <description><![CDATA[type: bakery<br>Source: Open Street Map: http://www.openstreetmap.org.nz/<br>Update: 21/01/2019<br>x: 172.18866740000<br>y: -43.29826900000]]></description>
      <styleUrl>#icon-1577-795548</styleUrl>
      <ExtendedData>
        <Data name="type">
          <value>bakery</value>
        </Data>
        <Data name="Source">
          <value>Open Street Map: http://www.openstreetmap.org.nz/</value>
        </Data>
        <Data name="Update">
          <value>21/01/2019</value>
        </Data>
        <Data name="x">
          <value>172.18866740000</value>
        </Data>
        <Data name="y">
          <value>-43.29826900000</value>
        </Data>
      </ExtendedData>
      <Point>
        <coordinates>
          172.1886674,-43.298269,0
        </coordinates>
      </Point>
    </Placemark>
    <Placemark>
      <name>Bakery</name>
      <description><![CDATA[type: bakery<br>Source: Open Street Map: http://www.openstreetmap.org.nz/<br>Update: 21/01/2019<br>x: 172.58846147800<br>y: -43.53873255310]]></description>
      <styleUrl>#icon-1577-795548</styleUrl>
      <ExtendedData>
        <Data name="type">
          <value>bakery</value>
        </Data>
        <Data name="Source">
          <value>Open Street Map: http://www.openstreetmap.org.nz/</value>
        </Data>
        <Data name="Update">
          <value>21/01/2019</value>
        </Data>
        <Data name="x">
          <value>172.58846147800</value>
        </Data>
        <Data name="y">
          <value>-43.53873255310</value>
        </Data>
      </ExtendedData>
      <Point>
        <coordinates>
          172.588461478,-43.5387325531,0
        </coordinates>
      </Point>
    </Placemark>
    <Placemark>
      <name><![CDATA[KB's Bakery]]></name>
      <description><![CDATA[type: bakery<br>Source: Open Street Map: http://www.openstreetmap.org.nz/<br>Update: 21/01/2019<br>x: 172.63692570000<br>y: -43.51376460000]]></description>
      <styleUrl>#icon-1577-795548</styleUrl>
      <ExtendedData>
        <Data name="type">
          <value>bakery</value>
        </Data>
        <Data name="Source">
          <value>Open Street Map: http://www.openstreetmap.org.nz/</value>
        </Data>
        <Data name="Update">
          <value>21/01/2019</value>
        </Data>
        <Data name="x">
          <value>172.63692570000</value>
        </Data>
        <Data name="y">
          <value>-43.51376460000</value>
        </Data>
      </ExtendedData>
      <Point>
        <coordinates>
          172.6369257,-43.5137646,0
        </coordinates>
      </Point>
    </Placemark>
    <Placemark>
      <name><![CDATA[KB's Bakery]]></name>
      <description><![CDATA[type: bakery<br>Source: Open Street Map: http://www.openstreetmap.org.nz/<br>Update: 21/01/2019<br>x: 172.63547970000<br>y: -43.56713690000]]></description>
      <styleUrl>#icon-1577-795548</styleUrl>
      <ExtendedData>
        <Data name="type">
          <value>bakery</value>
        </Data>
        <Data name="Source">
          <value>Open Street Map: http://www.openstreetmap.org.nz/</value>
        </Data>
        <Data name="Update">
          <value>21/01/2019</value>
        </Data>
        <Data name="x">
          <value>172.63547970000</value>
        </Data>
        <Data name="y">
          <value>-43.56713690000</value>
        </Data>
      </ExtendedData>
      <Point>
        <coordinates>
          172.6354797,-43.5671369,0
        </coordinates>
      </Point>
    </Placemark>
    <Placemark>
      <name>Burwood Bakery</name>
      <description><![CDATA[type: bakery<br>Source: Open Street Map: http://www.openstreetmap.org.nz/<br>Update: 21/01/2019<br>x: 172.68086970000<br>y: -43.48345360000]]></description>
      <styleUrl>#icon-1577-795548</styleUrl>
      <ExtendedData>
        <Data name="type">
          <value>bakery</value>
        </Data>
        <Data name="Source">
          <value>Open Street Map: http://www.openstreetmap.org.nz/</value>
        </Data>
        <Data name="Update">
          <value>21/01/2019</value>
        </Data>
        <Data name="x">
          <value>172.68086970000</value>
        </Data>
        <Data name="y">
          <value>-43.48345360000</value>
        </Data>
      </ExtendedData>
      <Point>
        <coordinates>
          172.6808697,-43.4834536,0
        </coordinates>
      </Point>
    </Placemark>
    <Placemark>
      <name/>
      <description><![CDATA[type: bakery<br>Source: Open Street Map: http://www.openstreetmap.org.nz/<br>Update: 21/01/2019<br>x: 172.73044080000<br>y: -43.15565590000]]></description>
      <styleUrl>#icon-1577-795548</styleUrl>
      <ExtendedData>
        <Data name="type">
          <value>bakery</value>
        </Data>
        <Data name="Source">
          <value>Open Street Map: http://www.openstreetmap.org.nz/</value>
        </Data>
        <Data name="Update">
          <value>21/01/2019</value>
        </Data>
        <Data name="x">
          <value>172.73044080000</value>
        </Data>
        <Data name="y">
          <value>-43.15565590000</value>
        </Data>
      </ExtendedData>
      <Point>
        <coordinates>
          172.7304408,-43.1556559,0
        </coordinates>
      </Point>
    </Placemark>
    <Placemark>
      <name>Bakers Delight (Northlands)</name>
      <description><![CDATA[type: bakery<br>Source: Open Street Map: http://www.openstreetmap.org.nz/<br>Update: 21/01/2019<br>x: 172.61101130000<br>y: -43.49166350000]]></description>
      <styleUrl>#icon-1577-795548</styleUrl>
      <ExtendedData>
        <Data name="type">
          <value>bakery</value>
        </Data>
        <Data name="Source">
          <value>Open Street Map: http://www.openstreetmap.org.nz/</value>
        </Data>
        <Data name="Update">
          <value>21/01/2019</value>
        </Data>
        <Data name="x">
          <value>172.61101130000</value>
        </Data>
        <Data name="y">
          <value>-43.49166350000</value>
        </Data>
      </ExtendedData>
      <Point>
        <coordinates>
          172.6110113,-43.4916635,0
        </coordinates>
      </Point>
    </Placemark>
    <Placemark>
      <name>Couplands Papanui</name>
      <description><![CDATA[type: bakery<br>Source: Open Street Map: http://www.openstreetmap.org.nz/<br>Update: 21/01/2019<br>x: 172.61250800000<br>y: -43.49120820000]]></description>
      <styleUrl>#icon-1577-795548</styleUrl>
      <ExtendedData>
        <Data name="type">
          <value>bakery</value>
        </Data>
        <Data name="Source">
          <value>Open Street Map: http://www.openstreetmap.org.nz/</value>
        </Data>
        <Data name="Update">
          <value>21/01/2019</value>
        </Data>
        <Data name="x">
          <value>172.61250800000</value>
        </Data>
        <Data name="y">
          <value>-43.49120820000</value>
        </Data>
      </ExtendedData>
      <Point>
        <coordinates>
          172.612508,-43.4912082,0
        </coordinates>
      </Point>
    </Placemark>
    <Placemark>
      <name>Copenhagen Bakery</name>
      <description><![CDATA[type: bakery<br>Source: Open Street Map: http://www.openstreetmap.org.nz/<br>Update: 21/01/2019<br>x: 172.57843440000<br>y: -43.48428800000]]></description>
      <styleUrl>#icon-1577-795548</styleUrl>
      <ExtendedData>
        <Data name="type">
          <value>bakery</value>
        </Data>
        <Data name="Source">
          <value>Open Street Map: http://www.openstreetmap.org.nz/</value>
        </Data>
        <Data name="Update">
          <value>21/01/2019</value>
        </Data>
        <Data name="x">
          <value>172.57843440000</value>
        </Data>
        <Data name="y">
          <value>-43.48428800000</value>
        </Data>
      </ExtendedData>
      <Point>
        <coordinates>
          172.5784344,-43.484288,0
        </coordinates>
      </Point>
    </Placemark>
    <Placemark>
      <name>Patisserie Yagahi</name>
      <description><![CDATA[type: bakery<br>Source: Open Street Map: http://www.openstreetmap.org.nz/<br>Update: 21/01/2019<br>x: 172.57310780000<br>y: -43.53162660000]]></description>
      <styleUrl>#icon-1577-795548</styleUrl>
      <ExtendedData>
        <Data name="type">
          <value>bakery</value>
        </Data>
        <Data name="Source">
          <value>Open Street Map: http://www.openstreetmap.org.nz/</value>
        </Data>
        <Data name="Update">
          <value>21/01/2019</value>
        </Data>
        <Data name="x">
          <value>172.57310780000</value>
        </Data>
        <Data name="y">
          <value>-43.53162660000</value>
        </Data>
      </ExtendedData>
      <Point>
        <coordinates>
          172.5731078,-43.5316266,0
        </coordinates>
      </Point>
    </Placemark>
    <Placemark>
      <name><![CDATA[Rob's Bakery]]></name>
      <description><![CDATA[type: bakery<br>Source: Open Street Map: http://www.openstreetmap.org.nz/<br>Update: 21/01/2019<br>x: 172.59536460000<br>y: -43.31205010000]]></description>
      <styleUrl>#icon-1577-795548</styleUrl>
      <ExtendedData>
        <Data name="type">
          <value>bakery</value>
        </Data>
        <Data name="Source">
          <value>Open Street Map: http://www.openstreetmap.org.nz/</value>
        </Data>
        <Data name="Update">
          <value>21/01/2019</value>
        </Data>
        <Data name="x">
          <value>172.59536460000</value>
        </Data>
        <Data name="y">
          <value>-43.31205010000</value>
        </Data>
      </ExtendedData>
      <Point>
        <coordinates>
          172.5953646,-43.3120501,0
        </coordinates>
      </Point>
    </Placemark>
    <Placemark>
      <name/>
      <description><![CDATA[type: bakery<br>Source: Open Street Map: http://www.openstreetmap.org.nz/<br>Update: 21/01/2019<br>x: 172.48274410000<br>y: -43.64084810000]]></description>
      <styleUrl>#icon-1577-795548</styleUrl>
      <ExtendedData>
        <Data name="type">
          <value>bakery</value>
        </Data>
        <Data name="Source">
          <value>Open Street Map: http://www.openstreetmap.org.nz/</value>
        </Data>
        <Data name="Update">
          <value>21/01/2019</value>
        </Data>
        <Data name="x">
          <value>172.48274410000</value>
        </Data>
        <Data name="y">
          <value>-43.64084810000</value>
        </Data>
      </ExtendedData>
      <Point>
        <coordinates>
          172.4827441,-43.6408481,0
        </coordinates>
      </Point>
    </Placemark>
    <Placemark>
      <name>Woodend Bakery</name>
      <description><![CDATA[type: bakery<br>Source: Open Street Map: http://www.openstreetmap.org.nz/<br>Update: 21/01/2019<br>x: 172.66524810000<br>y: -43.32338180000]]></description>
      <styleUrl>#icon-1577-795548</styleUrl>
      <ExtendedData>
        <Data name="type">
          <value>bakery</value>
        </Data>
        <Data name="Source">
          <value>Open Street Map: http://www.openstreetmap.org.nz/</value>
        </Data>
        <Data name="Update">
          <value>21/01/2019</value>
        </Data>
        <Data name="x">
          <value>172.66524810000</value>
        </Data>
        <Data name="y">
          <value>-43.32338180000</value>
        </Data>
      </ExtendedData>
      <Point>
        <coordinates>
          172.6652481,-43.3233818,0
        </coordinates>
      </Point>
    </Placemark>
    <Placemark>
      <name>Kookery Nook</name>
      <description><![CDATA[type: bakery<br>Source: Open Street Map: http://www.openstreetmap.org.nz/<br>Update: 21/01/2019<br>x: 172.59529730000<br>y: -43.49601650000]]></description>
      <styleUrl>#icon-1577-795548</styleUrl>
      <ExtendedData>
        <Data name="type">
          <value>bakery</value>
        </Data>
        <Data name="Source">
          <value>Open Street Map: http://www.openstreetmap.org.nz/</value>
        </Data>
        <Data name="Update">
          <value>21/01/2019</value>
        </Data>
        <Data name="x">
          <value>172.59529730000</value>
        </Data>
        <Data name="y">
          <value>-43.49601650000</value>
        </Data>
      </ExtendedData>
      <Point>
        <coordinates>
          172.5952973,-43.4960165,0
        </coordinates>
      </Point>
    </Placemark>
    <Placemark>
      <name>Rolleston Bakery</name>
      <description><![CDATA[type: bakery<br>Source: Open Street Map: http://www.openstreetmap.org.nz/<br>Update: 21/01/2019<br>x: 172.38510000000<br>y: -43.59553050000]]></description>
      <styleUrl>#icon-1577-795548</styleUrl>
      <ExtendedData>
        <Data name="type">
          <value>bakery</value>
        </Data>
        <Data name="Source">
          <value>Open Street Map: http://www.openstreetmap.org.nz/</value>
        </Data>
        <Data name="Update">
          <value>21/01/2019</value>
        </Data>
        <Data name="x">
          <value>172.38510000000</value>
        </Data>
        <Data name="y">
          <value>-43.59553050000</value>
        </Data>
      </ExtendedData>
      <Point>
        <coordinates>
          172.3851,-43.5955305,0
        </coordinates>
      </Point>
    </Placemark>
    <Placemark>
      <name>The Philippines Bakery</name>
      <description><![CDATA[type: bakery<br>Source: Open Street Map: http://www.openstreetmap.org.nz/<br>Update: 21/01/2019<br>x: 172.60924460000<br>y: -43.49870000000]]></description>
      <styleUrl>#icon-1577-795548</styleUrl>
      <ExtendedData>
        <Data name="type">
          <value>bakery</value>
        </Data>
        <Data name="Source">
          <value>Open Street Map: http://www.openstreetmap.org.nz/</value>
        </Data>
        <Data name="Update">
          <value>21/01/2019</value>
        </Data>
        <Data name="x">
          <value>172.60924460000</value>
        </Data>
        <Data name="y">
          <value>-43.49870000000</value>
        </Data>
      </ExtendedData>
      <Point>
        <coordinates>
          172.6092446,-43.4987,0
        </coordinates>
      </Point>
    </Placemark>
    <Placemark>
      <name>Couplands</name>
      <description><![CDATA[type: bakery<br>Source: Open Street Map: http://www.openstreetmap.org.nz/<br>Update: 21/01/2019<br>x: 172.59862860000<br>y: -43.30357110000]]></description>
      <styleUrl>#icon-1577-795548</styleUrl>
      <ExtendedData>
        <Data name="type">
          <value>bakery</value>
        </Data>
        <Data name="Source">
          <value>Open Street Map: http://www.openstreetmap.org.nz/</value>
        </Data>
        <Data name="Update">
          <value>21/01/2019</value>
        </Data>
        <Data name="x">
          <value>172.59862860000</value>
        </Data>
        <Data name="y">
          <value>-43.30357110000</value>
        </Data>
      </ExtendedData>
      <Point>
        <coordinates>
          172.5986286,-43.3035711,0
        </coordinates>
      </Point>
    </Placemark>
    <Placemark>
      <name>Village Bakehouse</name>
      <description><![CDATA[type: bakery<br>Source: Open Street Map: http://www.openstreetmap.org.nz/<br>Update: 21/01/2019<br>x: 172.57175350000<br>y: -43.51616360000]]></description>
      <styleUrl>#icon-1577-795548</styleUrl>
      <ExtendedData>
        <Data name="type">
          <value>bakery</value>
        </Data>
        <Data name="Source">
          <value>Open Street Map: http://www.openstreetmap.org.nz/</value>
        </Data>
        <Data name="Update">
          <value>21/01/2019</value>
        </Data>
        <Data name="x">
          <value>172.57175350000</value>
        </Data>
        <Data name="y">
          <value>-43.51616360000</value>
        </Data>
      </ExtendedData>
      <Point>
        <coordinates>
          172.5717535,-43.5161636,0
        </coordinates>
      </Point>
    </Placemark>
    <Placemark>
      <name><![CDATA[Coupland's]]></name>
      <description><![CDATA[type: bakery<br>Source: Open Street Map: http://www.openstreetmap.org.nz/<br>Update: 21/01/2019<br>x: 172.61888270000<br>y: -43.55704750000]]></description>
      <styleUrl>#icon-1577-795548</styleUrl>
      <ExtendedData>
        <Data name="type">
          <value>bakery</value>
        </Data>
        <Data name="Source">
          <value>Open Street Map: http://www.openstreetmap.org.nz/</value>
        </Data>
        <Data name="Update">
          <value>21/01/2019</value>
        </Data>
        <Data name="x">
          <value>172.61888270000</value>
        </Data>
        <Data name="y">
          <value>-43.55704750000</value>
        </Data>
      </ExtendedData>
      <Point>
        <coordinates>
          172.6188827,-43.5570475,0
        </coordinates>
      </Point>
    </Placemark>
    <Placemark>
      <name>Tanner Street Bakery</name>
      <description><![CDATA[type: bakery<br>Source: Open Street Map: http://www.openstreetmap.org.nz/<br>Update: 21/01/2019<br>x: 172.67978530000<br>y: -43.55841010000]]></description>
      <styleUrl>#icon-1577-795548</styleUrl>
      <ExtendedData>
        <Data name="type">
          <value>bakery</value>
        </Data>
        <Data name="Source">
          <value>Open Street Map: http://www.openstreetmap.org.nz/</value>
        </Data>
        <Data name="Update">
          <value>21/01/2019</value>
        </Data>
        <Data name="x">
          <value>172.67978530000</value>
        </Data>
        <Data name="y">
          <value>-43.55841010000</value>
        </Data>
      </ExtendedData>
      <Point>
        <coordinates>
          172.6797853,-43.5584101,0
        </coordinates>
      </Point>
    </Placemark>
    <Placemark>
      <name><![CDATA[Romano's pizza factory shop]]></name>
      <description><![CDATA[type: bakery<br>Source: Open Street Map: http://www.openstreetmap.org.nz/<br>Update: 21/01/2019<br>x: 172.67949230000<br>y: -43.56076520000]]></description>
      <styleUrl>#icon-1577-795548</styleUrl>
      <ExtendedData>
        <Data name="type">
          <value>bakery</value>
        </Data>
        <Data name="Source">
          <value>Open Street Map: http://www.openstreetmap.org.nz/</value>
        </Data>
        <Data name="Update">
          <value>21/01/2019</value>
        </Data>
        <Data name="x">
          <value>172.67949230000</value>
        </Data>
        <Data name="y">
          <value>-43.56076520000</value>
        </Data>
      </ExtendedData>
      <Point>
        <coordinates>
          172.6794923,-43.5607652,0
        </coordinates>
      </Point>
    </Placemark>
    <Placemark>
      <name><![CDATA[Pierces' Bakery]]></name>
      <description><![CDATA[type: bakery<br>Source: Open Street Map: http://www.openstreetmap.org.nz/<br>Update: 21/01/2019<br>x: 172.62632000000<br>y: -43.56369590000]]></description>
      <styleUrl>#icon-1577-795548</styleUrl>
      <ExtendedData>
        <Data name="type">
          <value>bakery</value>
        </Data>
        <Data name="Source">
          <value>Open Street Map: http://www.openstreetmap.org.nz/</value>
        </Data>
        <Data name="Update">
          <value>21/01/2019</value>
        </Data>
        <Data name="x">
          <value>172.62632000000</value>
        </Data>
        <Data name="y">
          <value>-43.56369590000</value>
        </Data>
      </ExtendedData>
      <Point>
        <coordinates>
          172.62632,-43.5636959,0
        </coordinates>
      </Point>
    </Placemark>
    <Placemark>
      <name>Addington Bakery</name>
      <description><![CDATA[type: bakery<br>Source: Open Street Map: http://www.openstreetmap.org.nz/<br>Update: 21/01/2019<br>x: 172.61066640000<br>y: -43.54361510000]]></description>
      <styleUrl>#icon-1577-795548</styleUrl>
      <ExtendedData>
        <Data name="type">
          <value>bakery</value>
        </Data>
        <Data name="Source">
          <value>Open Street Map: http://www.openstreetmap.org.nz/</value>
        </Data>
        <Data name="Update">
          <value>21/01/2019</value>
        </Data>
        <Data name="x">
          <value>172.61066640000</value>
        </Data>
        <Data name="y">
          <value>-43.54361510000</value>
        </Data>
      </ExtendedData>
      <Point>
        <coordinates>
          172.6106664,-43.5436151,0
        </coordinates>
      </Point>
    </Placemark>
    <Placemark>
      <name>Sydenham Bakery</name>
      <description><![CDATA[type: bakery<br>Source: Open Street Map: http://www.openstreetmap.org.nz/<br>Update: 21/01/2019<br>x: 172.63679780000<br>y: -43.54394020000]]></description>
      <styleUrl>#icon-1577-795548</styleUrl>
      <ExtendedData>
        <Data name="type">
          <value>bakery</value>
        </Data>
        <Data name="Source">
          <value>Open Street Map: http://www.openstreetmap.org.nz/</value>
        </Data>
        <Data name="Update">
          <value>21/01/2019</value>
        </Data>
        <Data name="x">
          <value>172.63679780000</value>
        </Data>
        <Data name="y">
          <value>-43.54394020000</value>
        </Data>
      </ExtendedData>
      <Point>
        <coordinates>
          172.6367978,-43.5439402,0
        </coordinates>
      </Point>
    </Placemark>
    <Placemark>
      <name>24/7</name>
      <description><![CDATA[type: bakery<br>Source: Open Street Map: http://www.openstreetmap.org.nz/<br>Update: 21/01/2019<br>x: 172.65997010000<br>y: -43.54083520000]]></description>
      <styleUrl>#icon-1577-795548</styleUrl>
      <ExtendedData>
        <Data name="type">
          <value>bakery</value>
        </Data>
        <Data name="Source">
          <value>Open Street Map: http://www.openstreetmap.org.nz/</value>
        </Data>
        <Data name="Update">
          <value>21/01/2019</value>
        </Data>
        <Data name="x">
          <value>172.65997010000</value>
        </Data>
        <Data name="y">
          <value>-43.54083520000</value>
        </Data>
      </ExtendedData>
      <Point>
        <coordinates>
          172.6599701,-43.5408352,0
        </coordinates>
      </Point>
    </Placemark>
    <Placemark>
      <name>The naked baker</name>
      <description><![CDATA[type: bakery<br>Source: Open Street Map: http://www.openstreetmap.org.nz/<br>Update: 21/01/2019<br>x: 172.71140700000<br>y: -43.48623750000]]></description>
      <styleUrl>#icon-1577-795548</styleUrl>
      <ExtendedData>
        <Data name="type">
          <value>bakery</value>
        </Data>
        <Data name="Source">
          <value>Open Street Map: http://www.openstreetmap.org.nz/</value>
        </Data>
        <Data name="Update">
          <value>21/01/2019</value>
        </Data>
        <Data name="x">
          <value>172.71140700000</value>
        </Data>
        <Data name="y">
          <value>-43.48623750000</value>
        </Data>
      </ExtendedData>
      <Point>
        <coordinates>
          172.711407,-43.4862375,0
        </coordinates>
      </Point>
    </Placemark>
    <Placemark>
      <name>T Bakery</name>
      <description><![CDATA[type: bakery<br>Source: Open Street Map: http://www.openstreetmap.org.nz/<br>Update: 21/01/2019<br>x: 172.67263870000<br>y: -43.52566710000]]></description>
      <styleUrl>#icon-1577-795548</styleUrl>
      <ExtendedData>
        <Data name="type">
          <value>bakery</value>
        </Data>
        <Data name="Source">
          <value>Open Street Map: http://www.openstreetmap.org.nz/</value>
        </Data>
        <Data name="Update">
          <value>21/01/2019</value>
        </Data>
        <Data name="x">
          <value>172.67263870000</value>
        </Data>
        <Data name="y">
          <value>-43.52566710000</value>
        </Data>
      </ExtendedData>
      <Point>
        <coordinates>
          172.6726387,-43.5256671,0
        </coordinates>
      </Point>
    </Placemark>
    <Placemark>
      <name>Le Panier</name>
      <description><![CDATA[type: bakery<br>Source: Open Street Map: http://www.openstreetmap.org.nz/<br>Update: 21/01/2019<br>x: 172.61550020000<br>y: -43.51980450000]]></description>
      <styleUrl>#icon-1577-795548</styleUrl>
      <ExtendedData>
        <Data name="type">
          <value>bakery</value>
        </Data>
        <Data name="Source">
          <value>Open Street Map: http://www.openstreetmap.org.nz/</value>
        </Data>
        <Data name="Update">
          <value>21/01/2019</value>
        </Data>
        <Data name="x">
          <value>172.61550020000</value>
        </Data>
        <Data name="y">
          <value>-43.51980450000</value>
        </Data>
      </ExtendedData>
      <Point>
        <coordinates>
          172.6155002,-43.5198045,0
        </coordinates>
      </Point>
    </Placemark>
    <Placemark>
      <name/>
      <description><![CDATA[type: bakery<br>Source: Open Street Map: http://www.openstreetmap.org.nz/<br>Update: 21/01/2019<br>x: 172.59398750000<br>y: -43.55454730000]]></description>
      <styleUrl>#icon-1577-795548</styleUrl>
      <ExtendedData>
        <Data name="type">
          <value>bakery</value>
        </Data>
        <Data name="Source">
          <value>Open Street Map: http://www.openstreetmap.org.nz/</value>
        </Data>
        <Data name="Update">
          <value>21/01/2019</value>
        </Data>
        <Data name="x">
          <value>172.59398750000</value>
        </Data>
        <Data name="y">
          <value>-43.55454730000</value>
        </Data>
      </ExtendedData>
      <Point>
        <coordinates>
          172.5939875,-43.5545473,0
        </coordinates>
      </Point>
    </Placemark>
    <Placemark>
      <name>Sweet As Bakery</name>
      <description><![CDATA[type: bakery<br>Source: Open Street Map: http://www.openstreetmap.org.nz/<br>Update: 21/01/2019<br>x: 172.96693150000<br>y: -43.80509160000]]></description>
      <styleUrl>#icon-1577-795548</styleUrl>
      <ExtendedData>
        <Data name="type">
          <value>bakery</value>
        </Data>
        <Data name="Source">
          <value>Open Street Map: http://www.openstreetmap.org.nz/</value>
        </Data>
        <Data name="Update">
          <value>21/01/2019</value>
        </Data>
        <Data name="x">
          <value>172.96693150000</value>
        </Data>
        <Data name="y">
          <value>-43.80509160000</value>
        </Data>
      </ExtendedData>
      <Point>
        <coordinates>
          172.9669315,-43.8050916,0
        </coordinates>
      </Point>
    </Placemark>
    <Placemark>
      <name>The Last Word</name>
      <description><![CDATA[type: bar<br>Source: Open Street Map: http://www.openstreetmap.org.nz/<br>Update: 21/01/2019<br>x: 172.63858120000<br>y: -43.52911105000]]></description>
      <styleUrl>#icon-1577-795548</styleUrl>
      <ExtendedData>
        <Data name="type">
          <value>bar</value>
        </Data>
        <Data name="Source">
          <value>Open Street Map: http://www.openstreetmap.org.nz/</value>
        </Data>
        <Data name="Update">
          <value>21/01/2019</value>
        </Data>
        <Data name="x">
          <value>172.63858120000</value>
        </Data>
        <Data name="y">
          <value>-43.52911105000</value>
        </Data>
      </ExtendedData>
      <Point>
        <coordinates>
          172.6385812,-43.52911105,0
        </coordinates>
      </Point>
    </Placemark>
    <Placemark>
      <name>Cruz Bar</name>
      <description><![CDATA[type: bar<br>Source: Open Street Map: http://www.openstreetmap.org.nz/<br>Update: 21/01/2019<br>x: 172.63201988200<br>y: -43.52568218810]]></description>
      <styleUrl>#icon-1577-795548</styleUrl>
      <ExtendedData>
        <Data name="type">
          <value>bar</value>
        </Data>
        <Data name="Source">
          <value>Open Street Map: http://www.openstreetmap.org.nz/</value>
        </Data>
        <Data name="Update">
          <value>21/01/2019</value>
        </Data>
        <Data name="x">
          <value>172.63201988200</value>
        </Data>
        <Data name="y">
          <value>-43.52568218810</value>
        </Data>
      </ExtendedData>
      <Point>
        <coordinates>
          172.632019882,-43.5256821881,0
        </coordinates>
      </Point>
    </Placemark>
    <Placemark>
      <name><![CDATA[Civil & Naval]]></name>
      <description><![CDATA[type: bar<br>Source: Open Street Map: http://www.openstreetmap.org.nz/<br>Update: 21/01/2019<br>x: 172.72197586900<br>y: -43.60268050960]]></description>
      <styleUrl>#icon-1577-795548</styleUrl>
      <ExtendedData>
        <Data name="type">
          <value>bar</value>
        </Data>
        <Data name="Source">
          <value>Open Street Map: http://www.openstreetmap.org.nz/</value>
        </Data>
        <Data name="Update">
          <value>21/01/2019</value>
        </Data>
        <Data name="x">
          <value>172.72197586900</value>
        </Data>
        <Data name="y">
          <value>-43.60268050960</value>
        </Data>
      </ExtendedData>
      <Point>
        <coordinates>
          172.721975869,-43.6026805096,0
        </coordinates>
      </Point>
    </Placemark>
    <Placemark>
      <name>Punga Party</name>
      <description><![CDATA[type: bar<br>Source: Open Street Map: http://www.openstreetmap.org.nz/<br>Update: 21/01/2019<br>x: 172.72219042700<br>y: -43.60338313330]]></description>
      <styleUrl>#icon-1577-795548</styleUrl>
      <ExtendedData>
        <Data name="type">
          <value>bar</value>
        </Data>
        <Data name="Source">
          <value>Open Street Map: http://www.openstreetmap.org.nz/</value>
        </Data>
        <Data name="Update">
          <value>21/01/2019</value>
        </Data>
        <Data name="x">
          <value>172.72219042700</value>
        </Data>
        <Data name="y">
          <value>-43.60338313330</value>
        </Data>
      </ExtendedData>
      <Point>
        <coordinates>
          172.722190427,-43.6033831333,0
        </coordinates>
      </Point>
    </Placemark>
    <Placemark>
      <name>The Fitz</name>
      <description><![CDATA[type: bar<br>Source: Open Street Map: http://www.openstreetmap.org.nz/<br>Update: 21/01/2019<br>x: 172.65010500000<br>y: -43.53287590000]]></description>
      <styleUrl>#icon-1577-795548</styleUrl>
      <ExtendedData>
        <Data name="type">
          <value>bar</value>
        </Data>
        <Data name="Source">
          <value>Open Street Map: http://www.openstreetmap.org.nz/</value>
        </Data>
        <Data name="Update">
          <value>21/01/2019</value>
        </Data>
        <Data name="x">
          <value>172.65010500000</value>
        </Data>
        <Data name="y">
          <value>-43.53287590000</value>
        </Data>
      </ExtendedData>
      <Point>
        <coordinates>
          172.650105,-43.5328759,0
        </coordinates>
      </Point>
    </Placemark>
    <Placemark>
      <name>The Monday Room</name>
      <description><![CDATA[type: bar<br>Source: Open Street Map: http://www.openstreetmap.org.nz/<br>Update: 21/01/2019<br>x: 172.64288075000<br>y: -43.53967782020]]></description>
      <styleUrl>#icon-1577-795548</styleUrl>
      <ExtendedData>
        <Data name="type">
          <value>bar</value>
        </Data>
        <Data name="Source">
          <value>Open Street Map: http://www.openstreetmap.org.nz/</value>
        </Data>
        <Data name="Update">
          <value>21/01/2019</value>
        </Data>
        <Data name="x">
          <value>172.64288075000</value>
        </Data>
        <Data name="y">
          <value>-43.53967782020</value>
        </Data>
      </ExtendedData>
      <Point>
        <coordinates>
          172.64288075,-43.5396778202,0
        </coordinates>
      </Point>
    </Placemark>
    <Placemark>
      <name>Welles Street</name>
      <description><![CDATA[type: bar<br>Source: Open Street Map: http://www.openstreetmap.org.nz/<br>Update: 21/01/2019<br>x: 172.63910155000<br>y: -43.53711065000]]></description>
      <styleUrl>#icon-1577-795548</styleUrl>
      <ExtendedData>
        <Data name="type">
          <value>bar</value>
        </Data>
        <Data name="Source">
          <value>Open Street Map: http://www.openstreetmap.org.nz/</value>
        </Data>
        <Data name="Update">
          <value>21/01/2019</value>
        </Data>
        <Data name="x">
          <value>172.63910155000</value>
        </Data>
        <Data name="y">
          <value>-43.53711065000</value>
        </Data>
      </ExtendedData>
      <Point>
        <coordinates>
          172.63910155,-43.53711065,0
        </coordinates>
      </Point>
    </Placemark>
    <Placemark>
      <name>Engineers</name>
      <description><![CDATA[type: bar<br>Source: Open Street Map: http://www.openstreetmap.org.nz/<br>Update: 21/01/2019<br>x: 172.63621309700<br>y: -43.53659687650]]></description>
      <styleUrl>#icon-1577-795548</styleUrl>
      <ExtendedData>
        <Data name="type">
          <value>bar</value>
        </Data>
        <Data name="Source">
          <value>Open Street Map: http://www.openstreetmap.org.nz/</value>
        </Data>
        <Data name="Update">
          <value>21/01/2019</value>
        </Data>
        <Data name="x">
          <value>172.63621309700</value>
        </Data>
        <Data name="y">
          <value>-43.53659687650</value>
        </Data>
      </ExtendedData>
      <Point>
        <coordinates>
          172.636213097,-43.5365968765,0
        </coordinates>
      </Point>
    </Placemark>
    <Placemark>
      <name>Empire</name>
      <description><![CDATA[type: bar<br>Source: Open Street Map: http://www.openstreetmap.org.nz/<br>Update: 21/01/2019<br>x: 172.63580575600<br>y: -43.53662566950]]></description>
      <styleUrl>#icon-1577-795548</styleUrl>
      <ExtendedData>
        <Data name="type">
          <value>bar</value>
        </Data>
        <Data name="Source">
          <value>Open Street Map: http://www.openstreetmap.org.nz/</value>
        </Data>
        <Data name="Update">
          <value>21/01/2019</value>
        </Data>
        <Data name="x">
          <value>172.63580575600</value>
        </Data>
        <Data name="y">
          <value>-43.53662566950</value>
        </Data>
      </ExtendedData>
      <Point>
        <coordinates>
          172.635805756,-43.5366256695,0
        </coordinates>
      </Point>
    </Placemark>
    <Placemark>
      <name>Speights Ale House Tower Junction</name>
      <description><![CDATA[type: bar<br>Source: Open Street Map: http://www.openstreetmap.org.nz/<br>Update: 21/01/2019<br>x: 172.60465289400<br>y: -43.53980902330]]></description>
      <styleUrl>#icon-1577-795548</styleUrl>
      <ExtendedData>
        <Data name="type">
          <value>bar</value>
        </Data>
        <Data name="Source">
          <value>Open Street Map: http://www.openstreetmap.org.nz/</value>
        </Data>
        <Data name="Update">
          <value>21/01/2019</value>
        </Data>
        <Data name="x">
          <value>172.60465289400</value>
        </Data>
        <Data name="y">
          <value>-43.53980902330</value>
        </Data>
      </ExtendedData>
      <Point>
        <coordinates>
          172.604652894,-43.5398090233,0
        </coordinates>
      </Point>
    </Placemark>
    <Placemark>
      <name>The Poacher</name>
      <description><![CDATA[type: bar<br>Source: Open Street Map: http://www.openstreetmap.org.nz/<br>Update: 21/01/2019<br>x: 172.75945736800<br>y: -43.56873823680]]></description>
      <styleUrl>#icon-1577-795548</styleUrl>
      <ExtendedData>
        <Data name="type">
          <value>bar</value>
        </Data>
        <Data name="Source">
          <value>Open Street Map: http://www.openstreetmap.org.nz/</value>
        </Data>
        <Data name="Update">
          <value>21/01/2019</value>
        </Data>
        <Data name="x">
          <value>172.75945736800</value>
        </Data>
        <Data name="y">
          <value>-43.56873823680</value>
        </Data>
      </ExtendedData>
      <Point>
        <coordinates>
          172.759457368,-43.5687382368,0
        </coordinates>
      </Point>
    </Placemark>
    <Placemark>
      <name>Wunderbar</name>
      <description><![CDATA[type: bar<br>Source: Open Street Map: http://www.openstreetmap.org.nz/<br>Update: 21/01/2019<br>x: 172.72141635500<br>y: -43.60293191770]]></description>
      <styleUrl>#icon-1577-795548</styleUrl>
      <ExtendedData>
        <Data name="type">
          <value>bar</value>
        </Data>
        <Data name="Source">
          <value>Open Street Map: http://www.openstreetmap.org.nz/</value>
        </Data>
        <Data name="Update">
          <value>21/01/2019</value>
        </Data>
        <Data name="x">
          <value>172.72141635500</value>
        </Data>
        <Data name="y">
          <value>-43.60293191770</value>
        </Data>
      </ExtendedData>
      <Point>
        <coordinates>
          172.721416355,-43.6029319177,0
        </coordinates>
      </Point>
    </Placemark>
    <Placemark>
      <name>The Darkroom</name>
      <description><![CDATA[type: bar<br>Source: Open Street Map: http://www.openstreetmap.org.nz/<br>Update: 21/01/2019<br>x: 172.64801803600<br>y: -43.53651946350]]></description>
      <styleUrl>#icon-1577-795548</styleUrl>
      <ExtendedData>
        <Data name="type">
          <value>bar</value>
        </Data>
        <Data name="Source">
          <value>Open Street Map: http://www.openstreetmap.org.nz/</value>
        </Data>
        <Data name="Update">
          <value>21/01/2019</value>
        </Data>
        <Data name="x">
          <value>172.64801803600</value>
        </Data>
        <Data name="y">
          <value>-43.53651946350</value>
        </Data>
      </ExtendedData>
      <Point>
        <coordinates>
          172.648018036,-43.5365194635,0
        </coordinates>
      </Point>
    </Placemark>
    <Placemark>
      <name>Blue Smoke</name>
      <description><![CDATA[type: bar<br>Source: Open Street Map: http://www.openstreetmap.org.nz/<br>Update: 21/01/2019<br>x: 172.68042130000<br>y: -43.55696830000]]></description>
      <styleUrl>#icon-1577-795548</styleUrl>
      <ExtendedData>
        <Data name="type">
          <value>bar</value>
        </Data>
        <Data name="Source">
          <value>Open Street Map: http://www.openstreetmap.org.nz/</value>
        </Data>
        <Data name="Update">
          <value>21/01/2019</value>
        </Data>
        <Data name="x">
          <value>172.68042130000</value>
        </Data>
        <Data name="y">
          <value>-43.55696830000</value>
        </Data>
      </ExtendedData>
      <Point>
        <coordinates>
          172.6804213,-43.5569683,0
        </coordinates>
      </Point>
    </Placemark>
    <Placemark>
      <name>Carlton</name>
      <description><![CDATA[type: bar<br>Source: Open Street Map: http://www.openstreetmap.org.nz/<br>Update: 21/01/2019<br>x: 172.62742934000<br>y: -43.52052017140]]></description>
      <styleUrl>#icon-1577-795548</styleUrl>
      <ExtendedData>
        <Data name="type">
          <value>bar</value>
        </Data>
        <Data name="Source">
          <value>Open Street Map: http://www.openstreetmap.org.nz/</value>
        </Data>
        <Data name="Update">
          <value>21/01/2019</value>
        </Data>
        <Data name="x">
          <value>172.62742934000</value>
        </Data>
        <Data name="y">
          <value>-43.52052017140</value>
        </Data>
      </ExtendedData>
      <Point>
        <coordinates>
          172.62742934,-43.5205201714,0
        </coordinates>
      </Point>
    </Placemark>
    <Placemark>
      <name><![CDATA[Bloody Mary's]]></name>
      <description><![CDATA[type: bar<br>Source: Open Street Map: http://www.openstreetmap.org.nz/<br>Update: 21/01/2019<br>x: 172.64361235100<br>y: -43.53066572050]]></description>
      <styleUrl>#icon-1577-795548</styleUrl>
      <ExtendedData>
        <Data name="type">
          <value>bar</value>
        </Data>
        <Data name="Source">
          <value>Open Street Map: http://www.openstreetmap.org.nz/</value>
        </Data>
        <Data name="Update">
          <value>21/01/2019</value>
        </Data>
        <Data name="x">
          <value>172.64361235100</value>
        </Data>
        <Data name="y">
          <value>-43.53066572050</value>
        </Data>
      </ExtendedData>
      <Point>
        <coordinates>
          172.643612351,-43.5306657205,0
        </coordinates>
      </Point>
    </Placemark>
    <Placemark>
      <name>The Dirty Land</name>
      <description><![CDATA[type: bar<br>Source: Open Street Map: http://www.openstreetmap.org.nz/<br>Update: 21/01/2019<br>x: 172.62956961700<br>y: -43.52353507430]]></description>
      <styleUrl>#icon-1577-795548</styleUrl>
      <ExtendedData>
        <Data name="type">
          <value>bar</value>
        </Data>
        <Data name="Source">
          <value>Open Street Map: http://www.openstreetmap.org.nz/</value>
        </Data>
        <Data name="Update">
          <value>21/01/2019</value>
        </Data>
        <Data name="x">
          <value>172.62956961700</value>
        </Data>
        <Data name="y">
          <value>-43.52353507430</value>
        </Data>
      </ExtendedData>
      <Point>
        <coordinates>
          172.629569617,-43.5235350743,0
        </coordinates>
      </Point>
    </Placemark>
    <Placemark>
      <name><![CDATA[West Coast Bar & Grill]]></name>
      <description><![CDATA[type: bar<br>Source: Open Street Map: http://www.openstreetmap.org.nz/<br>Update: 21/01/2019<br>x: 172.60890899000<br>y: -43.49491966160]]></description>
      <styleUrl>#icon-1577-795548</styleUrl>
      <ExtendedData>
        <Data name="type">
          <value>bar</value>
        </Data>
        <Data name="Source">
          <value>Open Street Map: http://www.openstreetmap.org.nz/</value>
        </Data>
        <Data name="Update">
          <value>21/01/2019</value>
        </Data>
        <Data name="x">
          <value>172.60890899000</value>
        </Data>
        <Data name="y">
          <value>-43.49491966160</value>
        </Data>
      </ExtendedData>
      <Point>
        <coordinates>
          172.60890899,-43.4949196616,0
        </coordinates>
      </Point>
    </Placemark>
    <Placemark>
      <name>Space Academy / Kadett</name>
      <description><![CDATA[type: bar<br>Source: Open Street Map: http://www.openstreetmap.org.nz/<br>Update: 21/01/2019<br>x: 172.64835455000<br>y: -43.53621525000]]></description>
      <styleUrl>#icon-1577-795548</styleUrl>
      <ExtendedData>
        <Data name="type">
          <value>bar</value>
        </Data>
        <Data name="Source">
          <value>Open Street Map: http://www.openstreetmap.org.nz/</value>
        </Data>
        <Data name="Update">
          <value>21/01/2019</value>
        </Data>
        <Data name="x">
          <value>172.64835455000</value>
        </Data>
        <Data name="y">
          <value>-43.53621525000</value>
        </Data>
      </ExtendedData>
      <Point>
        <coordinates>
          172.64835455,-43.53621525,0
        </coordinates>
      </Point>
    </Placemark>
    <Placemark>
      <name>Rolly Inn and Thai Restaurant</name>
      <description><![CDATA[type: bar<br>Source: Open Street Map: http://www.openstreetmap.org.nz/<br>Update: 21/01/2019<br>x: 172.37779752900<br>y: -43.59137256220]]></description>
      <styleUrl>#icon-1577-795548</styleUrl>
      <ExtendedData>
        <Data name="type">
          <value>bar</value>
        </Data>
        <Data name="Source">
          <value>Open Street Map: http://www.openstreetmap.org.nz/</value>
        </Data>
        <Data name="Update">
          <value>21/01/2019</value>
        </Data>
        <Data name="x">
          <value>172.37779752900</value>
        </Data>
        <Data name="y">
          <value>-43.59137256220</value>
        </Data>
      </ExtendedData>
      <Point>
        <coordinates>
          172.377797529,-43.5913725622,0
        </coordinates>
      </Point>
    </Placemark>
    <Placemark>
      <name>Vesuvio</name>
      <description><![CDATA[type: bar<br>Source: Open Street Map: http://www.openstreetmap.org.nz/<br>Update: 21/01/2019<br>x: 172.62816639900<br>y: -43.52038115610]]></description>
      <styleUrl>#icon-1577-795548</styleUrl>
      <ExtendedData>
        <Data name="type">
          <value>bar</value>
        </Data>
        <Data name="Source">
          <value>Open Street Map: http://www.openstreetmap.org.nz/</value>
        </Data>
        <Data name="Update">
          <value>21/01/2019</value>
        </Data>
        <Data name="x">
          <value>172.62816639900</value>
        </Data>
        <Data name="y">
          <value>-43.52038115610</value>
        </Data>
      </ExtendedData>
      <Point>
        <coordinates>
          172.628166399,-43.5203811561,0
        </coordinates>
      </Point>
    </Placemark>
    <Placemark>
      <name>Bootleg BBQ CO.</name>
      <description><![CDATA[type: bar<br>Source: Open Street Map: http://www.openstreetmap.org.nz/<br>Update: 21/01/2019<br>x: 172.63882975000<br>y: -43.53711165000]]></description>
      <styleUrl>#icon-1577-795548</styleUrl>
      <ExtendedData>
        <Data name="type">
          <value>bar</value>
        </Data>
        <Data name="Source">
          <value>Open Street Map: http://www.openstreetmap.org.nz/</value>
        </Data>
        <Data name="Update">
          <value>21/01/2019</value>
        </Data>
        <Data name="x">
          <value>172.63882975000</value>
        </Data>
        <Data name="y">
          <value>-43.53711165000</value>
        </Data>
      </ExtendedData>
      <Point>
        <coordinates>
          172.63882975,-43.53711165,0
        </coordinates>
      </Point>
    </Placemark>
    <Placemark>
      <name>The Miller</name>
      <description><![CDATA[type: bar<br>Source: Open Street Map: http://www.openstreetmap.org.nz/<br>Update: 21/01/2019<br>x: 172.61203909800<br>y: -43.54367484970]]></description>
      <styleUrl>#icon-1577-795548</styleUrl>
      <ExtendedData>
        <Data name="type">
          <value>bar</value>
        </Data>
        <Data name="Source">
          <value>Open Street Map: http://www.openstreetmap.org.nz/</value>
        </Data>
        <Data name="Update">
          <value>21/01/2019</value>
        </Data>
        <Data name="x">
          <value>172.61203909800</value>
        </Data>
        <Data name="y">
          <value>-43.54367484970</value>
        </Data>
      </ExtendedData>
      <Point>
        <coordinates>
          172.612039098,-43.5436748497,0
        </coordinates>
      </Point>
    </Placemark>
    <Placemark>
      <name>LoneStar Cafe and Bar</name>
      <description><![CDATA[type: bar<br>Source: Open Street Map: http://www.openstreetmap.org.nz/<br>Update: 21/01/2019<br>x: 172.57464330000<br>y: -43.53157270000]]></description>
      <styleUrl>#icon-1577-795548</styleUrl>
      <ExtendedData>
        <Data name="type">
          <value>bar</value>
        </Data>
        <Data name="Source">
          <value>Open Street Map: http://www.openstreetmap.org.nz/</value>
        </Data>
        <Data name="Update">
          <value>21/01/2019</value>
        </Data>
        <Data name="x">
          <value>172.57464330000</value>
        </Data>
        <Data name="y">
          <value>-43.53157270000</value>
        </Data>
      </ExtendedData>
      <Point>
        <coordinates>
          172.5746433,-43.5315727,0
        </coordinates>
      </Point>
    </Placemark>
    <Placemark>
      <name><![CDATA[The Speight's Ale House]]></name>
      <description><![CDATA[type: bar<br>Source: Open Street Map: http://www.openstreetmap.org.nz/<br>Update: 21/01/2019<br>x: 172.64426190000<br>y: -43.52043030000]]></description>
      <styleUrl>#icon-1577-795548</styleUrl>
      <ExtendedData>
        <Data name="type">
          <value>bar</value>
        </Data>
        <Data name="Source">
          <value>Open Street Map: http://www.openstreetmap.org.nz/</value>
        </Data>
        <Data name="Update">
          <value>21/01/2019</value>
        </Data>
        <Data name="x">
          <value>172.64426190000</value>
        </Data>
        <Data name="y">
          <value>-43.52043030000</value>
        </Data>
      </ExtendedData>
      <Point>
        <coordinates>
          172.6442619,-43.5204303,0
        </coordinates>
      </Point>
    </Placemark>
    <Placemark>
      <name>The Running Bull Bar and Grill</name>
      <description><![CDATA[type: bar<br>Source: Open Street Map: http://www.openstreetmap.org.nz/<br>Update: 21/01/2019<br>x: 172.61169330000<br>y: -43.52897560000]]></description>
      <styleUrl>#icon-1577-795548</styleUrl>
      <ExtendedData>
        <Data name="type">
          <value>bar</value>
        </Data>
        <Data name="Source">
          <value>Open Street Map: http://www.openstreetmap.org.nz/</value>
        </Data>
        <Data name="Update">
          <value>21/01/2019</value>
        </Data>
        <Data name="x">
          <value>172.61169330000</value>
        </Data>
        <Data name="y">
          <value>-43.52897560000</value>
        </Data>
      </ExtendedData>
      <Point>
        <coordinates>
          172.6116933,-43.5289756,0
        </coordinates>
      </Point>
    </Placemark>
    <Placemark>
      <name/>
      <description><![CDATA[type: bar<br>Source: Open Street Map: http://www.openstreetmap.org.nz/<br>Update: 21/01/2019<br>x: 172.51251170000<br>y: -43.58112800000]]></description>
      <styleUrl>#icon-1577-795548</styleUrl>
      <ExtendedData>
        <Data name="type">
          <value>bar</value>
        </Data>
        <Data name="Source">
          <value>Open Street Map: http://www.openstreetmap.org.nz/</value>
        </Data>
        <Data name="Update">
          <value>21/01/2019</value>
        </Data>
        <Data name="x">
          <value>172.51251170000</value>
        </Data>
        <Data name="y">
          <value>-43.58112800000</value>
        </Data>
      </ExtendedData>
      <Point>
        <coordinates>
          172.5125117,-43.581128,0
        </coordinates>
      </Point>
    </Placemark>
    <Placemark>
      <name>Frendz</name>
      <description><![CDATA[type: bar<br>Source: Open Street Map: http://www.openstreetmap.org.nz/<br>Update: 21/01/2019<br>x: 172.59522230000<br>y: -43.49597960000]]></description>
      <styleUrl>#icon-1577-795548</styleUrl>
      <ExtendedData>
        <Data name="type">
          <value>bar</value>
        </Data>
        <Data name="Source">
          <value>Open Street Map: http://www.openstreetmap.org.nz/</value>
        </Data>
        <Data name="Update">
          <value>21/01/2019</value>
        </Data>
        <Data name="x">
          <value>172.59522230000</value>
        </Data>
        <Data name="y">
          <value>-43.49597960000</value>
        </Data>
      </ExtendedData>
      <Point>
        <coordinates>
          172.5952223,-43.4959796,0
        </coordinates>
      </Point>
    </Placemark>
    <Placemark>
      <name>Misceo</name>
      <description><![CDATA[type: bar<br>Source: Open Street Map: http://www.openstreetmap.org.nz/<br>Update: 21/01/2019<br>x: 172.58897140000<br>y: -43.50946010000]]></description>
      <styleUrl>#icon-1577-795548</styleUrl>
      <ExtendedData>
        <Data name="type">
          <value>bar</value>
        </Data>
        <Data name="Source">
          <value>Open Street Map: http://www.openstreetmap.org.nz/</value>
        </Data>
        <Data name="Update">
          <value>21/01/2019</value>
        </Data>
        <Data name="x">
          <value>172.58897140000</value>
        </Data>
        <Data name="y">
          <value>-43.50946010000</value>
        </Data>
      </ExtendedData>
      <Point>
        <coordinates>
          172.5889714,-43.5094601,0
        </coordinates>
      </Point>
    </Placemark>
    <Placemark>
      <name>Richmond Working Mens Club</name>
      <description><![CDATA[type: bar<br>Source: Open Street Map: http://www.openstreetmap.org.nz/<br>Update: 21/01/2019<br>x: 172.65563810000<br>y: -43.51881400000]]></description>
      <styleUrl>#icon-1577-795548</styleUrl>
      <ExtendedData>
        <Data name="type">
          <value>bar</value>
        </Data>
        <Data name="Source">
          <value>Open Street Map: http://www.openstreetmap.org.nz/</value>
        </Data>
        <Data name="Update">
          <value>21/01/2019</value>
        </Data>
        <Data name="x">
          <value>172.65563810000</value>
        </Data>
        <Data name="y">
          <value>-43.51881400000</value>
        </Data>
      </ExtendedData>
      <Point>
        <coordinates>
          172.6556381,-43.518814,0
        </coordinates>
      </Point>
    </Placemark>
    <Placemark>
      <name><![CDATA[Phoenix Bar & Cafe]]></name>
      <description><![CDATA[type: bar<br>Source: Open Street Map: http://www.openstreetmap.org.nz/<br>Update: 21/01/2019<br>x: 172.60779690000<br>y: -43.49652180000]]></description>
      <styleUrl>#icon-1577-795548</styleUrl>
      <ExtendedData>
        <Data name="type">
          <value>bar</value>
        </Data>
        <Data name="Source">
          <value>Open Street Map: http://www.openstreetmap.org.nz/</value>
        </Data>
        <Data name="Update">
          <value>21/01/2019</value>
        </Data>
        <Data name="x">
          <value>172.60779690000</value>
        </Data>
        <Data name="y">
          <value>-43.49652180000</value>
        </Data>
      </ExtendedData>
      <Point>
        <coordinates>
          172.6077969,-43.4965218,0
        </coordinates>
      </Point>
    </Placemark>
    <Placemark>
      <name>Fox and Ferret</name>
      <description><![CDATA[type: bar<br>Source: Open Street Map: http://www.openstreetmap.org.nz/<br>Update: 21/01/2019<br>x: 172.66402890000<br>y: -43.50752870000]]></description>
      <styleUrl>#icon-1577-795548</styleUrl>
      <ExtendedData>
        <Data name="type">
          <value>bar</value>
        </Data>
        <Data name="Source">
          <value>Open Street Map: http://www.openstreetmap.org.nz/</value>
        </Data>
        <Data name="Update">
          <value>21/01/2019</value>
        </Data>
        <Data name="x">
          <value>172.66402890000</value>
        </Data>
        <Data name="y">
          <value>-43.50752870000</value>
        </Data>
      </ExtendedData>
      <Point>
        <coordinates>
          172.6640289,-43.5075287,0
        </coordinates>
      </Point>
    </Placemark>
    <Placemark>
      <name>Harringtons Pub</name>
      <description><![CDATA[type: bar<br>Source: Open Street Map: http://www.openstreetmap.org.nz/<br>Update: 21/01/2019<br>x: 172.58462120000<br>y: -43.53522770000]]></description>
      <styleUrl>#icon-1577-795548</styleUrl>
      <ExtendedData>
        <Data name="type">
          <value>bar</value>
        </Data>
        <Data name="Source">
          <value>Open Street Map: http://www.openstreetmap.org.nz/</value>
        </Data>
        <Data name="Update">
          <value>21/01/2019</value>
        </Data>
        <Data name="x">
          <value>172.58462120000</value>
        </Data>
        <Data name="y">
          <value>-43.53522770000</value>
        </Data>
      </ExtendedData>
      <Point>
        <coordinates>
          172.5846212,-43.5352277,0
        </coordinates>
      </Point>
    </Placemark>
    <Placemark>
      <name>The Poplar Social Club</name>
      <description><![CDATA[type: bar<br>Source: Open Street Map: http://www.openstreetmap.org.nz/<br>Update: 21/01/2019<br>x: 172.64146310000<br>y: -43.53449790000]]></description>
      <styleUrl>#icon-1577-795548</styleUrl>
      <ExtendedData>
        <Data name="type">
          <value>bar</value>
        </Data>
        <Data name="Source">
          <value>Open Street Map: http://www.openstreetmap.org.nz/</value>
        </Data>
        <Data name="Update">
          <value>21/01/2019</value>
        </Data>
        <Data name="x">
          <value>172.64146310000</value>
        </Data>
        <Data name="y">
          <value>-43.53449790000</value>
        </Data>
      </ExtendedData>
      <Point>
        <coordinates>
          172.6414631,-43.5344979,0
        </coordinates>
      </Point>
    </Placemark>
    <Placemark>
      <name>HarBar Beach</name>
      <description><![CDATA[type: bar<br>Source: Open Street Map: http://www.openstreetmap.org.nz/<br>Update: 21/01/2019<br>x: 172.96617530000<br>y: -43.80571060000]]></description>
      <styleUrl>#icon-1577-795548</styleUrl>
      <ExtendedData>
        <Data name="type">
          <value>bar</value>
        </Data>
        <Data name="Source">
          <value>Open Street Map: http://www.openstreetmap.org.nz/</value>
        </Data>
        <Data name="Update">
          <value>21/01/2019</value>
        </Data>
        <Data name="x">
          <value>172.96617530000</value>
        </Data>
        <Data name="y">
          <value>-43.80571060000</value>
        </Data>
      </ExtendedData>
      <Point>
        <coordinates>
          172.9661753,-43.8057106,0
        </coordinates>
      </Point>
    </Placemark>
    <Placemark>
      <name><![CDATA[Micky Finn's Irish Pub]]></name>
      <description><![CDATA[type: bar<br>Source: Open Street Map: http://www.openstreetmap.org.nz/<br>Update: 21/01/2019<br>x: 172.63468550000<br>y: -43.53191600000]]></description>
      <styleUrl>#icon-1577-795548</styleUrl>
      <ExtendedData>
        <Data name="type">
          <value>bar</value>
        </Data>
        <Data name="Source">
          <value>Open Street Map: http://www.openstreetmap.org.nz/</value>
        </Data>
        <Data name="Update">
          <value>21/01/2019</value>
        </Data>
        <Data name="x">
          <value>172.63468550000</value>
        </Data>
        <Data name="y">
          <value>-43.53191600000</value>
        </Data>
      </ExtendedData>
      <Point>
        <coordinates>
          172.6346855,-43.531916,0
        </coordinates>
      </Point>
    </Placemark>
    <Placemark>
      <name>The Rockpool</name>
      <description><![CDATA[type: bar<br>Source: Open Street Map: http://www.openstreetmap.org.nz/<br>Update: 21/01/2019<br>x: 172.63452230000<br>y: -43.53191830000]]></description>
      <styleUrl>#icon-1577-795548</styleUrl>
      <ExtendedData>
        <Data name="type">
          <value>bar</value>
        </Data>
        <Data name="Source">
          <value>Open Street Map: http://www.openstreetmap.org.nz/</value>
        </Data>
        <Data name="Update">
          <value>21/01/2019</value>
        </Data>
        <Data name="x">
          <value>172.63452230000</value>
        </Data>
        <Data name="y">
          <value>-43.53191830000</value>
        </Data>
      </ExtendedData>
      <Point>
        <coordinates>
          172.6345223,-43.5319183,0
        </coordinates>
      </Point>
    </Placemark>
    <Placemark>
      <name><![CDATA[Johnny's Sausage]]></name>
      <description><![CDATA[type: bar<br>Source: Open Street Map: http://www.openstreetmap.org.nz/<br>Update: 21/01/2019<br>x: 172.63314950000<br>y: -43.52999800000]]></description>
      <styleUrl>#icon-1577-795548</styleUrl>
      <ExtendedData>
        <Data name="type">
          <value>bar</value>
        </Data>
        <Data name="Source">
          <value>Open Street Map: http://www.openstreetmap.org.nz/</value>
        </Data>
        <Data name="Update">
          <value>21/01/2019</value>
        </Data>
        <Data name="x">
          <value>172.63314950000</value>
        </Data>
        <Data name="y">
          <value>-43.52999800000</value>
        </Data>
      </ExtendedData>
      <Point>
        <coordinates>
          172.6331495,-43.529998,0
        </coordinates>
      </Point>
    </Placemark>
    <Placemark>
      <name>South Bar</name>
      <description><![CDATA[type: bar<br>Source: Open Street Map: http://www.openstreetmap.org.nz/<br>Update: 21/01/2019<br>x: 172.53921480000<br>y: -43.48801480000]]></description>
      <styleUrl>#icon-1577-795548</styleUrl>
      <ExtendedData>
        <Data name="type">
          <value>bar</value>
        </Data>
        <Data name="Source">
          <value>Open Street Map: http://www.openstreetmap.org.nz/</value>
        </Data>
        <Data name="Update">
          <value>21/01/2019</value>
        </Data>
        <Data name="x">
          <value>172.53921480000</value>
        </Data>
        <Data name="y">
          <value>-43.48801480000</value>
        </Data>
      </ExtendedData>
      <Point>
        <coordinates>
          172.5392148,-43.4880148,0
        </coordinates>
      </Point>
    </Placemark>
    <Placemark>
      <name>The Pedal Pusher</name>
      <description><![CDATA[type: bar<br>Source: Open Street Map: http://www.openstreetmap.org.nz/<br>Update: 21/01/2019<br>x: 172.61083970000<br>y: -43.54427510000]]></description>
      <styleUrl>#icon-1577-795548</styleUrl>
      <ExtendedData>
        <Data name="type">
          <value>bar</value>
        </Data>
        <Data name="Source">
          <value>Open Street Map: http://www.openstreetmap.org.nz/</value>
        </Data>
        <Data name="Update">
          <value>21/01/2019</value>
        </Data>
        <Data name="x">
          <value>172.61083970000</value>
        </Data>
        <Data name="y">
          <value>-43.54427510000</value>
        </Data>
      </ExtendedData>
      <Point>
        <coordinates>
          172.6108397,-43.5442751,0
        </coordinates>
      </Point>
    </Placemark>
    <Placemark>
      <name>Redwood Bar</name>
      <description><![CDATA[type: bar<br>Source: Open Street Map: http://www.openstreetmap.org.nz/<br>Update: 21/01/2019<br>x: 172.61866780000<br>y: -43.47459580000]]></description>
      <styleUrl>#icon-1577-795548</styleUrl>
      <ExtendedData>
        <Data name="type">
          <value>bar</value>
        </Data>
        <Data name="Source">
          <value>Open Street Map: http://www.openstreetmap.org.nz/</value>
        </Data>
        <Data name="Update">
          <value>21/01/2019</value>
        </Data>
        <Data name="x">
          <value>172.61866780000</value>
        </Data>
        <Data name="y">
          <value>-43.47459580000</value>
        </Data>
      </ExtendedData>
      <Point>
        <coordinates>
          172.6186678,-43.4745958,0
        </coordinates>
      </Point>
    </Placemark>
    <Placemark>
      <name><![CDATA[Morrell & Co.]]></name>
      <description><![CDATA[type: bar<br>Source: Open Street Map: http://www.openstreetmap.org.nz/<br>Update: 21/01/2019<br>x: 172.61072590000<br>y: -43.54434690000]]></description>
      <styleUrl>#icon-1577-795548</styleUrl>
      <ExtendedData>
        <Data name="type">
          <value>bar</value>
        </Data>
        <Data name="Source">
          <value>Open Street Map: http://www.openstreetmap.org.nz/</value>
        </Data>
        <Data name="Update">
          <value>21/01/2019</value>
        </Data>
        <Data name="x">
          <value>172.61072590000</value>
        </Data>
        <Data name="y">
          <value>-43.54434690000</value>
        </Data>
      </ExtendedData>
      <Point>
        <coordinates>
          172.6107259,-43.5443469,0
        </coordinates>
      </Point>
    </Placemark>
    <Placemark>
      <name><![CDATA[Burgers & Beers Inc.]]></name>
      <description><![CDATA[type: bar<br>Source: Open Street Map: http://www.openstreetmap.org.nz/<br>Update: 21/01/2019<br>x: 172.63652570000<br>y: -43.54667420000]]></description>
      <styleUrl>#icon-1577-795548</styleUrl>
      <ExtendedData>
        <Data name="type">
          <value>bar</value>
        </Data>
        <Data name="Source">
          <value>Open Street Map: http://www.openstreetmap.org.nz/</value>
        </Data>
        <Data name="Update">
          <value>21/01/2019</value>
        </Data>
        <Data name="x">
          <value>172.63652570000</value>
        </Data>
        <Data name="y">
          <value>-43.54667420000</value>
        </Data>
      </ExtendedData>
      <Point>
        <coordinates>
          172.6365257,-43.5466742,0
        </coordinates>
      </Point>
    </Placemark>
    <Placemark>
      <name><![CDATA[Celine's]]></name>
      <description><![CDATA[type: bar<br>Source: Open Street Map: http://www.openstreetmap.org.nz/<br>Update: 21/01/2019<br>x: 172.63996660000<br>y: -43.53703520000]]></description>
      <styleUrl>#icon-1577-795548</styleUrl>
      <ExtendedData>
        <Data name="type">
          <value>bar</value>
        </Data>
        <Data name="Source">
          <value>Open Street Map: http://www.openstreetmap.org.nz/</value>
        </Data>
        <Data name="Update">
          <value>21/01/2019</value>
        </Data>
        <Data name="x">
          <value>172.63996660000</value>
        </Data>
        <Data name="y">
          <value>-43.53703520000</value>
        </Data>
      </ExtendedData>
      <Point>
        <coordinates>
          172.6399666,-43.5370352,0
        </coordinates>
      </Point>
    </Placemark>
    <Placemark>
      <name>The Cuban</name>
      <description><![CDATA[type: bar<br>Source: Open Street Map: http://www.openstreetmap.org.nz/<br>Update: 21/01/2019<br>x: 172.64049830000<br>y: -43.53650980000]]></description>
      <styleUrl>#icon-1577-795548</styleUrl>
      <ExtendedData>
        <Data name="type">
          <value>bar</value>
        </Data>
        <Data name="Source">
          <value>Open Street Map: http://www.openstreetmap.org.nz/</value>
        </Data>
        <Data name="Update">
          <value>21/01/2019</value>
        </Data>
        <Data name="x">
          <value>172.64049830000</value>
        </Data>
        <Data name="y">
          <value>-43.53650980000</value>
        </Data>
      </ExtendedData>
      <Point>
        <coordinates>
          172.6404983,-43.5365098,0
        </coordinates>
      </Point>
    </Placemark>
    <Placemark>
      <name>Pot Sticker</name>
      <description><![CDATA[type: bar<br>Source: Open Street Map: http://www.openstreetmap.org.nz/<br>Update: 21/01/2019<br>x: 172.64143450000<br>y: -43.53432350000]]></description>
      <styleUrl>#icon-1577-795548</styleUrl>
      <ExtendedData>
        <Data name="type">
          <value>bar</value>
        </Data>
        <Data name="Source">
          <value>Open Street Map: http://www.openstreetmap.org.nz/</value>
        </Data>
        <Data name="Update">
          <value>21/01/2019</value>
        </Data>
        <Data name="x">
          <value>172.64143450000</value>
        </Data>
        <Data name="y">
          <value>-43.53432350000</value>
        </Data>
      </ExtendedData>
      <Point>
        <coordinates>
          172.6414345,-43.5343235,0
        </coordinates>
      </Point>
    </Placemark>
    <Placemark>
      <name>Stock Xchange</name>
      <description><![CDATA[type: bar<br>Source: Open Street Map: http://www.openstreetmap.org.nz/<br>Update: 21/01/2019<br>x: 172.63952060000<br>y: -43.53278880000]]></description>
      <styleUrl>#icon-1577-795548</styleUrl>
      <ExtendedData>
        <Data name="type">
          <value>bar</value>
        </Data>
        <Data name="Source">
          <value>Open Street Map: http://www.openstreetmap.org.nz/</value>
        </Data>
        <Data name="Update">
          <value>21/01/2019</value>
        </Data>
        <Data name="x">
          <value>172.63952060000</value>
        </Data>
        <Data name="y">
          <value>-43.53278880000</value>
        </Data>
      </ExtendedData>
      <Point>
        <coordinates>
          172.6395206,-43.5327888,0
        </coordinates>
      </Point>
    </Placemark>
    <Placemark>
      <name>The Running Bull</name>
      <description><![CDATA[type: bar<br>Source: Open Street Map: http://www.openstreetmap.org.nz/<br>Update: 21/01/2019<br>x: 172.61206820000<br>y: -43.52902430000]]></description>
      <styleUrl>#icon-1577-795548</styleUrl>
      <ExtendedData>
        <Data name="type">
          <value>bar</value>
        </Data>
        <Data name="Source">
          <value>Open Street Map: http://www.openstreetmap.org.nz/</value>
        </Data>
        <Data name="Update">
          <value>21/01/2019</value>
        </Data>
        <Data name="x">
          <value>172.61206820000</value>
        </Data>
        <Data name="y">
          <value>-43.52902430000</value>
        </Data>
      </ExtendedData>
      <Point>
        <coordinates>
          172.6120682,-43.5290243,0
        </coordinates>
      </Point>
    </Placemark>
    <Placemark>
      <name>Belgian Beer Cafe Torenhof</name>
      <description><![CDATA[type: bar<br>Source: Open Street Map: http://www.openstreetmap.org.nz/<br>Update: 21/01/2019<br>x: 172.63466600000<br>y: -43.54644040000]]></description>
      <styleUrl>#icon-1577-795548</styleUrl>
      <ExtendedData>
        <Data name="type">
          <value>bar</value>
        </Data>
        <Data name="Source">
          <value>Open Street Map: http://www.openstreetmap.org.nz/</value>
        </Data>
        <Data name="Update">
          <value>21/01/2019</value>
        </Data>
        <Data name="x">
          <value>172.63466600000</value>
        </Data>
        <Data name="y">
          <value>-43.54644040000</value>
        </Data>
      </ExtendedData>
      <Point>
        <coordinates>
          172.634666,-43.5464404,0
        </coordinates>
      </Point>
    </Placemark>
    <Placemark>
      <name>Dux Central</name>
      <description><![CDATA[type: bar<br>Source: Open Street Map: http://www.openstreetmap.org.nz/<br>Update: 21/01/2019<br>x: 172.64150900000<br>y: -43.53463080000]]></description>
      <styleUrl>#icon-1577-795548</styleUrl>
      <ExtendedData>
        <Data name="type">
          <value>bar</value>
        </Data>
        <Data name="Source">
          <value>Open Street Map: http://www.openstreetmap.org.nz/</value>
        </Data>
        <Data name="Update">
          <value>21/01/2019</value>
        </Data>
        <Data name="x">
          <value>172.64150900000</value>
        </Data>
        <Data name="y">
          <value>-43.53463080000</value>
        </Data>
      </ExtendedData>
      <Point>
        <coordinates>
          172.641509,-43.5346308,0
        </coordinates>
      </Point>
    </Placemark>
    <Placemark>
      <name>Whet</name>
      <description><![CDATA[type: bar<br>Source: Open Street Map: http://www.openstreetmap.org.nz/<br>Update: 21/01/2019<br>x: 172.63287550000<br>y: -43.53022570000]]></description>
      <styleUrl>#icon-1577-795548</styleUrl>
      <ExtendedData>
        <Data name="type">
          <value>bar</value>
        </Data>
        <Data name="Source">
          <value>Open Street Map: http://www.openstreetmap.org.nz/</value>
        </Data>
        <Data name="Update">
          <value>21/01/2019</value>
        </Data>
        <Data name="x">
          <value>172.63287550000</value>
        </Data>
        <Data name="y">
          <value>-43.53022570000</value>
        </Data>
      </ExtendedData>
      <Point>
        <coordinates>
          172.6328755,-43.5302257,0
        </coordinates>
      </Point>
    </Placemark>
    <Placemark>
      <name>Club 606</name>
      <description><![CDATA[type: bar<br>Source: Open Street Map: http://www.openstreetmap.org.nz/<br>Update: 21/01/2019<br>x: 172.68224510000<br>y: -43.54913280000]]></description>
      <styleUrl>#icon-1577-795548</styleUrl>
      <ExtendedData>
        <Data name="type">
          <value>bar</value>
        </Data>
        <Data name="Source">
          <value>Open Street Map: http://www.openstreetmap.org.nz/</value>
        </Data>
        <Data name="Update">
          <value>21/01/2019</value>
        </Data>
        <Data name="x">
          <value>172.68224510000</value>
        </Data>
        <Data name="y">
          <value>-43.54913280000</value>
        </Data>
      </ExtendedData>
      <Point>
        <coordinates>
          172.6822451,-43.5491328,0
        </coordinates>
      </Point>
    </Placemark>
    <Placemark>
      <name>Mish Mash</name>
      <description><![CDATA[type: bar<br>Source: Open Street Map: http://www.openstreetmap.org.nz/<br>Update: 21/01/2019<br>x: 172.63946050000<br>y: -43.53651030000]]></description>
      <styleUrl>#icon-1577-795548</styleUrl>
      <ExtendedData>
        <Data name="type">
          <value>bar</value>
        </Data>
        <Data name="Source">
          <value>Open Street Map: http://www.openstreetmap.org.nz/</value>
        </Data>
        <Data name="Update">
          <value>21/01/2019</value>
        </Data>
        <Data name="x">
          <value>172.63946050000</value>
        </Data>
        <Data name="y">
          <value>-43.53651030000</value>
        </Data>
      </ExtendedData>
      <Point>
        <coordinates>
          172.6394605,-43.5365103,0
        </coordinates>
      </Point>
    </Placemark>
    <Placemark>
      <name>The Bach</name>
      <description><![CDATA[type: bar<br>Source: Open Street Map: http://www.openstreetmap.org.nz/<br>Update: 21/01/2019<br>x: 172.96775660000<br>y: -43.80454280000]]></description>
      <styleUrl>#icon-1577-795548</styleUrl>
      <ExtendedData>
        <Data name="type">
          <value>bar</value>
        </Data>
        <Data name="Source">
          <value>Open Street Map: http://www.openstreetmap.org.nz/</value>
        </Data>
        <Data name="Update">
          <value>21/01/2019</value>
        </Data>
        <Data name="x">
          <value>172.96775660000</value>
        </Data>
        <Data name="y">
          <value>-43.80454280000</value>
        </Data>
      </ExtendedData>
      <Point>
        <coordinates>
          172.9677566,-43.8045428,0
        </coordinates>
      </Point>
    </Placemark>
    <Placemark>
      <name>The Shilling Club</name>
      <description><![CDATA[type: bar<br>Source: Open Street Map: http://www.openstreetmap.org.nz/<br>Update: 21/01/2019<br>x: 172.58260000000<br>y: -43.52345830000]]></description>
      <styleUrl>#icon-1577-795548</styleUrl>
      <ExtendedData>
        <Data name="type">
          <value>bar</value>
        </Data>
        <Data name="Source">
          <value>Open Street Map: http://www.openstreetmap.org.nz/</value>
        </Data>
        <Data name="Update">
          <value>21/01/2019</value>
        </Data>
        <Data name="x">
          <value>172.58260000000</value>
        </Data>
        <Data name="y">
          <value>-43.52345830000</value>
        </Data>
      </ExtendedData>
      <Point>
        <coordinates>
          172.5826,-43.5234583,0
        </coordinates>
      </Point>
    </Placemark>
    <Placemark>
      <name>Vespa</name>
      <description><![CDATA[type: bar<br>Source: Open Street Map: http://www.openstreetmap.org.nz/<br>Update: 21/01/2019<br>x: 172.63900660000<br>y: -43.53399760000]]></description>
      <styleUrl>#icon-1577-795548</styleUrl>
      <ExtendedData>
        <Data name="type">
          <value>bar</value>
        </Data>
        <Data name="Source">
          <value>Open Street Map: http://www.openstreetmap.org.nz/</value>
        </Data>
        <Data name="Update">
          <value>21/01/2019</value>
        </Data>
        <Data name="x">
          <value>172.63900660000</value>
        </Data>
        <Data name="y">
          <value>-43.53399760000</value>
        </Data>
      </ExtendedData>
      <Point>
        <coordinates>
          172.6390066,-43.5339976,0
        </coordinates>
      </Point>
    </Placemark>
    <Placemark>
      <name>Nucleus</name>
      <description><![CDATA[type: bar<br>Source: Open Street Map: http://www.openstreetmap.org.nz/<br>Update: 21/01/2019<br>x: 172.63910790000<br>y: -43.53400440000]]></description>
      <styleUrl>#icon-1577-795548</styleUrl>
      <ExtendedData>
        <Data name="type">
          <value>bar</value>
        </Data>
        <Data name="Source">
          <value>Open Street Map: http://www.openstreetmap.org.nz/</value>
        </Data>
        <Data name="Update">
          <value>21/01/2019</value>
        </Data>
        <Data name="x">
          <value>172.63910790000</value>
        </Data>
        <Data name="y">
          <value>-43.53400440000</value>
        </Data>
      </ExtendedData>
      <Point>
        <coordinates>
          172.6391079,-43.5340044,0
        </coordinates>
      </Point>
    </Placemark>
    <Placemark>
      <name><![CDATA[Strange & Co]]></name>
      <description><![CDATA[type: bar<br>Source: Open Street Map: http://www.openstreetmap.org.nz/<br>Update: 21/01/2019<br>x: 172.63898880000<br>y: -43.53407440000]]></description>
      <styleUrl>#icon-1577-795548</styleUrl>
      <ExtendedData>
        <Data name="type">
          <value>bar</value>
        </Data>
        <Data name="Source">
          <value>Open Street Map: http://www.openstreetmap.org.nz/</value>
        </Data>
        <Data name="Update">
          <value>21/01/2019</value>
        </Data>
        <Data name="x">
          <value>172.63898880000</value>
        </Data>
        <Data name="y">
          <value>-43.53407440000</value>
        </Data>
      </ExtendedData>
      <Point>
        <coordinates>
          172.6389888,-43.5340744,0
        </coordinates>
      </Point>
    </Placemark>
    <Placemark>
      <name><![CDATA[Fat Eddie's]]></name>
      <description><![CDATA[type: bar<br>Source: Open Street Map: http://www.openstreetmap.org.nz/<br>Update: 21/01/2019<br>x: 172.63403690000<br>y: -43.53231900000]]></description>
      <styleUrl>#icon-1577-795548</styleUrl>
      <ExtendedData>
        <Data name="type">
          <value>bar</value>
        </Data>
        <Data name="Source">
          <value>Open Street Map: http://www.openstreetmap.org.nz/</value>
        </Data>
        <Data name="Update">
          <value>21/01/2019</value>
        </Data>
        <Data name="x">
          <value>172.63403690000</value>
        </Data>
        <Data name="y">
          <value>-43.53231900000</value>
        </Data>
      </ExtendedData>
      <Point>
        <coordinates>
          172.6340369,-43.532319,0
        </coordinates>
      </Point>
    </Placemark>
    <Placemark>
      <name>Moon Under Water</name>
      <description><![CDATA[type: bar<br>Source: Open Street Map: http://www.openstreetmap.org.nz/<br>Update: 21/01/2019<br>x: 172.63650880000<br>y: -43.55734150000]]></description>
      <styleUrl>#icon-1577-795548</styleUrl>
      <ExtendedData>
        <Data name="type">
          <value>bar</value>
        </Data>
        <Data name="Source">
          <value>Open Street Map: http://www.openstreetmap.org.nz/</value>
        </Data>
        <Data name="Update">
          <value>21/01/2019</value>
        </Data>
        <Data name="x">
          <value>172.63650880000</value>
        </Data>
        <Data name="y">
          <value>-43.55734150000</value>
        </Data>
      </ExtendedData>
      <Point>
        <coordinates>
          172.6365088,-43.5573415,0
        </coordinates>
      </Point>
    </Placemark>
    <Placemark>
      <name>blax</name>
      <description><![CDATA[type: bar<br>Source: Open Street Map: http://www.openstreetmap.org.nz/<br>Update: 21/01/2019<br>x: 172.63003080000<br>y: -43.52325610000]]></description>
      <styleUrl>#icon-1577-795548</styleUrl>
      <ExtendedData>
        <Data name="type">
          <value>bar</value>
        </Data>
        <Data name="Source">
          <value>Open Street Map: http://www.openstreetmap.org.nz/</value>
        </Data>
        <Data name="Update">
          <value>21/01/2019</value>
        </Data>
        <Data name="x">
          <value>172.63003080000</value>
        </Data>
        <Data name="y">
          <value>-43.52325610000</value>
        </Data>
      </ExtendedData>
      <Point>
        <coordinates>
          172.6300308,-43.5232561,0
        </coordinates>
      </Point>
    </Placemark>
    <Placemark>
      <name>Koru Lounge</name>
      <description><![CDATA[type: bar<br>Source: Open Street Map: http://www.openstreetmap.org.nz/<br>Update: 21/01/2019<br>x: 172.53861460000<br>y: -43.48888660000]]></description>
      <styleUrl>#icon-1577-795548</styleUrl>
      <ExtendedData>
        <Data name="type">
          <value>bar</value>
        </Data>
        <Data name="Source">
          <value>Open Street Map: http://www.openstreetmap.org.nz/</value>
        </Data>
        <Data name="Update">
          <value>21/01/2019</value>
        </Data>
        <Data name="x">
          <value>172.53861460000</value>
        </Data>
        <Data name="y">
          <value>-43.48888660000</value>
        </Data>
      </ExtendedData>
      <Point>
        <coordinates>
          172.5386146,-43.4888866,0
        </coordinates>
      </Point>
    </Placemark>
    <Placemark>
      <name>Kong</name>
      <description><![CDATA[type: bar<br>Source: Open Street Map: http://www.openstreetmap.org.nz/<br>Update: 21/01/2019<br>x: 172.63403060000<br>y: -43.53225080000]]></description>
      <styleUrl>#icon-1577-795548</styleUrl>
      <ExtendedData>
        <Data name="type">
          <value>bar</value>
        </Data>
        <Data name="Source">
          <value>Open Street Map: http://www.openstreetmap.org.nz/</value>
        </Data>
        <Data name="Update">
          <value>21/01/2019</value>
        </Data>
        <Data name="x">
          <value>172.63403060000</value>
        </Data>
        <Data name="y">
          <value>-43.53225080000</value>
        </Data>
      </ExtendedData>
      <Point>
        <coordinates>
          172.6340306,-43.5322508,0
        </coordinates>
      </Point>
    </Placemark>
    <Placemark>
      <name>The Slate Room</name>
      <description><![CDATA[type: bar<br>Source: Open Street Map: http://www.openstreetmap.org.nz/<br>Update: 21/01/2019<br>x: 172.64213590000<br>y: -43.53436350000]]></description>
      <styleUrl>#icon-1577-795548</styleUrl>
      <ExtendedData>
        <Data name="type">
          <value>bar</value>
        </Data>
        <Data name="Source">
          <value>Open Street Map: http://www.openstreetmap.org.nz/</value>
        </Data>
        <Data name="Update">
          <value>21/01/2019</value>
        </Data>
        <Data name="x">
          <value>172.64213590000</value>
        </Data>
        <Data name="y">
          <value>-43.53436350000</value>
        </Data>
      </ExtendedData>
      <Point>
        <coordinates>
          172.6421359,-43.5343635,0
        </coordinates>
      </Point>
    </Placemark>
    <Placemark>
      <name>Black Beech Wine Bar</name>
      <description><![CDATA[type: bar<br>Source: Open Street Map: http://www.openstreetmap.org.nz/<br>Update: 21/01/2019<br>x: 172.19245830000<br>y: -43.29779360000]]></description>
      <styleUrl>#icon-1577-795548</styleUrl>
      <ExtendedData>
        <Data name="type">
          <value>bar</value>
        </Data>
        <Data name="Source">
          <value>Open Street Map: http://www.openstreetmap.org.nz/</value>
        </Data>
        <Data name="Update">
          <value>21/01/2019</value>
        </Data>
        <Data name="x">
          <value>172.19245830000</value>
        </Data>
        <Data name="y">
          <value>-43.29779360000</value>
        </Data>
      </ExtendedData>
      <Point>
        <coordinates>
          172.1924583,-43.2977936,0
        </coordinates>
      </Point>
    </Placemark>
    <Placemark>
      <name>The Platform</name>
      <description><![CDATA[type: bar<br>Source: Open Street Map: http://www.openstreetmap.org.nz/<br>Update: 21/01/2019<br>x: 172.53555460000<br>y: -43.37997750000]]></description>
      <styleUrl>#icon-1577-795548</styleUrl>
      <ExtendedData>
        <Data name="type">
          <value>bar</value>
        </Data>
        <Data name="Source">
          <value>Open Street Map: http://www.openstreetmap.org.nz/</value>
        </Data>
        <Data name="Update">
          <value>21/01/2019</value>
        </Data>
        <Data name="x">
          <value>172.53555460000</value>
        </Data>
        <Data name="y">
          <value>-43.37997750000</value>
        </Data>
      </ExtendedData>
      <Point>
        <coordinates>
          172.5355546,-43.3799775,0
        </coordinates>
      </Point>
    </Placemark>
    <Placemark>
      <name>Pierside Cafe and Bar</name>
      <description><![CDATA[type: bar<br>Source: Open Street Map: http://www.openstreetmap.org.nz/<br>Update: 21/01/2019<br>x: 172.73073170000<br>y: -43.50714020000]]></description>
      <styleUrl>#icon-1577-795548</styleUrl>
      <ExtendedData>
        <Data name="type">
          <value>bar</value>
        </Data>
        <Data name="Source">
          <value>Open Street Map: http://www.openstreetmap.org.nz/</value>
        </Data>
        <Data name="Update">
          <value>21/01/2019</value>
        </Data>
        <Data name="x">
          <value>172.73073170000</value>
        </Data>
        <Data name="y">
          <value>-43.50714020000</value>
        </Data>
      </ExtendedData>
      <Point>
        <coordinates>
          172.7307317,-43.5071402,0
        </coordinates>
      </Point>
    </Placemark>
    <Placemark>
      <name>The Wave</name>
      <description><![CDATA[type: bar<br>Source: Open Street Map: http://www.openstreetmap.org.nz/<br>Update: 21/01/2019<br>x: 172.73064850000<br>y: -43.50685230000]]></description>
      <styleUrl>#icon-1577-795548</styleUrl>
      <ExtendedData>
        <Data name="type">
          <value>bar</value>
        </Data>
        <Data name="Source">
          <value>Open Street Map: http://www.openstreetmap.org.nz/</value>
        </Data>
        <Data name="Update">
          <value>21/01/2019</value>
        </Data>
        <Data name="x">
          <value>172.73064850000</value>
        </Data>
        <Data name="y">
          <value>-43.50685230000</value>
        </Data>
      </ExtendedData>
      <Point>
        <coordinates>
          172.7306485,-43.5068523,0
        </coordinates>
      </Point>
    </Placemark>
    <Placemark>
      <name><![CDATA[O.G.B Bar & Cafe]]></name>
      <description><![CDATA[type: bar<br>Source: Open Street Map: http://www.openstreetmap.org.nz/<br>Update: 21/01/2019<br>x: 172.63806320000<br>y: -43.53113750000]]></description>
      <styleUrl>#icon-1577-795548</styleUrl>
      <ExtendedData>
        <Data name="type">
          <value>bar</value>
        </Data>
        <Data name="Source">
          <value>Open Street Map: http://www.openstreetmap.org.nz/</value>
        </Data>
        <Data name="Update">
          <value>21/01/2019</value>
        </Data>
        <Data name="x">
          <value>172.63806320000</value>
        </Data>
        <Data name="y">
          <value>-43.53113750000</value>
        </Data>
      </ExtendedData>
      <Point>
        <coordinates>
          172.6380632,-43.5311375,0
        </coordinates>
      </Point>
    </Placemark>
    <Placemark>
      <name>Not Without You</name>
      <description><![CDATA[type: bar<br>Source: Open Street Map: http://www.openstreetmap.org.nz/<br>Update: 21/01/2019<br>x: 172.64072000000<br>y: -43.53563370000]]></description>
      <styleUrl>#icon-1577-795548</styleUrl>
      <ExtendedData>
        <Data name="type">
          <value>bar</value>
        </Data>
        <Data name="Source">
          <value>Open Street Map: http://www.openstreetmap.org.nz/</value>
        </Data>
        <Data name="Update">
          <value>21/01/2019</value>
        </Data>
        <Data name="x">
          <value>172.64072000000</value>
        </Data>
        <Data name="y">
          <value>-43.53563370000</value>
        </Data>
      </ExtendedData>
      <Point>
        <coordinates>
          172.64072,-43.5356337,0
        </coordinates>
      </Point>
    </Placemark>
    <Placemark>
      <name>La Boucherie du Village</name>
      <description><![CDATA[type: butcher<br>Source: Open Street Map: http://www.openstreetmap.org.nz/<br>Update: 21/01/2019<br>x: 172.96769116000<br>y: -43.80472426150]]></description>
      <styleUrl>#icon-1577-795548</styleUrl>
      <ExtendedData>
        <Data name="type">
          <value>butcher</value>
        </Data>
        <Data name="Source">
          <value>Open Street Map: http://www.openstreetmap.org.nz/</value>
        </Data>
        <Data name="Update">
          <value>21/01/2019</value>
        </Data>
        <Data name="x">
          <value>172.96769116000</value>
        </Data>
        <Data name="y">
          <value>-43.80472426150</value>
        </Data>
      </ExtendedData>
      <Point>
        <coordinates>
          172.96769116,-43.8047242615,0
        </coordinates>
      </Point>
    </Placemark>
    <Placemark>
      <name>Redcliffs Butchery</name>
      <description><![CDATA[type: butcher<br>Source: Open Street Map: http://www.openstreetmap.org.nz/<br>Update: 21/01/2019<br>x: 172.73847770600<br>y: -43.56142215950]]></description>
      <styleUrl>#icon-1577-795548</styleUrl>
      <ExtendedData>
        <Data name="type">
          <value>butcher</value>
        </Data>
        <Data name="Source">
          <value>Open Street Map: http://www.openstreetmap.org.nz/</value>
        </Data>
        <Data name="Update">
          <value>21/01/2019</value>
        </Data>
        <Data name="x">
          <value>172.73847770600</value>
        </Data>
        <Data name="y">
          <value>-43.56142215950</value>
        </Data>
      </ExtendedData>
      <Point>
        <coordinates>
          172.738477706,-43.5614221595,0
        </coordinates>
      </Point>
    </Placemark>
    <Placemark>
      <name/>
      <description><![CDATA[type: butcher<br>Source: Open Street Map: http://www.openstreetmap.org.nz/<br>Update: 21/01/2019<br>x: 172.19280771600<br>y: -43.29769062950]]></description>
      <styleUrl>#icon-1577-795548</styleUrl>
      <ExtendedData>
        <Data name="type">
          <value>butcher</value>
        </Data>
        <Data name="Source">
          <value>Open Street Map: http://www.openstreetmap.org.nz/</value>
        </Data>
        <Data name="Update">
          <value>21/01/2019</value>
        </Data>
        <Data name="x">
          <value>172.19280771600</value>
        </Data>
        <Data name="y">
          <value>-43.29769062950</value>
        </Data>
      </ExtendedData>
      <Point>
        <coordinates>
          172.192807716,-43.2976906295,0
        </coordinates>
      </Point>
    </Placemark>
    <Placemark>
      <name>Mad Butchers</name>
      <description><![CDATA[type: butcher<br>Source: Open Street Map: http://www.openstreetmap.org.nz/<br>Update: 21/01/2019<br>x: 172.58866305600<br>y: -43.53871542270]]></description>
      <styleUrl>#icon-1577-795548</styleUrl>
      <ExtendedData>
        <Data name="type">
          <value>butcher</value>
        </Data>
        <Data name="Source">
          <value>Open Street Map: http://www.openstreetmap.org.nz/</value>
        </Data>
        <Data name="Update">
          <value>21/01/2019</value>
        </Data>
        <Data name="x">
          <value>172.58866305600</value>
        </Data>
        <Data name="y">
          <value>-43.53871542270</value>
        </Data>
      </ExtendedData>
      <Point>
        <coordinates>
          172.588663056,-43.5387154227,0
        </coordinates>
      </Point>
    </Placemark>
    <Placemark>
      <name>Peter Timbs Meats</name>
      <description><![CDATA[type: butcher<br>Source: Open Street Map: http://www.openstreetmap.org.nz/<br>Update: 21/01/2019<br>x: 172.63733770000<br>y: -43.51354300000]]></description>
      <styleUrl>#icon-1577-795548</styleUrl>
      <ExtendedData>
        <Data name="type">
          <value>butcher</value>
        </Data>
        <Data name="Source">
          <value>Open Street Map: http://www.openstreetmap.org.nz/</value>
        </Data>
        <Data name="Update">
          <value>21/01/2019</value>
        </Data>
        <Data name="x">
          <value>172.63733770000</value>
        </Data>
        <Data name="y">
          <value>-43.51354300000</value>
        </Data>
      </ExtendedData>
      <Point>
        <coordinates>
          172.6373377,-43.513543,0
        </coordinates>
      </Point>
    </Placemark>
    <Placemark>
      <name>Traiteur Express</name>
      <description><![CDATA[type: butcher<br>Source: Open Street Map: http://www.openstreetmap.org.nz/<br>Update: 21/01/2019<br>x: 172.63730070000<br>y: -43.54911170000]]></description>
      <styleUrl>#icon-1577-795548</styleUrl>
      <ExtendedData>
        <Data name="type">
          <value>butcher</value>
        </Data>
        <Data name="Source">
          <value>Open Street Map: http://www.openstreetmap.org.nz/</value>
        </Data>
        <Data name="Update">
          <value>21/01/2019</value>
        </Data>
        <Data name="x">
          <value>172.63730070000</value>
        </Data>
        <Data name="y">
          <value>-43.54911170000</value>
        </Data>
      </ExtendedData>
      <Point>
        <coordinates>
          172.6373007,-43.5491117,0
        </coordinates>
      </Point>
    </Placemark>
    <Placemark>
      <name>Cashmere Cuisine</name>
      <description><![CDATA[type: butcher<br>Source: Open Street Map: http://www.openstreetmap.org.nz/<br>Update: 21/01/2019<br>x: 172.63571710000<br>y: -43.56690940000]]></description>
      <styleUrl>#icon-1577-795548</styleUrl>
      <ExtendedData>
        <Data name="type">
          <value>butcher</value>
        </Data>
        <Data name="Source">
          <value>Open Street Map: http://www.openstreetmap.org.nz/</value>
        </Data>
        <Data name="Update">
          <value>21/01/2019</value>
        </Data>
        <Data name="x">
          <value>172.63571710000</value>
        </Data>
        <Data name="y">
          <value>-43.56690940000</value>
        </Data>
      </ExtendedData>
      <Point>
        <coordinates>
          172.6357171,-43.5669094,0
        </coordinates>
      </Point>
    </Placemark>
    <Placemark>
      <name/>
      <description><![CDATA[type: butcher<br>Source: Open Street Map: http://www.openstreetmap.org.nz/<br>Update: 21/01/2019<br>x: 172.48385190000<br>y: -43.64046960000]]></description>
      <styleUrl>#icon-1577-795548</styleUrl>
      <ExtendedData>
        <Data name="type">
          <value>butcher</value>
        </Data>
        <Data name="Source">
          <value>Open Street Map: http://www.openstreetmap.org.nz/</value>
        </Data>
        <Data name="Update">
          <value>21/01/2019</value>
        </Data>
        <Data name="x">
          <value>172.48385190000</value>
        </Data>
        <Data name="y">
          <value>-43.64046960000</value>
        </Data>
      </ExtendedData>
      <Point>
        <coordinates>
          172.4838519,-43.6404696,0
        </coordinates>
      </Point>
    </Placemark>
    <Placemark>
      <name>Banfields of Beckenham Butcher</name>
      <description><![CDATA[type: butcher<br>Source: Open Street Map: http://www.openstreetmap.org.nz/<br>Update: 21/01/2019<br>x: 172.63745340000<br>y: -43.55778780000]]></description>
      <styleUrl>#icon-1577-795548</styleUrl>
      <ExtendedData>
        <Data name="type">
          <value>butcher</value>
        </Data>
        <Data name="Source">
          <value>Open Street Map: http://www.openstreetmap.org.nz/</value>
        </Data>
        <Data name="Update">
          <value>21/01/2019</value>
        </Data>
        <Data name="x">
          <value>172.63745340000</value>
        </Data>
        <Data name="y">
          <value>-43.55778780000</value>
        </Data>
      </ExtendedData>
      <Point>
        <coordinates>
          172.6374534,-43.5577878,0
        </coordinates>
      </Point>
    </Placemark>
    <Placemark>
      <name>Rangiora Fresh Meats</name>
      <description><![CDATA[type: butcher<br>Source: Open Street Map: http://www.openstreetmap.org.nz/<br>Update: 21/01/2019<br>x: 172.59583740000<br>y: -43.30316700000]]></description>
      <styleUrl>#icon-1577-795548</styleUrl>
      <ExtendedData>
        <Data name="type">
          <value>butcher</value>
        </Data>
        <Data name="Source">
          <value>Open Street Map: http://www.openstreetmap.org.nz/</value>
        </Data>
        <Data name="Update">
          <value>21/01/2019</value>
        </Data>
        <Data name="x">
          <value>172.59583740000</value>
        </Data>
        <Data name="y">
          <value>-43.30316700000</value>
        </Data>
      </ExtendedData>
      <Point>
        <coordinates>
          172.5958374,-43.303167,0
        </coordinates>
      </Point>
    </Placemark>
    <Placemark>
      <name/>
      <description><![CDATA[type: butcher<br>Source: Open Street Map: http://www.openstreetmap.org.nz/<br>Update: 21/01/2019<br>x: 172.57182380000<br>y: -43.51653390000]]></description>
      <styleUrl>#icon-1577-795548</styleUrl>
      <ExtendedData>
        <Data name="type">
          <value>butcher</value>
        </Data>
        <Data name="Source">
          <value>Open Street Map: http://www.openstreetmap.org.nz/</value>
        </Data>
        <Data name="Update">
          <value>21/01/2019</value>
        </Data>
        <Data name="x">
          <value>172.57182380000</value>
        </Data>
        <Data name="y">
          <value>-43.51653390000</value>
        </Data>
      </ExtendedData>
      <Point>
        <coordinates>
          172.5718238,-43.5165339,0
        </coordinates>
      </Point>
    </Placemark>
    <Placemark>
      <name><![CDATA[Everybody's Butchery]]></name>
      <description><![CDATA[type: butcher<br>Source: Open Street Map: http://www.openstreetmap.org.nz/<br>Update: 21/01/2019<br>x: 172.62194890000<br>y: -43.54546010000]]></description>
      <styleUrl>#icon-1577-795548</styleUrl>
      <ExtendedData>
        <Data name="type">
          <value>butcher</value>
        </Data>
        <Data name="Source">
          <value>Open Street Map: http://www.openstreetmap.org.nz/</value>
        </Data>
        <Data name="Update">
          <value>21/01/2019</value>
        </Data>
        <Data name="x">
          <value>172.62194890000</value>
        </Data>
        <Data name="y">
          <value>-43.54546010000</value>
        </Data>
      </ExtendedData>
      <Point>
        <coordinates>
          172.6219489,-43.5454601,0
        </coordinates>
      </Point>
    </Placemark>
    <Placemark>
      <name>Mad Butcher Shirley</name>
      <description><![CDATA[type: butcher<br>Source: Open Street Map: http://www.openstreetmap.org.nz/<br>Update: 21/01/2019<br>x: 172.65229530000<br>y: -43.50873840000]]></description>
      <styleUrl>#icon-1577-795548</styleUrl>
      <ExtendedData>
        <Data name="type">
          <value>butcher</value>
        </Data>
        <Data name="Source">
          <value>Open Street Map: http://www.openstreetmap.org.nz/</value>
        </Data>
        <Data name="Update">
          <value>21/01/2019</value>
        </Data>
        <Data name="x">
          <value>172.65229530000</value>
        </Data>
        <Data name="y">
          <value>-43.50873840000</value>
        </Data>
      </ExtendedData>
      <Point>
        <coordinates>
          172.6522953,-43.5087384,0
        </coordinates>
      </Point>
    </Placemark>
    <Placemark>
      <name>Hibbards</name>
      <description><![CDATA[type: butcher<br>Source: Open Street Map: http://www.openstreetmap.org.nz/<br>Update: 21/01/2019<br>x: 172.65693130000<br>y: -43.53021160000]]></description>
      <styleUrl>#icon-1577-795548</styleUrl>
      <ExtendedData>
        <Data name="type">
          <value>butcher</value>
        </Data>
        <Data name="Source">
          <value>Open Street Map: http://www.openstreetmap.org.nz/</value>
        </Data>
        <Data name="Update">
          <value>21/01/2019</value>
        </Data>
        <Data name="x">
          <value>172.65693130000</value>
        </Data>
        <Data name="y">
          <value>-43.53021160000</value>
        </Data>
      </ExtendedData>
      <Point>
        <coordinates>
          172.6569313,-43.5302116,0
        </coordinates>
      </Point>
    </Placemark>
    <Placemark>
      <name>Euro Gourmet Meats</name>
      <description><![CDATA[type: butcher<br>Source: Open Street Map: http://www.openstreetmap.org.nz/<br>Update: 21/01/2019<br>x: 172.63631280000<br>y: -43.54954590000]]></description>
      <styleUrl>#icon-1577-795548</styleUrl>
      <ExtendedData>
        <Data name="type">
          <value>butcher</value>
        </Data>
        <Data name="Source">
          <value>Open Street Map: http://www.openstreetmap.org.nz/</value>
        </Data>
        <Data name="Update">
          <value>21/01/2019</value>
        </Data>
        <Data name="x">
          <value>172.63631280000</value>
        </Data>
        <Data name="y">
          <value>-43.54954590000</value>
        </Data>
      </ExtendedData>
      <Point>
        <coordinates>
          172.6363128,-43.5495459,0
        </coordinates>
      </Point>
    </Placemark>
    <Placemark>
      <name>Coffee Corner</name>
      <description><![CDATA[type: cafe<br>Source: Open Street Map: http://www.openstreetmap.org.nz/<br>Update: 21/01/2019<br>x: 172.63883720800<br>y: -43.52972518270]]></description>
      <styleUrl>#icon-1577-795548</styleUrl>
      <ExtendedData>
        <Data name="type">
          <value>cafe</value>
        </Data>
        <Data name="Source">
          <value>Open Street Map: http://www.openstreetmap.org.nz/</value>
        </Data>
        <Data name="Update">
          <value>21/01/2019</value>
        </Data>
        <Data name="x">
          <value>172.63883720800</value>
        </Data>
        <Data name="y">
          <value>-43.52972518270</value>
        </Data>
      </ExtendedData>
      <Point>
        <coordinates>
          172.638837208,-43.5297251827,0
        </coordinates>
      </Point>
    </Placemark>
    <Placemark>
      <name>The Caffeine Laboratory</name>
      <description><![CDATA[type: cafe<br>Source: Open Street Map: http://www.openstreetmap.org.nz/<br>Update: 21/01/2019<br>x: 172.63857115800<br>y: -43.52971292730]]></description>
      <styleUrl>#icon-1577-795548</styleUrl>
      <ExtendedData>
        <Data name="type">
          <value>cafe</value>
        </Data>
        <Data name="Source">
          <value>Open Street Map: http://www.openstreetmap.org.nz/</value>
        </Data>
        <Data name="Update">
          <value>21/01/2019</value>
        </Data>
        <Data name="x">
          <value>172.63857115800</value>
        </Data>
        <Data name="y">
          <value>-43.52971292730</value>
        </Data>
      </ExtendedData>
      <Point>
        <coordinates>
          172.638571158,-43.5297129273,0
        </coordinates>
      </Point>
    </Placemark>
    <Placemark>
      <name>Rollickin Desert Cafe</name>
      <description><![CDATA[type: cafe<br>Source: Open Street Map: http://www.openstreetmap.org.nz/<br>Update: 21/01/2019<br>x: 172.63858100000<br>y: -43.52901190000]]></description>
      <styleUrl>#icon-1577-795548</styleUrl>
      <ExtendedData>
        <Data name="type">
          <value>cafe</value>
        </Data>
        <Data name="Source">
          <value>Open Street Map: http://www.openstreetmap.org.nz/</value>
        </Data>
        <Data name="Update">
          <value>21/01/2019</value>
        </Data>
        <Data name="x">
          <value>172.63858100000</value>
        </Data>
        <Data name="y">
          <value>-43.52901190000</value>
        </Data>
      </ExtendedData>
      <Point>
        <coordinates>
          172.638581,-43.5290119,0
        </coordinates>
      </Point>
    </Placemark>
    <Placemark>
      <name>Coffee Lovers</name>
      <description><![CDATA[type: cafe<br>Source: Open Street Map: http://www.openstreetmap.org.nz/<br>Update: 21/01/2019<br>x: 172.63858138100<br>y: -43.52922907500]]></description>
      <styleUrl>#icon-1577-795548</styleUrl>
      <ExtendedData>
        <Data name="type">
          <value>cafe</value>
        </Data>
        <Data name="Source">
          <value>Open Street Map: http://www.openstreetmap.org.nz/</value>
        </Data>
        <Data name="Update">
          <value>21/01/2019</value>
        </Data>
        <Data name="x">
          <value>172.63858138100</value>
        </Data>
        <Data name="y">
          <value>-43.52922907500</value>
        </Data>
      </ExtendedData>
      <Point>
        <coordinates>
          172.638581381,-43.529229075,0
        </coordinates>
      </Point>
    </Placemark>
    <Placemark>
      <name>Coffee Culture</name>
      <description><![CDATA[type: cafe<br>Source: Open Street Map: http://www.openstreetmap.org.nz/<br>Update: 21/01/2019<br>x: 172.72188810000<br>y: -43.60264175000]]></description>
      <styleUrl>#icon-1577-795548</styleUrl>
      <ExtendedData>
        <Data name="type">
          <value>cafe</value>
        </Data>
        <Data name="Source">
          <value>Open Street Map: http://www.openstreetmap.org.nz/</value>
        </Data>
        <Data name="Update">
          <value>21/01/2019</value>
        </Data>
        <Data name="x">
          <value>172.72188810000</value>
        </Data>
        <Data name="y">
          <value>-43.60264175000</value>
        </Data>
      </ExtendedData>
      <Point>
        <coordinates>
          172.7218881,-43.60264175,0
        </coordinates>
      </Point>
    </Placemark>
    <Placemark>
      <name>Lyttelton Coffee Company</name>
      <description><![CDATA[type: cafe<br>Source: Open Street Map: http://www.openstreetmap.org.nz/<br>Update: 21/01/2019<br>x: 172.72124781900<br>y: -43.60278263120]]></description>
      <styleUrl>#icon-1577-795548</styleUrl>
      <ExtendedData>
        <Data name="type">
          <value>cafe</value>
        </Data>
        <Data name="Source">
          <value>Open Street Map: http://www.openstreetmap.org.nz/</value>
        </Data>
        <Data name="Update">
          <value>21/01/2019</value>
        </Data>
        <Data name="x">
          <value>172.72124781900</value>
        </Data>
        <Data name="y">
          <value>-43.60278263120</value>
        </Data>
      </ExtendedData>
      <Point>
        <coordinates>
          172.721247819,-43.6027826312,0
        </coordinates>
      </Point>
    </Placemark>
    <Placemark>
      <name>Beat Street</name>
      <description><![CDATA[type: cafe<br>Source: Open Street Map: http://www.openstreetmap.org.nz/<br>Update: 21/01/2019<br>x: 172.64582553100<br>y: -43.52860190010]]></description>
      <styleUrl>#icon-1577-795548</styleUrl>
      <ExtendedData>
        <Data name="type">
          <value>cafe</value>
        </Data>
        <Data name="Source">
          <value>Open Street Map: http://www.openstreetmap.org.nz/</value>
        </Data>
        <Data name="Update">
          <value>21/01/2019</value>
        </Data>
        <Data name="x">
          <value>172.64582553100</value>
        </Data>
        <Data name="y">
          <value>-43.52860190010</value>
        </Data>
      </ExtendedData>
      <Point>
        <coordinates>
          172.645825531,-43.5286019001,0
        </coordinates>
      </Point>
    </Placemark>
    <Placemark>
      <name>Supreme Supreme</name>
      <description><![CDATA[type: cafe<br>Source: Open Street Map: http://www.openstreetmap.org.nz/<br>Update: 21/01/2019<br>x: 172.63735785100<br>y: -43.53711264700]]></description>
      <styleUrl>#icon-1577-795548</styleUrl>
      <ExtendedData>
        <Data name="type">
          <value>cafe</value>
        </Data>
        <Data name="Source">
          <value>Open Street Map: http://www.openstreetmap.org.nz/</value>
        </Data>
        <Data name="Update">
          <value>21/01/2019</value>
        </Data>
        <Data name="x">
          <value>172.63735785100</value>
        </Data>
        <Data name="y">
          <value>-43.53711264700</value>
        </Data>
      </ExtendedData>
      <Point>
        <coordinates>
          172.637357851,-43.537112647,0
        </coordinates>
      </Point>
    </Placemark>
    <Placemark>
      <name>Black Betty</name>
      <description><![CDATA[type: cafe<br>Source: Open Street Map: http://www.openstreetmap.org.nz/<br>Update: 21/01/2019<br>x: 172.64239884500<br>y: -43.53764608230]]></description>
      <styleUrl>#icon-1577-795548</styleUrl>
      <ExtendedData>
        <Data name="type">
          <value>cafe</value>
        </Data>
        <Data name="Source">
          <value>Open Street Map: http://www.openstreetmap.org.nz/</value>
        </Data>
        <Data name="Update">
          <value>21/01/2019</value>
        </Data>
        <Data name="x">
          <value>172.64239884500</value>
        </Data>
        <Data name="y">
          <value>-43.53764608230</value>
        </Data>
      </ExtendedData>
      <Point>
        <coordinates>
          172.642398845,-43.5376460823,0
        </coordinates>
      </Point>
    </Placemark>
    <Placemark>
      <name><![CDATA[Perry's Cafe]]></name>
      <description><![CDATA[type: cafe<br>Source: Open Street Map: http://www.openstreetmap.org.nz/<br>Update: 21/01/2019<br>x: 172.64248990100<br>y: -43.53826551900]]></description>
      <styleUrl>#icon-1577-795548</styleUrl>
      <ExtendedData>
        <Data name="type">
          <value>cafe</value>
        </Data>
        <Data name="Source">
          <value>Open Street Map: http://www.openstreetmap.org.nz/</value>
        </Data>
        <Data name="Update">
          <value>21/01/2019</value>
        </Data>
        <Data name="x">
          <value>172.64248990100</value>
        </Data>
        <Data name="y">
          <value>-43.53826551900</value>
        </Data>
      </ExtendedData>
      <Point>
        <coordinates>
          172.642489901,-43.538265519,0
        </coordinates>
      </Point>
    </Placemark>
    <Placemark>
      <name>Addington Coffee Co-op</name>
      <description><![CDATA[type: cafe<br>Source: Open Street Map: http://www.openstreetmap.org.nz/<br>Update: 21/01/2019<br>x: 172.61135466100<br>y: -43.54352601900]]></description>
      <styleUrl>#icon-1577-795548</styleUrl>
      <ExtendedData>
        <Data name="type">
          <value>cafe</value>
        </Data>
        <Data name="Source">
          <value>Open Street Map: http://www.openstreetmap.org.nz/</value>
        </Data>
        <Data name="Update">
          <value>21/01/2019</value>
        </Data>
        <Data name="x">
          <value>172.61135466100</value>
        </Data>
        <Data name="y">
          <value>-43.54352601900</value>
        </Data>
      </ExtendedData>
      <Point>
        <coordinates>
          172.611354661,-43.543526019,0
        </coordinates>
      </Point>
    </Placemark>
    <Placemark>
      <name><![CDATA[Ocean Cafe & Bar Scarborough]]></name>
      <description><![CDATA[type: cafe<br>Source: Open Street Map: http://www.openstreetmap.org.nz/<br>Update: 21/01/2019<br>x: 172.76976695000<br>y: -43.57312350000]]></description>
      <styleUrl>#icon-1577-795548</styleUrl>
      <ExtendedData>
        <Data name="type">
          <value>cafe</value>
        </Data>
        <Data name="Source">
          <value>Open Street Map: http://www.openstreetmap.org.nz/</value>
        </Data>
        <Data name="Update">
          <value>21/01/2019</value>
        </Data>
        <Data name="x">
          <value>172.76976695000</value>
        </Data>
        <Data name="y">
          <value>-43.57312350000</value>
        </Data>
      </ExtendedData>
      <Point>
        <coordinates>
          172.76976695,-43.5731235,0
        </coordinates>
      </Point>
    </Placemark>
    <Placemark>
      <name>Oddfellows Cafe</name>
      <description><![CDATA[type: cafe<br>Source: Open Street Map: http://www.openstreetmap.org.nz/<br>Update: 21/01/2019<br>x: 172.62213439000<br>y: -43.54203938750]]></description>
      <styleUrl>#icon-1577-795548</styleUrl>
      <ExtendedData>
        <Data name="type">
          <value>cafe</value>
        </Data>
        <Data name="Source">
          <value>Open Street Map: http://www.openstreetmap.org.nz/</value>
        </Data>
        <Data name="Update">
          <value>21/01/2019</value>
        </Data>
        <Data name="x">
          <value>172.62213439000</value>
        </Data>
        <Data name="y">
          <value>-43.54203938750</value>
        </Data>
      </ExtendedData>
      <Point>
        <coordinates>
          172.62213439,-43.5420393875,0
        </coordinates>
      </Point>
    </Placemark>
    <Placemark>
      <name>Under The Red Verandah</name>
      <description><![CDATA[type: cafe<br>Source: Open Street Map: http://www.openstreetmap.org.nz/<br>Update: 21/01/2019<br>x: 172.66423346900<br>y: -43.53127938650]]></description>
      <styleUrl>#icon-1577-795548</styleUrl>
      <ExtendedData>
        <Data name="type">
          <value>cafe</value>
        </Data>
        <Data name="Source">
          <value>Open Street Map: http://www.openstreetmap.org.nz/</value>
        </Data>
        <Data name="Update">
          <value>21/01/2019</value>
        </Data>
        <Data name="x">
          <value>172.66423346900</value>
        </Data>
        <Data name="y">
          <value>-43.53127938650</value>
        </Data>
      </ExtendedData>
      <Point>
        <coordinates>
          172.664233469,-43.5312793865,0
        </coordinates>
      </Point>
    </Placemark>
    <Placemark>
      <name/>
      <description><![CDATA[type: cafe<br>Source: Open Street Map: http://www.openstreetmap.org.nz/<br>Update: 21/01/2019<br>x: 172.64520092600<br>y: -43.52647861640]]></description>
      <styleUrl>#icon-1577-795548</styleUrl>
      <ExtendedData>
        <Data name="type">
          <value>cafe</value>
        </Data>
        <Data name="Source">
          <value>Open Street Map: http://www.openstreetmap.org.nz/</value>
        </Data>
        <Data name="Update">
          <value>21/01/2019</value>
        </Data>
        <Data name="x">
          <value>172.64520092600</value>
        </Data>
        <Data name="y">
          <value>-43.52647861640</value>
        </Data>
      </ExtendedData>
      <Point>
        <coordinates>
          172.645200926,-43.5264786164,0
        </coordinates>
      </Point>
    </Placemark>
    <Placemark>
      <name>Castle Rock Caf├®</name>
      <description><![CDATA[type: cafe<br>Source: Open Street Map: http://www.openstreetmap.org.nz/<br>Update: 21/01/2019<br>x: 172.69076452600<br>y: -43.56792089300]]></description>
      <styleUrl>#icon-1577-795548</styleUrl>
      <ExtendedData>
        <Data name="type">
          <value>cafe</value>
        </Data>
        <Data name="Source">
          <value>Open Street Map: http://www.openstreetmap.org.nz/</value>
        </Data>
        <Data name="Update">
          <value>21/01/2019</value>
        </Data>
        <Data name="x">
          <value>172.69076452600</value>
        </Data>
        <Data name="y">
          <value>-43.56792089300</value>
        </Data>
      </ExtendedData>
      <Point>
        <coordinates>
          172.690764526,-43.567920893,0
        </coordinates>
      </Point>
    </Placemark>
    <Placemark>
      <name>C1</name>
      <description><![CDATA[type: cafe<br>Source: Open Street Map: http://www.openstreetmap.org.nz/<br>Update: 21/01/2019<br>x: 172.64050381800<br>y: -43.53512690750]]></description>
      <styleUrl>#icon-1577-795548</styleUrl>
      <ExtendedData>
        <Data name="type">
          <value>cafe</value>
        </Data>
        <Data name="Source">
          <value>Open Street Map: http://www.openstreetmap.org.nz/</value>
        </Data>
        <Data name="Update">
          <value>21/01/2019</value>
        </Data>
        <Data name="x">
          <value>172.64050381800</value>
        </Data>
        <Data name="y">
          <value>-43.53512690750</value>
        </Data>
      </ExtendedData>
      <Point>
        <coordinates>
          172.640503818,-43.5351269075,0
        </coordinates>
      </Point>
    </Placemark>
    <Placemark>
      <name>Preserved</name>
      <description><![CDATA[type: cafe<br>Source: Open Street Map: http://www.openstreetmap.org.nz/<br>Update: 21/01/2019<br>x: 172.74012406900<br>y: -43.62524263260]]></description>
      <styleUrl>#icon-1577-795548</styleUrl>
      <ExtendedData>
        <Data name="type">
          <value>cafe</value>
        </Data>
        <Data name="Source">
          <value>Open Street Map: http://www.openstreetmap.org.nz/</value>
        </Data>
        <Data name="Update">
          <value>21/01/2019</value>
        </Data>
        <Data name="x">
          <value>172.74012406900</value>
        </Data>
        <Data name="y">
          <value>-43.62524263260</value>
        </Data>
      </ExtendedData>
      <Point>
        <coordinates>
          172.740124069,-43.6252426326,0
        </coordinates>
      </Point>
    </Placemark>
    <Placemark>
      <name/>
      <description><![CDATA[type: cafe<br>Source: Open Street Map: http://www.openstreetmap.org.nz/<br>Update: 21/01/2019<br>x: 172.59567583300<br>y: -43.30410394110]]></description>
      <styleUrl>#icon-1577-795548</styleUrl>
      <ExtendedData>
        <Data name="type">
          <value>cafe</value>
        </Data>
        <Data name="Source">
          <value>Open Street Map: http://www.openstreetmap.org.nz/</value>
        </Data>
        <Data name="Update">
          <value>21/01/2019</value>
        </Data>
        <Data name="x">
          <value>172.59567583300</value>
        </Data>
        <Data name="y">
          <value>-43.30410394110</value>
        </Data>
      </ExtendedData>
      <Point>
        <coordinates>
          172.595675833,-43.3041039411,0
        </coordinates>
      </Point>
    </Placemark>
    <Placemark>
      <name>Coffee Culture</name>
      <description><![CDATA[type: cafe<br>Source: Open Street Map: http://www.openstreetmap.org.nz/<br>Update: 21/01/2019<br>x: 172.61711567700<br>y: -43.47797882360]]></description>
      <styleUrl>#icon-1577-795548</styleUrl>
      <ExtendedData>
        <Data name="type">
          <value>cafe</value>
        </Data>
        <Data name="Source">
          <value>Open Street Map: http://www.openstreetmap.org.nz/</value>
        </Data>
        <Data name="Update">
          <value>21/01/2019</value>
        </Data>
        <Data name="x">
          <value>172.61711567700</value>
        </Data>
        <Data name="y">
          <value>-43.47797882360</value>
        </Data>
      </ExtendedData>
      <Point>
        <coordinates>
          172.617115677,-43.4779788236,0
        </coordinates>
      </Point>
    </Placemark>
    <Placemark>
      <name>Shroom Room</name>
      <description><![CDATA[type: cafe<br>Source: Open Street Map: http://www.openstreetmap.org.nz/<br>Update: 21/01/2019<br>x: 172.72023145400<br>y: -43.60210578100]]></description>
      <styleUrl>#icon-1577-795548</styleUrl>
      <ExtendedData>
        <Data name="type">
          <value>cafe</value>
        </Data>
        <Data name="Source">
          <value>Open Street Map: http://www.openstreetmap.org.nz/</value>
        </Data>
        <Data name="Update">
          <value>21/01/2019</value>
        </Data>
        <Data name="x">
          <value>172.72023145400</value>
        </Data>
        <Data name="y">
          <value>-43.60210578100</value>
        </Data>
      </ExtendedData>
      <Point>
        <coordinates>
          172.720231454,-43.602105781,0
        </coordinates>
      </Point>
    </Placemark>
    <Placemark>
      <name>In Situ</name>
      <description><![CDATA[type: cafe<br>Source: Open Street Map: http://www.openstreetmap.org.nz/<br>Update: 21/01/2019<br>x: 172.67335508400<br>y: -43.55861539940]]></description>
      <styleUrl>#icon-1577-795548</styleUrl>
      <ExtendedData>
        <Data name="type">
          <value>cafe</value>
        </Data>
        <Data name="Source">
          <value>Open Street Map: http://www.openstreetmap.org.nz/</value>
        </Data>
        <Data name="Update">
          <value>21/01/2019</value>
        </Data>
        <Data name="x">
          <value>172.67335508400</value>
        </Data>
        <Data name="y">
          <value>-43.55861539940</value>
        </Data>
      </ExtendedData>
      <Point>
        <coordinates>
          172.673355084,-43.5586153994,0
        </coordinates>
      </Point>
    </Placemark>
    <Placemark>
      <name>Dark Star</name>
      <description><![CDATA[type: cafe<br>Source: Open Street Map: http://www.openstreetmap.org.nz/<br>Update: 21/01/2019<br>x: 172.73994004300<br>y: -43.62477156120]]></description>
      <styleUrl>#icon-1577-795548</styleUrl>
      <ExtendedData>
        <Data name="type">
          <value>cafe</value>
        </Data>
        <Data name="Source">
          <value>Open Street Map: http://www.openstreetmap.org.nz/</value>
        </Data>
        <Data name="Update">
          <value>21/01/2019</value>
        </Data>
        <Data name="x">
          <value>172.73994004300</value>
        </Data>
        <Data name="y">
          <value>-43.62477156120</value>
        </Data>
      </ExtendedData>
      <Point>
        <coordinates>
          172.739940043,-43.6247715612,0
        </coordinates>
      </Point>
    </Placemark>
    <Placemark>
      <name><![CDATA[Joe's Garage]]></name>
      <description><![CDATA[type: cafe<br>Source: Open Street Map: http://www.openstreetmap.org.nz/<br>Update: 21/01/2019<br>x: 172.75888098100<br>y: -43.56790684380]]></description>
      <styleUrl>#icon-1577-795548</styleUrl>
      <ExtendedData>
        <Data name="type">
          <value>cafe</value>
        </Data>
        <Data name="Source">
          <value>Open Street Map: http://www.openstreetmap.org.nz/</value>
        </Data>
        <Data name="Update">
          <value>21/01/2019</value>
        </Data>
        <Data name="x">
          <value>172.75888098100</value>
        </Data>
        <Data name="y">
          <value>-43.56790684380</value>
        </Data>
      </ExtendedData>
      <Point>
        <coordinates>
          172.758880981,-43.5679068438,0
        </coordinates>
      </Point>
    </Placemark>
    <Placemark>
      <name>The Rock Cafe</name>
      <description><![CDATA[type: cafe<br>Source: Open Street Map: http://www.openstreetmap.org.nz/<br>Update: 21/01/2019<br>x: 172.75920370600<br>y: -43.56710912510]]></description>
      <styleUrl>#icon-1577-795548</styleUrl>
      <ExtendedData>
        <Data name="type">
          <value>cafe</value>
        </Data>
        <Data name="Source">
          <value>Open Street Map: http://www.openstreetmap.org.nz/</value>
        </Data>
        <Data name="Update">
          <value>21/01/2019</value>
        </Data>
        <Data name="x">
          <value>172.75920370600</value>
        </Data>
        <Data name="y">
          <value>-43.56710912510</value>
        </Data>
      </ExtendedData>
      <Point>
        <coordinates>
          172.759203706,-43.5671091251,0
        </coordinates>
      </Point>
    </Placemark>
    <Placemark>
      <name>Coffee Culture</name>
      <description><![CDATA[type: cafe<br>Source: Open Street Map: http://www.openstreetmap.org.nz/<br>Update: 21/01/2019<br>x: 172.75881481700<br>y: -43.56842108150]]></description>
      <styleUrl>#icon-1577-795548</styleUrl>
      <ExtendedData>
        <Data name="type">
          <value>cafe</value>
        </Data>
        <Data name="Source">
          <value>Open Street Map: http://www.openstreetmap.org.nz/</value>
        </Data>
        <Data name="Update">
          <value>21/01/2019</value>
        </Data>
        <Data name="x">
          <value>172.75881481700</value>
        </Data>
        <Data name="y">
          <value>-43.56842108150</value>
        </Data>
      </ExtendedData>
      <Point>
        <coordinates>
          172.758814817,-43.5684210815,0
        </coordinates>
      </Point>
    </Placemark>
    <Placemark>
      <name>Salt</name>
      <description><![CDATA[type: cafe<br>Source: Open Street Map: http://www.openstreetmap.org.nz/<br>Update: 21/01/2019<br>x: 172.75859175000<br>y: -43.56825170000]]></description>
      <styleUrl>#icon-1577-795548</styleUrl>
      <ExtendedData>
        <Data name="type">
          <value>cafe</value>
        </Data>
        <Data name="Source">
          <value>Open Street Map: http://www.openstreetmap.org.nz/</value>
        </Data>
        <Data name="Update">
          <value>21/01/2019</value>
        </Data>
        <Data name="x">
          <value>172.75859175000</value>
        </Data>
        <Data name="y">
          <value>-43.56825170000</value>
        </Data>
      </ExtendedData>
      <Point>
        <coordinates>
          172.75859175,-43.5682517,0
        </coordinates>
      </Point>
    </Placemark>
    <Placemark>
      <name>Poolside Dairy</name>
      <description><![CDATA[type: cafe<br>Source: Open Street Map: http://www.openstreetmap.org.nz/<br>Update: 21/01/2019<br>x: 172.59641795200<br>y: -43.53536628220]]></description>
      <styleUrl>#icon-1577-795548</styleUrl>
      <ExtendedData>
        <Data name="type">
          <value>cafe</value>
        </Data>
        <Data name="Source">
          <value>Open Street Map: http://www.openstreetmap.org.nz/</value>
        </Data>
        <Data name="Update">
          <value>21/01/2019</value>
        </Data>
        <Data name="x">
          <value>172.59641795200</value>
        </Data>
        <Data name="y">
          <value>-43.53536628220</value>
        </Data>
      </ExtendedData>
      <Point>
        <coordinates>
          172.596417952,-43.5353662822,0
        </coordinates>
      </Point>
    </Placemark>
    <Placemark>
      <name>Upshot</name>
      <description><![CDATA[type: cafe<br>Source: Open Street Map: http://www.openstreetmap.org.nz/<br>Update: 21/01/2019<br>x: 172.71072600300<br>y: -43.57210332660]]></description>
      <styleUrl>#icon-1577-795548</styleUrl>
      <ExtendedData>
        <Data name="type">
          <value>cafe</value>
        </Data>
        <Data name="Source">
          <value>Open Street Map: http://www.openstreetmap.org.nz/</value>
        </Data>
        <Data name="Update">
          <value>21/01/2019</value>
        </Data>
        <Data name="x">
          <value>172.71072600300</value>
        </Data>
        <Data name="y">
          <value>-43.57210332660</value>
        </Data>
      </ExtendedData>
      <Point>
        <coordinates>
          172.710726003,-43.5721033266,0
        </coordinates>
      </Point>
    </Placemark>
    <Placemark>
      <name>Underground Coffee Company</name>
      <description><![CDATA[type: cafe<br>Source: Open Street Map: http://www.openstreetmap.org.nz/<br>Update: 21/01/2019<br>x: 172.75939920000<br>y: -43.56839244700]]></description>
      <styleUrl>#icon-1577-795548</styleUrl>
      <ExtendedData>
        <Data name="type">
          <value>cafe</value>
        </Data>
        <Data name="Source">
          <value>Open Street Map: http://www.openstreetmap.org.nz/</value>
        </Data>
        <Data name="Update">
          <value>21/01/2019</value>
        </Data>
        <Data name="x">
          <value>172.75939920000</value>
        </Data>
        <Data name="y">
          <value>-43.56839244700</value>
        </Data>
      </ExtendedData>
      <Point>
        <coordinates>
          172.7593992,-43.568392447,0
        </coordinates>
      </Point>
    </Placemark>
    <Placemark>
      <name>The Spur on Redcliffs</name>
      <description><![CDATA[type: cafe<br>Source: Open Street Map: http://www.openstreetmap.org.nz/<br>Update: 21/01/2019<br>x: 172.73895748300<br>y: -43.56167393910]]></description>
      <styleUrl>#icon-1577-795548</styleUrl>
      <ExtendedData>
        <Data name="type">
          <value>cafe</value>
        </Data>
        <Data name="Source">
          <value>Open Street Map: http://www.openstreetmap.org.nz/</value>
        </Data>
        <Data name="Update">
          <value>21/01/2019</value>
        </Data>
        <Data name="x">
          <value>172.73895748300</value>
        </Data>
        <Data name="y">
          <value>-43.56167393910</value>
        </Data>
      </ExtendedData>
      <Point>
        <coordinates>
          172.738957483,-43.5616739391,0
        </coordinates>
      </Point>
    </Placemark>
    <Placemark>
      <name><![CDATA[Sammy's Gelato]]></name>
      <description><![CDATA[type: cafe<br>Source: Open Street Map: http://www.openstreetmap.org.nz/<br>Update: 21/01/2019<br>x: 172.72193406800<br>y: -43.60294696110]]></description>
      <styleUrl>#icon-1577-795548</styleUrl>
      <ExtendedData>
        <Data name="type">
          <value>cafe</value>
        </Data>
        <Data name="Source">
          <value>Open Street Map: http://www.openstreetmap.org.nz/</value>
        </Data>
        <Data name="Update">
          <value>21/01/2019</value>
        </Data>
        <Data name="x">
          <value>172.72193406800</value>
        </Data>
        <Data name="y">
          <value>-43.60294696110</value>
        </Data>
      </ExtendedData>
      <Point>
        <coordinates>
          172.721934068,-43.6029469611,0
        </coordinates>
      </Point>
    </Placemark>
    <Placemark>
      <name>Garden Cafe</name>
      <description><![CDATA[type: cafe<br>Source: Open Street Map: http://www.openstreetmap.org.nz/<br>Update: 21/01/2019<br>x: 172.67110380000<br>y: -43.54432055000]]></description>
      <styleUrl>#icon-1577-795548</styleUrl>
      <ExtendedData>
        <Data name="type">
          <value>cafe</value>
        </Data>
        <Data name="Source">
          <value>Open Street Map: http://www.openstreetmap.org.nz/</value>
        </Data>
        <Data name="Update">
          <value>21/01/2019</value>
        </Data>
        <Data name="x">
          <value>172.67110380000</value>
        </Data>
        <Data name="y">
          <value>-43.54432055000</value>
        </Data>
      </ExtendedData>
      <Point>
        <coordinates>
          172.6711038,-43.54432055,0
        </coordinates>
      </Point>
    </Placemark>
    <Placemark>
      <name>Sign of the Kiwi</name>
      <description><![CDATA[type: cafe<br>Source: Open Street Map: http://www.openstreetmap.org.nz/<br>Update: 21/01/2019<br>x: 172.64527609000<br>y: -43.60653291090]]></description>
      <styleUrl>#icon-1577-795548</styleUrl>
      <ExtendedData>
        <Data name="type">
          <value>cafe</value>
        </Data>
        <Data name="Source">
          <value>Open Street Map: http://www.openstreetmap.org.nz/</value>
        </Data>
        <Data name="Update">
          <value>21/01/2019</value>
        </Data>
        <Data name="x">
          <value>172.64527609000</value>
        </Data>
        <Data name="y">
          <value>-43.60653291090</value>
        </Data>
      </ExtendedData>
      <Point>
        <coordinates>
          172.64527609,-43.6065329109,0
        </coordinates>
      </Point>
    </Placemark>
    <Placemark>
      <name><![CDATA[Village Cafe & Bar]]></name>
      <description><![CDATA[type: cafe<br>Source: Open Street Map: http://www.openstreetmap.org.nz/<br>Update: 21/01/2019<br>x: 172.63181205000<br>y: -43.59152870000]]></description>
      <styleUrl>#icon-1577-795548</styleUrl>
      <ExtendedData>
        <Data name="type">
          <value>cafe</value>
        </Data>
        <Data name="Source">
          <value>Open Street Map: http://www.openstreetmap.org.nz/</value>
        </Data>
        <Data name="Update">
          <value>21/01/2019</value>
        </Data>
        <Data name="x">
          <value>172.63181205000</value>
        </Data>
        <Data name="y">
          <value>-43.59152870000</value>
        </Data>
      </ExtendedData>
      <Point>
        <coordinates>
          172.63181205,-43.5915287,0
        </coordinates>
      </Point>
    </Placemark>
    <Placemark>
      <name/>
      <description><![CDATA[type: cafe<br>Source: Open Street Map: http://www.openstreetmap.org.nz/<br>Update: 21/01/2019<br>x: 172.70635910000<br>y: -43.65616740000]]></description>
      <styleUrl>#icon-1577-795548</styleUrl>
      <ExtendedData>
        <Data name="type">
          <value>cafe</value>
        </Data>
        <Data name="Source">
          <value>Open Street Map: http://www.openstreetmap.org.nz/</value>
        </Data>
        <Data name="Update">
          <value>21/01/2019</value>
        </Data>
        <Data name="x">
          <value>172.70635910000</value>
        </Data>
        <Data name="y">
          <value>-43.65616740000</value>
        </Data>
      </ExtendedData>
      <Point>
        <coordinates>
          172.7063591,-43.6561674,0
        </coordinates>
      </Point>
    </Placemark>
    <Placemark>
      <name>Reboot Cafe</name>
      <description><![CDATA[type: cafe<br>Source: Open Street Map: http://www.openstreetmap.org.nz/<br>Update: 21/01/2019<br>x: 172.58106106900<br>y: -43.52242152270]]></description>
      <styleUrl>#icon-1577-795548</styleUrl>
      <ExtendedData>
        <Data name="type">
          <value>cafe</value>
        </Data>
        <Data name="Source">
          <value>Open Street Map: http://www.openstreetmap.org.nz/</value>
        </Data>
        <Data name="Update">
          <value>21/01/2019</value>
        </Data>
        <Data name="x">
          <value>172.58106106900</value>
        </Data>
        <Data name="y">
          <value>-43.52242152270</value>
        </Data>
      </ExtendedData>
      <Point>
        <coordinates>
          172.581061069,-43.5224215227,0
        </coordinates>
      </Point>
    </Placemark>
    <Placemark>
      <name>Reboot Cafe</name>
      <description><![CDATA[type: cafe<br>Source: Open Street Map: http://www.openstreetmap.org.nz/<br>Update: 21/01/2019<br>x: 172.58106106900<br>y: -43.52242152270]]></description>
      <styleUrl>#icon-1577-795548</styleUrl>
      <ExtendedData>
        <Data name="type">
          <value>cafe</value>
        </Data>
        <Data name="Source">
          <value>Open Street Map: http://www.openstreetmap.org.nz/</value>
        </Data>
        <Data name="Update">
          <value>21/01/2019</value>
        </Data>
        <Data name="x">
          <value>172.58106106900</value>
        </Data>
        <Data name="y">
          <value>-43.52242152270</value>
        </Data>
      </ExtendedData>
      <Point>
        <coordinates>
          172.581061069,-43.5224215227,0
        </coordinates>
      </Point>
    </Placemark>
    <Placemark>
      <name>My Coffee at Hornbrook</name>
      <description><![CDATA[type: cafe<br>Source: Open Street Map: http://www.openstreetmap.org.nz/<br>Update: 21/01/2019<br>x: 172.72871485000<br>y: -43.58545210000]]></description>
      <styleUrl>#icon-1577-795548</styleUrl>
      <ExtendedData>
        <Data name="type">
          <value>cafe</value>
        </Data>
        <Data name="Source">
          <value>Open Street Map: http://www.openstreetmap.org.nz/</value>
        </Data>
        <Data name="Update">
          <value>21/01/2019</value>
        </Data>
        <Data name="x">
          <value>172.72871485000</value>
        </Data>
        <Data name="y">
          <value>-43.58545210000</value>
        </Data>
      </ExtendedData>
      <Point>
        <coordinates>
          172.72871485,-43.5854521,0
        </coordinates>
      </Point>
    </Placemark>
    <Placemark>
      <name>Spooky Boogie</name>
      <description><![CDATA[type: cafe<br>Source: Open Street Map: http://www.openstreetmap.org.nz/<br>Update: 21/01/2019<br>x: 172.71986070000<br>y: -43.60210475000]]></description>
      <styleUrl>#icon-1577-795548</styleUrl>
      <ExtendedData>
        <Data name="type">
          <value>cafe</value>
        </Data>
        <Data name="Source">
          <value>Open Street Map: http://www.openstreetmap.org.nz/</value>
        </Data>
        <Data name="Update">
          <value>21/01/2019</value>
        </Data>
        <Data name="x">
          <value>172.71986070000</value>
        </Data>
        <Data name="y">
          <value>-43.60210475000</value>
        </Data>
      </ExtendedData>
      <Point>
        <coordinates>
          172.7198607,-43.60210475,0
        </coordinates>
      </Point>
    </Placemark>
    <Placemark>
      <name>Ashworths Cafe</name>
      <description><![CDATA[type: cafe<br>Source: Open Street Map: http://www.openstreetmap.org.nz/<br>Update: 21/01/2019<br>x: 172.72870960000<br>y: -43.22709700000]]></description>
      <styleUrl>#icon-1577-795548</styleUrl>
      <ExtendedData>
        <Data name="type">
          <value>cafe</value>
        </Data>
        <Data name="Source">
          <value>Open Street Map: http://www.openstreetmap.org.nz/</value>
        </Data>
        <Data name="Update">
          <value>21/01/2019</value>
        </Data>
        <Data name="x">
          <value>172.72870960000</value>
        </Data>
        <Data name="y">
          <value>-43.22709700000</value>
        </Data>
      </ExtendedData>
      <Point>
        <coordinates>
          172.7287096,-43.227097,0
        </coordinates>
      </Point>
    </Placemark>
    <Placemark>
      <name>Pukeko Junction</name>
      <description><![CDATA[type: cafe<br>Source: Open Street Map: http://www.openstreetmap.org.nz/<br>Update: 21/01/2019<br>x: 172.74104270000<br>y: -43.20368300000]]></description>
      <styleUrl>#icon-1577-795548</styleUrl>
      <ExtendedData>
        <Data name="type">
          <value>cafe</value>
        </Data>
        <Data name="Source">
          <value>Open Street Map: http://www.openstreetmap.org.nz/</value>
        </Data>
        <Data name="Update">
          <value>21/01/2019</value>
        </Data>
        <Data name="x">
          <value>172.74104270000</value>
        </Data>
        <Data name="y">
          <value>-43.20368300000</value>
        </Data>
      </ExtendedData>
      <Point>
        <coordinates>
          172.7410427,-43.203683,0
        </coordinates>
      </Point>
    </Placemark>
    <Placemark>
      <name>Gebbies Garden Cafe</name>
      <description><![CDATA[type: cafe<br>Source: Open Street Map: http://www.openstreetmap.org.nz/<br>Update: 21/01/2019<br>x: 172.59638320000<br>y: -43.72206660000]]></description>
      <styleUrl>#icon-1577-795548</styleUrl>
      <ExtendedData>
        <Data name="type">
          <value>cafe</value>
        </Data>
        <Data name="Source">
          <value>Open Street Map: http://www.openstreetmap.org.nz/</value>
        </Data>
        <Data name="Update">
          <value>21/01/2019</value>
        </Data>
        <Data name="x">
          <value>172.59638320000</value>
        </Data>
        <Data name="y">
          <value>-43.72206660000</value>
        </Data>
      </ExtendedData>
      <Point>
        <coordinates>
          172.5963832,-43.7220666,0
        </coordinates>
      </Point>
    </Placemark>
    <Placemark>
      <name>Pepperberry</name>
      <description><![CDATA[type: cafe<br>Source: Open Street Map: http://www.openstreetmap.org.nz/<br>Update: 21/01/2019<br>x: 172.63645370000<br>y: -43.52109140000]]></description>
      <styleUrl>#icon-1577-795548</styleUrl>
      <ExtendedData>
        <Data name="type">
          <value>cafe</value>
        </Data>
        <Data name="Source">
          <value>Open Street Map: http://www.openstreetmap.org.nz/</value>
        </Data>
        <Data name="Update">
          <value>21/01/2019</value>
        </Data>
        <Data name="x">
          <value>172.63645370000</value>
        </Data>
        <Data name="y">
          <value>-43.52109140000</value>
        </Data>
      </ExtendedData>
      <Point>
        <coordinates>
          172.6364537,-43.5210914,0
        </coordinates>
      </Point>
    </Placemark>
    <Placemark>
      <name><![CDATA[Opawa Bakery & Cafe]]></name>
      <description><![CDATA[type: cafe<br>Source: Open Street Map: http://www.openstreetmap.org.nz/<br>Update: 21/01/2019<br>x: 172.66414110000<br>y: -43.55331760000]]></description>
      <styleUrl>#icon-1577-795548</styleUrl>
      <ExtendedData>
        <Data name="type">
          <value>cafe</value>
        </Data>
        <Data name="Source">
          <value>Open Street Map: http://www.openstreetmap.org.nz/</value>
        </Data>
        <Data name="Update">
          <value>21/01/2019</value>
        </Data>
        <Data name="x">
          <value>172.66414110000</value>
        </Data>
        <Data name="y">
          <value>-43.55331760000</value>
        </Data>
      </ExtendedData>
      <Point>
        <coordinates>
          172.6641411,-43.5533176,0
        </coordinates>
      </Point>
    </Placemark>
    <Placemark>
      <name>Fava</name>
      <description><![CDATA[type: cafe<br>Source: Open Street Map: http://www.openstreetmap.org.nz/<br>Update: 21/01/2019<br>x: 172.65714460000<br>y: -43.56296430000]]></description>
      <styleUrl>#icon-1577-795548</styleUrl>
      <ExtendedData>
        <Data name="type">
          <value>cafe</value>
        </Data>
        <Data name="Source">
          <value>Open Street Map: http://www.openstreetmap.org.nz/</value>
        </Data>
        <Data name="Update">
          <value>21/01/2019</value>
        </Data>
        <Data name="x">
          <value>172.65714460000</value>
        </Data>
        <Data name="y">
          <value>-43.56296430000</value>
        </Data>
      </ExtendedData>
      <Point>
        <coordinates>
          172.6571446,-43.5629643,0
        </coordinates>
      </Point>
    </Placemark>
    <Placemark>
      <name>Ilex Cafe</name>
      <description><![CDATA[type: cafe<br>Source: Open Street Map: http://www.openstreetmap.org.nz/<br>Update: 21/01/2019<br>x: 172.62027050000<br>y: -43.52889260000]]></description>
      <styleUrl>#icon-1577-795548</styleUrl>
      <ExtendedData>
        <Data name="type">
          <value>cafe</value>
        </Data>
        <Data name="Source">
          <value>Open Street Map: http://www.openstreetmap.org.nz/</value>
        </Data>
        <Data name="Update">
          <value>21/01/2019</value>
        </Data>
        <Data name="x">
          <value>172.62027050000</value>
        </Data>
        <Data name="y">
          <value>-43.52889260000</value>
        </Data>
      </ExtendedData>
      <Point>
        <coordinates>
          172.6202705,-43.5288926,0
        </coordinates>
      </Point>
    </Placemark>
    <Placemark>
      <name>The Old Vicarage</name>
      <description><![CDATA[type: cafe<br>Source: Open Street Map: http://www.openstreetmap.org.nz/<br>Update: 21/01/2019<br>x: 172.56788440000<br>y: -43.58000060000]]></description>
      <styleUrl>#icon-1577-795548</styleUrl>
      <ExtendedData>
        <Data name="type">
          <value>cafe</value>
        </Data>
        <Data name="Source">
          <value>Open Street Map: http://www.openstreetmap.org.nz/</value>
        </Data>
        <Data name="Update">
          <value>21/01/2019</value>
        </Data>
        <Data name="x">
          <value>172.56788440000</value>
        </Data>
        <Data name="y">
          <value>-43.58000060000</value>
        </Data>
      </ExtendedData>
      <Point>
        <coordinates>
          172.5678844,-43.5800006,0
        </coordinates>
      </Point>
    </Placemark>
    <Placemark>
      <name><![CDATA[Flo's]]></name>
      <description><![CDATA[type: cafe<br>Source: Open Street Map: http://www.openstreetmap.org.nz/<br>Update: 21/01/2019<br>x: 172.65804820000<br>y: -43.55986720000]]></description>
      <styleUrl>#icon-1577-795548</styleUrl>
      <ExtendedData>
        <Data name="type">
          <value>cafe</value>
        </Data>
        <Data name="Source">
          <value>Open Street Map: http://www.openstreetmap.org.nz/</value>
        </Data>
        <Data name="Update">
          <value>21/01/2019</value>
        </Data>
        <Data name="x">
          <value>172.65804820000</value>
        </Data>
        <Data name="y">
          <value>-43.55986720000</value>
        </Data>
      </ExtendedData>
      <Point>
        <coordinates>
          172.6580482,-43.5598672,0
        </coordinates>
      </Point>
    </Placemark>
    <Placemark>
      <name>Express Yourself</name>
      <description><![CDATA[type: cafe<br>Source: Open Street Map: http://www.openstreetmap.org.nz/<br>Update: 21/01/2019<br>x: 172.10812880000<br>y: -43.48975940000]]></description>
      <styleUrl>#icon-1577-795548</styleUrl>
      <ExtendedData>
        <Data name="type">
          <value>cafe</value>
        </Data>
        <Data name="Source">
          <value>Open Street Map: http://www.openstreetmap.org.nz/</value>
        </Data>
        <Data name="Update">
          <value>21/01/2019</value>
        </Data>
        <Data name="x">
          <value>172.10812880000</value>
        </Data>
        <Data name="y">
          <value>-43.48975940000</value>
        </Data>
      </ExtendedData>
      <Point>
        <coordinates>
          172.1081288,-43.4897594,0
        </coordinates>
      </Point>
    </Placemark>
    <Placemark>
      <name>Coffee Culture</name>
      <description><![CDATA[type: cafe<br>Source: Open Street Map: http://www.openstreetmap.org.nz/<br>Update: 21/01/2019<br>x: 172.63709680000<br>y: -43.55750990000]]></description>
      <styleUrl>#icon-1577-795548</styleUrl>
      <ExtendedData>
        <Data name="type">
          <value>cafe</value>
        </Data>
        <Data name="Source">
          <value>Open Street Map: http://www.openstreetmap.org.nz/</value>
        </Data>
        <Data name="Update">
          <value>21/01/2019</value>
        </Data>
        <Data name="x">
          <value>172.63709680000</value>
        </Data>
        <Data name="y">
          <value>-43.55750990000</value>
        </Data>
      </ExtendedData>
      <Point>
        <coordinates>
          172.6370968,-43.5575099,0
        </coordinates>
      </Point>
    </Placemark>
    <Placemark>
      <name>Sushi Caf├®</name>
      <description><![CDATA[type: cafe<br>Source: Open Street Map: http://www.openstreetmap.org.nz/<br>Update: 21/01/2019<br>x: 172.63645050000<br>y: -43.54970270000]]></description>
      <styleUrl>#icon-1577-795548</styleUrl>
      <ExtendedData>
        <Data name="type">
          <value>cafe</value>
        </Data>
        <Data name="Source">
          <value>Open Street Map: http://www.openstreetmap.org.nz/</value>
        </Data>
        <Data name="Update">
          <value>21/01/2019</value>
        </Data>
        <Data name="x">
          <value>172.63645050000</value>
        </Data>
        <Data name="y">
          <value>-43.54970270000</value>
        </Data>
      </ExtendedData>
      <Point>
        <coordinates>
          172.6364505,-43.5497027,0
        </coordinates>
      </Point>
    </Placemark>
    <Placemark>
      <name>Coffee Culture</name>
      <description><![CDATA[type: cafe<br>Source: Open Street Map: http://www.openstreetmap.org.nz/<br>Update: 21/01/2019<br>x: 172.60064470000<br>y: -43.53094070000]]></description>
      <styleUrl>#icon-1577-795548</styleUrl>
      <ExtendedData>
        <Data name="type">
          <value>cafe</value>
        </Data>
        <Data name="Source">
          <value>Open Street Map: http://www.openstreetmap.org.nz/</value>
        </Data>
        <Data name="Update">
          <value>21/01/2019</value>
        </Data>
        <Data name="x">
          <value>172.60064470000</value>
        </Data>
        <Data name="y">
          <value>-43.53094070000</value>
        </Data>
      </ExtendedData>
      <Point>
        <coordinates>
          172.6006447,-43.5309407,0
        </coordinates>
      </Point>
    </Placemark>
    <Placemark>
      <name>Drexels</name>
      <description><![CDATA[type: cafe<br>Source: Open Street Map: http://www.openstreetmap.org.nz/<br>Update: 21/01/2019<br>x: 172.60067690000<br>y: -43.53131990000]]></description>
      <styleUrl>#icon-1577-795548</styleUrl>
      <ExtendedData>
        <Data name="type">
          <value>cafe</value>
        </Data>
        <Data name="Source">
          <value>Open Street Map: http://www.openstreetmap.org.nz/</value>
        </Data>
        <Data name="Update">
          <value>21/01/2019</value>
        </Data>
        <Data name="x">
          <value>172.60067690000</value>
        </Data>
        <Data name="y">
          <value>-43.53131990000</value>
        </Data>
      </ExtendedData>
      <Point>
        <coordinates>
          172.6006769,-43.5313199,0
        </coordinates>
      </Point>
    </Placemark>
    <Placemark>
      <name>Boat Shed Cafe</name>
      <description><![CDATA[type: cafe<br>Source: Open Street Map: http://www.openstreetmap.org.nz/<br>Update: 21/01/2019<br>x: 172.62793030000<br>y: -43.53381070000]]></description>
      <styleUrl>#icon-1577-795548</styleUrl>
      <ExtendedData>
        <Data name="type">
          <value>cafe</value>
        </Data>
        <Data name="Source">
          <value>Open Street Map: http://www.openstreetmap.org.nz/</value>
        </Data>
        <Data name="Update">
          <value>21/01/2019</value>
        </Data>
        <Data name="x">
          <value>172.62793030000</value>
        </Data>
        <Data name="y">
          <value>-43.53381070000</value>
        </Data>
      </ExtendedData>
      <Point>
        <coordinates>
          172.6279303,-43.5338107,0
        </coordinates>
      </Point>
    </Placemark>
    <Placemark>
      <name>Flat White</name>
      <description><![CDATA[type: cafe<br>Source: Open Street Map: http://www.openstreetmap.org.nz/<br>Update: 21/01/2019<br>x: 172.69788980000<br>y: -43.31433610000]]></description>
      <styleUrl>#icon-1577-795548</styleUrl>
      <ExtendedData>
        <Data name="type">
          <value>cafe</value>
        </Data>
        <Data name="Source">
          <value>Open Street Map: http://www.openstreetmap.org.nz/</value>
        </Data>
        <Data name="Update">
          <value>21/01/2019</value>
        </Data>
        <Data name="x">
          <value>172.69788980000</value>
        </Data>
        <Data name="y">
          <value>-43.31433610000</value>
        </Data>
      </ExtendedData>
      <Point>
        <coordinates>
          172.6978898,-43.3143361,0
        </coordinates>
      </Point>
    </Placemark>
    <Placemark>
      <name>Cafe Metro</name>
      <description><![CDATA[type: cafe<br>Source: Open Street Map: http://www.openstreetmap.org.nz/<br>Update: 21/01/2019<br>x: 172.70399090000<br>y: -43.55631640000]]></description>
      <styleUrl>#icon-1577-795548</styleUrl>
      <ExtendedData>
        <Data name="type">
          <value>cafe</value>
        </Data>
        <Data name="Source">
          <value>Open Street Map: http://www.openstreetmap.org.nz/</value>
        </Data>
        <Data name="Update">
          <value>21/01/2019</value>
        </Data>
        <Data name="x">
          <value>172.70399090000</value>
        </Data>
        <Data name="y">
          <value>-43.55631640000</value>
        </Data>
      </ExtendedData>
      <Point>
        <coordinates>
          172.7039909,-43.5563164,0
        </coordinates>
      </Point>
    </Placemark>
    <Placemark>
      <name/>
      <description><![CDATA[type: cafe<br>Source: Open Street Map: http://www.openstreetmap.org.nz/<br>Update: 21/01/2019<br>x: 172.70607750000<br>y: -43.55724930000]]></description>
      <styleUrl>#icon-1577-795548</styleUrl>
      <ExtendedData>
        <Data name="type">
          <value>cafe</value>
        </Data>
        <Data name="Source">
          <value>Open Street Map: http://www.openstreetmap.org.nz/</value>
        </Data>
        <Data name="Update">
          <value>21/01/2019</value>
        </Data>
        <Data name="x">
          <value>172.70607750000</value>
        </Data>
        <Data name="y">
          <value>-43.55724930000</value>
        </Data>
      </ExtendedData>
      <Point>
        <coordinates>
          172.7060775,-43.5572493,0
        </coordinates>
      </Point>
    </Placemark>
    <Placemark>
      <name/>
      <description><![CDATA[type: cafe<br>Source: Open Street Map: http://www.openstreetmap.org.nz/<br>Update: 21/01/2019<br>x: 172.70372560000<br>y: -43.55796940000]]></description>
      <styleUrl>#icon-1577-795548</styleUrl>
      <ExtendedData>
        <Data name="type">
          <value>cafe</value>
        </Data>
        <Data name="Source">
          <value>Open Street Map: http://www.openstreetmap.org.nz/</value>
        </Data>
        <Data name="Update">
          <value>21/01/2019</value>
        </Data>
        <Data name="x">
          <value>172.70372560000</value>
        </Data>
        <Data name="y">
          <value>-43.55796940000</value>
        </Data>
      </ExtendedData>
      <Point>
        <coordinates>
          172.7037256,-43.5579694,0
        </coordinates>
      </Point>
    </Placemark>
    <Placemark>
      <name/>
      <description><![CDATA[type: cafe<br>Source: Open Street Map: http://www.openstreetmap.org.nz/<br>Update: 21/01/2019<br>x: 172.70630050000<br>y: -43.55845140000]]></description>
      <styleUrl>#icon-1577-795548</styleUrl>
      <ExtendedData>
        <Data name="type">
          <value>cafe</value>
        </Data>
        <Data name="Source">
          <value>Open Street Map: http://www.openstreetmap.org.nz/</value>
        </Data>
        <Data name="Update">
          <value>21/01/2019</value>
        </Data>
        <Data name="x">
          <value>172.70630050000</value>
        </Data>
        <Data name="y">
          <value>-43.55845140000</value>
        </Data>
      </ExtendedData>
      <Point>
        <coordinates>
          172.7063005,-43.5584514,0
        </coordinates>
      </Point>
    </Placemark>
    <Placemark>
      <name>Ten27</name>
      <description><![CDATA[type: cafe<br>Source: Open Street Map: http://www.openstreetmap.org.nz/<br>Update: 21/01/2019<br>x: 172.70403550000<br>y: -43.55750940000]]></description>
      <styleUrl>#icon-1577-795548</styleUrl>
      <ExtendedData>
        <Data name="type">
          <value>cafe</value>
        </Data>
        <Data name="Source">
          <value>Open Street Map: http://www.openstreetmap.org.nz/</value>
        </Data>
        <Data name="Update">
          <value>21/01/2019</value>
        </Data>
        <Data name="x">
          <value>172.70403550000</value>
        </Data>
        <Data name="y">
          <value>-43.55750940000</value>
        </Data>
      </ExtendedData>
      <Point>
        <coordinates>
          172.7040355,-43.5575094,0
        </coordinates>
      </Point>
    </Placemark>
    <Placemark>
      <name>Meshino Espresso</name>
      <description><![CDATA[type: cafe<br>Source: Open Street Map: http://www.openstreetmap.org.nz/<br>Update: 21/01/2019<br>x: 172.62856170000<br>y: -43.50642450000]]></description>
      <styleUrl>#icon-1577-795548</styleUrl>
      <ExtendedData>
        <Data name="type">
          <value>cafe</value>
        </Data>
        <Data name="Source">
          <value>Open Street Map: http://www.openstreetmap.org.nz/</value>
        </Data>
        <Data name="Update">
          <value>21/01/2019</value>
        </Data>
        <Data name="x">
          <value>172.62856170000</value>
        </Data>
        <Data name="y">
          <value>-43.50642450000</value>
        </Data>
      </ExtendedData>
      <Point>
        <coordinates>
          172.6285617,-43.5064245,0
        </coordinates>
      </Point>
    </Placemark>
    <Placemark>
      <name>Laneway Espresso</name>
      <description><![CDATA[type: cafe<br>Source: Open Street Map: http://www.openstreetmap.org.nz/<br>Update: 21/01/2019<br>x: 172.63344330000<br>y: -43.52721220000]]></description>
      <styleUrl>#icon-1577-795548</styleUrl>
      <ExtendedData>
        <Data name="type">
          <value>cafe</value>
        </Data>
        <Data name="Source">
          <value>Open Street Map: http://www.openstreetmap.org.nz/</value>
        </Data>
        <Data name="Update">
          <value>21/01/2019</value>
        </Data>
        <Data name="x">
          <value>172.63344330000</value>
        </Data>
        <Data name="y">
          <value>-43.52721220000</value>
        </Data>
      </ExtendedData>
      <Point>
        <coordinates>
          172.6334433,-43.5272122,0
        </coordinates>
      </Point>
    </Placemark>
    <Placemark>
      <name>Taste @ Twenty</name>
      <description><![CDATA[type: cafe<br>Source: Open Street Map: http://www.openstreetmap.org.nz/<br>Update: 21/01/2019<br>x: 172.63578400000<br>y: -43.56689980000]]></description>
      <styleUrl>#icon-1577-795548</styleUrl>
      <ExtendedData>
        <Data name="type">
          <value>cafe</value>
        </Data>
        <Data name="Source">
          <value>Open Street Map: http://www.openstreetmap.org.nz/</value>
        </Data>
        <Data name="Update">
          <value>21/01/2019</value>
        </Data>
        <Data name="x">
          <value>172.63578400000</value>
        </Data>
        <Data name="y">
          <value>-43.56689980000</value>
        </Data>
      </ExtendedData>
      <Point>
        <coordinates>
          172.635784,-43.5668998,0
        </coordinates>
      </Point>
    </Placemark>
    <Placemark>
      <name>Cafe Kudos</name>
      <description><![CDATA[type: cafe<br>Source: Open Street Map: http://www.openstreetmap.org.nz/<br>Update: 21/01/2019<br>x: 172.58098150000<br>y: -43.54329110000]]></description>
      <styleUrl>#icon-1577-795548</styleUrl>
      <ExtendedData>
        <Data name="type">
          <value>cafe</value>
        </Data>
        <Data name="Source">
          <value>Open Street Map: http://www.openstreetmap.org.nz/</value>
        </Data>
        <Data name="Update">
          <value>21/01/2019</value>
        </Data>
        <Data name="x">
          <value>172.58098150000</value>
        </Data>
        <Data name="y">
          <value>-43.54329110000</value>
        </Data>
      </ExtendedData>
      <Point>
        <coordinates>
          172.5809815,-43.5432911,0
        </coordinates>
      </Point>
    </Placemark>
    <Placemark>
      <name>Topp Stop Cafe</name>
      <description><![CDATA[type: cafe<br>Source: Open Street Map: http://www.openstreetmap.org.nz/<br>Update: 21/01/2019<br>x: 172.73007610000<br>y: -43.15076210000]]></description>
      <styleUrl>#icon-1577-795548</styleUrl>
      <ExtendedData>
        <Data name="type">
          <value>cafe</value>
        </Data>
        <Data name="Source">
          <value>Open Street Map: http://www.openstreetmap.org.nz/</value>
        </Data>
        <Data name="Update">
          <value>21/01/2019</value>
        </Data>
        <Data name="x">
          <value>172.73007610000</value>
        </Data>
        <Data name="y">
          <value>-43.15076210000</value>
        </Data>
      </ExtendedData>
      <Point>
        <coordinates>
          172.7300761,-43.1507621,0
        </coordinates>
      </Point>
    </Placemark>
    <Placemark>
      <name>Sushi Maru</name>
      <description><![CDATA[type: cafe<br>Source: Open Street Map: http://www.openstreetmap.org.nz/<br>Update: 21/01/2019<br>x: 172.73059100000<br>y: -43.15564810000]]></description>
      <styleUrl>#icon-1577-795548</styleUrl>
      <ExtendedData>
        <Data name="type">
          <value>cafe</value>
        </Data>
        <Data name="Source">
          <value>Open Street Map: http://www.openstreetmap.org.nz/</value>
        </Data>
        <Data name="Update">
          <value>21/01/2019</value>
        </Data>
        <Data name="x">
          <value>172.73059100000</value>
        </Data>
        <Data name="y">
          <value>-43.15564810000</value>
        </Data>
      </ExtendedData>
      <Point>
        <coordinates>
          172.730591,-43.1556481,0
        </coordinates>
      </Point>
    </Placemark>
    <Placemark>
      <name>Coffee Culture</name>
      <description><![CDATA[type: cafe<br>Source: Open Street Map: http://www.openstreetmap.org.nz/<br>Update: 21/01/2019<br>x: 172.59503400000<br>y: -43.30354170000]]></description>
      <styleUrl>#icon-1577-795548</styleUrl>
      <ExtendedData>
        <Data name="type">
          <value>cafe</value>
        </Data>
        <Data name="Source">
          <value>Open Street Map: http://www.openstreetmap.org.nz/</value>
        </Data>
        <Data name="Update">
          <value>21/01/2019</value>
        </Data>
        <Data name="x">
          <value>172.59503400000</value>
        </Data>
        <Data name="y">
          <value>-43.30354170000</value>
        </Data>
      </ExtendedData>
      <Point>
        <coordinates>
          172.595034,-43.3035417,0
        </coordinates>
      </Point>
    </Placemark>
    <Placemark>
      <name>Dot Com</name>
      <description><![CDATA[type: cafe<br>Source: Open Street Map: http://www.openstreetmap.org.nz/<br>Update: 21/01/2019<br>x: 172.75979240000<br>y: -43.56881190000]]></description>
      <styleUrl>#icon-1577-795548</styleUrl>
      <ExtendedData>
        <Data name="type">
          <value>cafe</value>
        </Data>
        <Data name="Source">
          <value>Open Street Map: http://www.openstreetmap.org.nz/</value>
        </Data>
        <Data name="Update">
          <value>21/01/2019</value>
        </Data>
        <Data name="x">
          <value>172.75979240000</value>
        </Data>
        <Data name="y">
          <value>-43.56881190000</value>
        </Data>
      </ExtendedData>
      <Point>
        <coordinates>
          172.7597924,-43.5688119,0
        </coordinates>
      </Point>
    </Placemark>
    <Placemark>
      <name>Coastal Espresso</name>
      <description><![CDATA[type: cafe<br>Source: Open Street Map: http://www.openstreetmap.org.nz/<br>Update: 21/01/2019<br>x: 172.59400250000<br>y: -43.54434310000]]></description>
      <styleUrl>#icon-1577-795548</styleUrl>
      <ExtendedData>
        <Data name="type">
          <value>cafe</value>
        </Data>
        <Data name="Source">
          <value>Open Street Map: http://www.openstreetmap.org.nz/</value>
        </Data>
        <Data name="Update">
          <value>21/01/2019</value>
        </Data>
        <Data name="x">
          <value>172.59400250000</value>
        </Data>
        <Data name="y">
          <value>-43.54434310000</value>
        </Data>
      </ExtendedData>
      <Point>
        <coordinates>
          172.5940025,-43.5443431,0
        </coordinates>
      </Point>
    </Placemark>
    <Placemark>
      <name>YMCA - chch</name>
      <description><![CDATA[type: cafe<br>Source: Open Street Map: http://www.openstreetmap.org.nz/<br>Update: 21/01/2019<br>x: 172.62808540000<br>y: -43.53238110000]]></description>
      <styleUrl>#icon-1577-795548</styleUrl>
      <ExtendedData>
        <Data name="type">
          <value>cafe</value>
        </Data>
        <Data name="Source">
          <value>Open Street Map: http://www.openstreetmap.org.nz/</value>
        </Data>
        <Data name="Update">
          <value>21/01/2019</value>
        </Data>
        <Data name="x">
          <value>172.62808540000</value>
        </Data>
        <Data name="y">
          <value>-43.53238110000</value>
        </Data>
      </ExtendedData>
      <Point>
        <coordinates>
          172.6280854,-43.5323811,0
        </coordinates>
      </Point>
    </Placemark>
    <Placemark>
      <name>Cafe Mint</name>
      <description><![CDATA[type: cafe<br>Source: Open Street Map: http://www.openstreetmap.org.nz/<br>Update: 21/01/2019<br>x: 172.58688320000<br>y: -43.49973860000]]></description>
      <styleUrl>#icon-1577-795548</styleUrl>
      <ExtendedData>
        <Data name="type">
          <value>cafe</value>
        </Data>
        <Data name="Source">
          <value>Open Street Map: http://www.openstreetmap.org.nz/</value>
        </Data>
        <Data name="Update">
          <value>21/01/2019</value>
        </Data>
        <Data name="x">
          <value>172.58688320000</value>
        </Data>
        <Data name="y">
          <value>-43.49973860000</value>
        </Data>
      </ExtendedData>
      <Point>
        <coordinates>
          172.5868832,-43.4997386,0
        </coordinates>
      </Point>
    </Placemark>
    <Placemark>
      <name><![CDATA[Anna's Cafe]]></name>
      <description><![CDATA[type: cafe<br>Source: Open Street Map: http://www.openstreetmap.org.nz/<br>Update: 21/01/2019<br>x: 172.60562710000<br>y: -43.53989960000]]></description>
      <styleUrl>#icon-1577-795548</styleUrl>
      <ExtendedData>
        <Data name="type">
          <value>cafe</value>
        </Data>
        <Data name="Source">
          <value>Open Street Map: http://www.openstreetmap.org.nz/</value>
        </Data>
        <Data name="Update">
          <value>21/01/2019</value>
        </Data>
        <Data name="x">
          <value>172.60562710000</value>
        </Data>
        <Data name="y">
          <value>-43.53989960000</value>
        </Data>
      </ExtendedData>
      <Point>
        <coordinates>
          172.6056271,-43.5398996,0
        </coordinates>
      </Point>
    </Placemark>
    <Placemark>
      <name>Esquire Cafe</name>
      <description><![CDATA[type: cafe<br>Source: Open Street Map: http://www.openstreetmap.org.nz/<br>Update: 21/01/2019<br>x: 172.60616370000<br>y: -43.53809400000]]></description>
      <styleUrl>#icon-1577-795548</styleUrl>
      <ExtendedData>
        <Data name="type">
          <value>cafe</value>
        </Data>
        <Data name="Source">
          <value>Open Street Map: http://www.openstreetmap.org.nz/</value>
        </Data>
        <Data name="Update">
          <value>21/01/2019</value>
        </Data>
        <Data name="x">
          <value>172.60616370000</value>
        </Data>
        <Data name="y">
          <value>-43.53809400000</value>
        </Data>
      </ExtendedData>
      <Point>
        <coordinates>
          172.6061637,-43.538094,0
        </coordinates>
      </Point>
    </Placemark>
    <Placemark>
      <name>Coffee Culture</name>
      <description><![CDATA[type: cafe<br>Source: Open Street Map: http://www.openstreetmap.org.nz/<br>Update: 21/01/2019<br>x: 172.48234180000<br>y: -43.64060940000]]></description>
      <styleUrl>#icon-1577-795548</styleUrl>
      <ExtendedData>
        <Data name="type">
          <value>cafe</value>
        </Data>
        <Data name="Source">
          <value>Open Street Map: http://www.openstreetmap.org.nz/</value>
        </Data>
        <Data name="Update">
          <value>21/01/2019</value>
        </Data>
        <Data name="x">
          <value>172.48234180000</value>
        </Data>
        <Data name="y">
          <value>-43.64060940000</value>
        </Data>
      </ExtendedData>
      <Point>
        <coordinates>
          172.4823418,-43.6406094,0
        </coordinates>
      </Point>
    </Placemark>
    <Placemark>
      <name>The Stables Coffee</name>
      <description><![CDATA[type: cafe<br>Source: Open Street Map: http://www.openstreetmap.org.nz/<br>Update: 21/01/2019<br>x: 172.96802680000<br>y: -43.80452160000]]></description>
      <styleUrl>#icon-1577-795548</styleUrl>
      <ExtendedData>
        <Data name="type">
          <value>cafe</value>
        </Data>
        <Data name="Source">
          <value>Open Street Map: http://www.openstreetmap.org.nz/</value>
        </Data>
        <Data name="Update">
          <value>21/01/2019</value>
        </Data>
        <Data name="x">
          <value>172.96802680000</value>
        </Data>
        <Data name="y">
          <value>-43.80452160000</value>
        </Data>
      </ExtendedData>
      <Point>
        <coordinates>
          172.9680268,-43.8045216,0
        </coordinates>
      </Point>
    </Placemark>
    <Placemark>
      <name>Ground Floor Cafe</name>
      <description><![CDATA[type: cafe<br>Source: Open Street Map: http://www.openstreetmap.org.nz/<br>Update: 21/01/2019<br>x: 172.60738900000<br>y: -43.52931230000]]></description>
      <styleUrl>#icon-1577-795548</styleUrl>
      <ExtendedData>
        <Data name="type">
          <value>cafe</value>
        </Data>
        <Data name="Source">
          <value>Open Street Map: http://www.openstreetmap.org.nz/</value>
        </Data>
        <Data name="Update">
          <value>21/01/2019</value>
        </Data>
        <Data name="x">
          <value>172.60738900000</value>
        </Data>
        <Data name="y">
          <value>-43.52931230000</value>
        </Data>
      </ExtendedData>
      <Point>
        <coordinates>
          172.607389,-43.5293123,0
        </coordinates>
      </Point>
    </Placemark>
    <Placemark>
      <name>Coffee Culture</name>
      <description><![CDATA[type: cafe<br>Source: Open Street Map: http://www.openstreetmap.org.nz/<br>Update: 21/01/2019<br>x: 172.62024940000<br>y: -43.51075550000]]></description>
      <styleUrl>#icon-1577-795548</styleUrl>
      <ExtendedData>
        <Data name="type">
          <value>cafe</value>
        </Data>
        <Data name="Source">
          <value>Open Street Map: http://www.openstreetmap.org.nz/</value>
        </Data>
        <Data name="Update">
          <value>21/01/2019</value>
        </Data>
        <Data name="x">
          <value>172.62024940000</value>
        </Data>
        <Data name="y">
          <value>-43.51075550000</value>
        </Data>
      </ExtendedData>
      <Point>
        <coordinates>
          172.6202494,-43.5107555,0
        </coordinates>
      </Point>
    </Placemark>
    <Placemark>
      <name/>
      <description><![CDATA[type: cafe<br>Source: Open Street Map: http://www.openstreetmap.org.nz/<br>Update: 21/01/2019<br>x: 172.51178750000<br>y: -43.58170700000]]></description>
      <styleUrl>#icon-1577-795548</styleUrl>
      <ExtendedData>
        <Data name="type">
          <value>cafe</value>
        </Data>
        <Data name="Source">
          <value>Open Street Map: http://www.openstreetmap.org.nz/</value>
        </Data>
        <Data name="Update">
          <value>21/01/2019</value>
        </Data>
        <Data name="x">
          <value>172.51178750000</value>
        </Data>
        <Data name="y">
          <value>-43.58170700000</value>
        </Data>
      </ExtendedData>
      <Point>
        <coordinates>
          172.5117875,-43.581707,0
        </coordinates>
      </Point>
    </Placemark>
    <Placemark>
      <name>Kidds Cakes</name>
      <description><![CDATA[type: cafe<br>Source: Open Street Map: http://www.openstreetmap.org.nz/<br>Update: 21/01/2019<br>x: 172.63247680000<br>y: -43.50199430000]]></description>
      <styleUrl>#icon-1577-795548</styleUrl>
      <ExtendedData>
        <Data name="type">
          <value>cafe</value>
        </Data>
        <Data name="Source">
          <value>Open Street Map: http://www.openstreetmap.org.nz/</value>
        </Data>
        <Data name="Update">
          <value>21/01/2019</value>
        </Data>
        <Data name="x">
          <value>172.63247680000</value>
        </Data>
        <Data name="y">
          <value>-43.50199430000</value>
        </Data>
      </ExtendedData>
      <Point>
        <coordinates>
          172.6324768,-43.5019943,0
        </coordinates>
      </Point>
    </Placemark>
    <Placemark>
      <name>Cafe Metro</name>
      <description><![CDATA[type: cafe<br>Source: Open Street Map: http://www.openstreetmap.org.nz/<br>Update: 21/01/2019<br>x: 172.63587920000<br>y: -43.50630350000]]></description>
      <styleUrl>#icon-1577-795548</styleUrl>
      <ExtendedData>
        <Data name="type">
          <value>cafe</value>
        </Data>
        <Data name="Source">
          <value>Open Street Map: http://www.openstreetmap.org.nz/</value>
        </Data>
        <Data name="Update">
          <value>21/01/2019</value>
        </Data>
        <Data name="x">
          <value>172.63587920000</value>
        </Data>
        <Data name="y">
          <value>-43.50630350000</value>
        </Data>
      </ExtendedData>
      <Point>
        <coordinates>
          172.6358792,-43.5063035,0
        </coordinates>
      </Point>
    </Placemark>
    <Placemark>
      <name>Cosy Cafe</name>
      <description><![CDATA[type: cafe<br>Source: Open Street Map: http://www.openstreetmap.org.nz/<br>Update: 21/01/2019<br>x: 172.60768190000<br>y: -43.47384690000]]></description>
      <styleUrl>#icon-1577-795548</styleUrl>
      <ExtendedData>
        <Data name="type">
          <value>cafe</value>
        </Data>
        <Data name="Source">
          <value>Open Street Map: http://www.openstreetmap.org.nz/</value>
        </Data>
        <Data name="Update">
          <value>21/01/2019</value>
        </Data>
        <Data name="x">
          <value>172.60768190000</value>
        </Data>
        <Data name="y">
          <value>-43.47384690000</value>
        </Data>
      </ExtendedData>
      <Point>
        <coordinates>
          172.6076819,-43.4738469,0
        </coordinates>
      </Point>
    </Placemark>
    <Placemark>
      <name>Coffee Culture</name>
      <description><![CDATA[type: cafe<br>Source: Open Street Map: http://www.openstreetmap.org.nz/<br>Update: 21/01/2019<br>x: 172.57527720000<br>y: -43.53049530000]]></description>
      <styleUrl>#icon-1577-795548</styleUrl>
      <ExtendedData>
        <Data name="type">
          <value>cafe</value>
        </Data>
        <Data name="Source">
          <value>Open Street Map: http://www.openstreetmap.org.nz/</value>
        </Data>
        <Data name="Update">
          <value>21/01/2019</value>
        </Data>
        <Data name="x">
          <value>172.57527720000</value>
        </Data>
        <Data name="y">
          <value>-43.53049530000</value>
        </Data>
      </ExtendedData>
      <Point>
        <coordinates>
          172.5752772,-43.5304953,0
        </coordinates>
      </Point>
    </Placemark>
    <Placemark>
      <name>Rendezvous Cafe</name>
      <description><![CDATA[type: cafe<br>Source: Open Street Map: http://www.openstreetmap.org.nz/<br>Update: 21/01/2019<br>x: 172.38497970000<br>y: -43.59598570000]]></description>
      <styleUrl>#icon-1577-795548</styleUrl>
      <ExtendedData>
        <Data name="type">
          <value>cafe</value>
        </Data>
        <Data name="Source">
          <value>Open Street Map: http://www.openstreetmap.org.nz/</value>
        </Data>
        <Data name="Update">
          <value>21/01/2019</value>
        </Data>
        <Data name="x">
          <value>172.38497970000</value>
        </Data>
        <Data name="y">
          <value>-43.59598570000</value>
        </Data>
      </ExtendedData>
      <Point>
        <coordinates>
          172.3849797,-43.5959857,0
        </coordinates>
      </Point>
    </Placemark>
    <Placemark>
      <name>Dragonfly Cafe and Gifts</name>
      <description><![CDATA[type: cafe<br>Source: Open Street Map: http://www.openstreetmap.org.nz/<br>Update: 21/01/2019<br>x: 172.38279950000<br>y: -43.59668360000]]></description>
      <styleUrl>#icon-1577-795548</styleUrl>
      <ExtendedData>
        <Data name="type">
          <value>cafe</value>
        </Data>
        <Data name="Source">
          <value>Open Street Map: http://www.openstreetmap.org.nz/</value>
        </Data>
        <Data name="Update">
          <value>21/01/2019</value>
        </Data>
        <Data name="x">
          <value>172.38279950000</value>
        </Data>
        <Data name="y">
          <value>-43.59668360000</value>
        </Data>
      </ExtendedData>
      <Point>
        <coordinates>
          172.3827995,-43.5966836,0
        </coordinates>
      </Point>
    </Placemark>
    <Placemark>
      <name>Coffee Culture</name>
      <description><![CDATA[type: cafe<br>Source: Open Street Map: http://www.openstreetmap.org.nz/<br>Update: 21/01/2019<br>x: 172.65673730000<br>y: -43.38284610000]]></description>
      <styleUrl>#icon-1577-795548</styleUrl>
      <ExtendedData>
        <Data name="type">
          <value>cafe</value>
        </Data>
        <Data name="Source">
          <value>Open Street Map: http://www.openstreetmap.org.nz/</value>
        </Data>
        <Data name="Update">
          <value>21/01/2019</value>
        </Data>
        <Data name="x">
          <value>172.65673730000</value>
        </Data>
        <Data name="y">
          <value>-43.38284610000</value>
        </Data>
      </ExtendedData>
      <Point>
        <coordinates>
          172.6567373,-43.3828461,0
        </coordinates>
      </Point>
    </Placemark>
    <Placemark>
      <name>KO-I Cafe</name>
      <description><![CDATA[type: cafe<br>Source: Open Street Map: http://www.openstreetmap.org.nz/<br>Update: 21/01/2019<br>x: 172.70095050000<br>y: -43.55678450000]]></description>
      <styleUrl>#icon-1577-795548</styleUrl>
      <ExtendedData>
        <Data name="type">
          <value>cafe</value>
        </Data>
        <Data name="Source">
          <value>Open Street Map: http://www.openstreetmap.org.nz/</value>
        </Data>
        <Data name="Update">
          <value>21/01/2019</value>
        </Data>
        <Data name="x">
          <value>172.70095050000</value>
        </Data>
        <Data name="y">
          <value>-43.55678450000</value>
        </Data>
      </ExtendedData>
      <Point>
        <coordinates>
          172.7009505,-43.5567845,0
        </coordinates>
      </Point>
    </Placemark>
    <Placemark>
      <name>Oderings</name>
      <description><![CDATA[type: cafe<br>Source: Open Street Map: http://www.openstreetmap.org.nz/<br>Update: 21/01/2019<br>x: 172.61860890000<br>y: -43.55792900000]]></description>
      <styleUrl>#icon-1577-795548</styleUrl>
      <ExtendedData>
        <Data name="type">
          <value>cafe</value>
        </Data>
        <Data name="Source">
          <value>Open Street Map: http://www.openstreetmap.org.nz/</value>
        </Data>
        <Data name="Update">
          <value>21/01/2019</value>
        </Data>
        <Data name="x">
          <value>172.61860890000</value>
        </Data>
        <Data name="y">
          <value>-43.55792900000</value>
        </Data>
      </ExtendedData>
      <Point>
        <coordinates>
          172.6186089,-43.557929,0
        </coordinates>
      </Point>
    </Placemark>
    <Placemark>
      <name>Coffee Culture</name>
      <description><![CDATA[type: cafe<br>Source: Open Street Map: http://www.openstreetmap.org.nz/<br>Update: 21/01/2019<br>x: 172.38755120000<br>y: -43.59415140000]]></description>
      <styleUrl>#icon-1577-795548</styleUrl>
      <ExtendedData>
        <Data name="type">
          <value>cafe</value>
        </Data>
        <Data name="Source">
          <value>Open Street Map: http://www.openstreetmap.org.nz/</value>
        </Data>
        <Data name="Update">
          <value>21/01/2019</value>
        </Data>
        <Data name="x">
          <value>172.38755120000</value>
        </Data>
        <Data name="y">
          <value>-43.59415140000</value>
        </Data>
      </ExtendedData>
      <Point>
        <coordinates>
          172.3875512,-43.5941514,0
        </coordinates>
      </Point>
    </Placemark>
    <Placemark>
      <name>Good Street Deli</name>
      <description><![CDATA[type: cafe<br>Source: Open Street Map: http://www.openstreetmap.org.nz/<br>Update: 21/01/2019<br>x: 172.59457160000<br>y: -43.30302220000]]></description>
      <styleUrl>#icon-1577-795548</styleUrl>
      <ExtendedData>
        <Data name="type">
          <value>cafe</value>
        </Data>
        <Data name="Source">
          <value>Open Street Map: http://www.openstreetmap.org.nz/</value>
        </Data>
        <Data name="Update">
          <value>21/01/2019</value>
        </Data>
        <Data name="x">
          <value>172.59457160000</value>
        </Data>
        <Data name="y">
          <value>-43.30302220000</value>
        </Data>
      </ExtendedData>
      <Point>
        <coordinates>
          172.5945716,-43.3030222,0
        </coordinates>
      </Point>
    </Placemark>
    <Placemark>
      <name>Coffee Worx</name>
      <description><![CDATA[type: cafe<br>Source: Open Street Map: http://www.openstreetmap.org.nz/<br>Update: 21/01/2019<br>x: 172.59535970000<br>y: -43.30171740000]]></description>
      <styleUrl>#icon-1577-795548</styleUrl>
      <ExtendedData>
        <Data name="type">
          <value>cafe</value>
        </Data>
        <Data name="Source">
          <value>Open Street Map: http://www.openstreetmap.org.nz/</value>
        </Data>
        <Data name="Update">
          <value>21/01/2019</value>
        </Data>
        <Data name="x">
          <value>172.59535970000</value>
        </Data>
        <Data name="y">
          <value>-43.30171740000</value>
        </Data>
      </ExtendedData>
      <Point>
        <coordinates>
          172.5953597,-43.3017174,0
        </coordinates>
      </Point>
    </Placemark>
    <Placemark>
      <name>Coffee Culture</name>
      <description><![CDATA[type: cafe<br>Source: Open Street Map: http://www.openstreetmap.org.nz/<br>Update: 21/01/2019<br>x: 172.66375700000<br>y: -43.50742780000]]></description>
      <styleUrl>#icon-1577-795548</styleUrl>
      <ExtendedData>
        <Data name="type">
          <value>cafe</value>
        </Data>
        <Data name="Source">
          <value>Open Street Map: http://www.openstreetmap.org.nz/</value>
        </Data>
        <Data name="Update">
          <value>21/01/2019</value>
        </Data>
        <Data name="x">
          <value>172.66375700000</value>
        </Data>
        <Data name="y">
          <value>-43.50742780000</value>
        </Data>
      </ExtendedData>
      <Point>
        <coordinates>
          172.663757,-43.5074278,0
        </coordinates>
      </Point>
    </Placemark>
    <Placemark>
      <name>crema</name>
      <description><![CDATA[type: cafe<br>Source: Open Street Map: http://www.openstreetmap.org.nz/<br>Update: 21/01/2019<br>x: 172.59315590000<br>y: -43.30354710000]]></description>
      <styleUrl>#icon-1577-795548</styleUrl>
      <ExtendedData>
        <Data name="type">
          <value>cafe</value>
        </Data>
        <Data name="Source">
          <value>Open Street Map: http://www.openstreetmap.org.nz/</value>
        </Data>
        <Data name="Update">
          <value>21/01/2019</value>
        </Data>
        <Data name="x">
          <value>172.59315590000</value>
        </Data>
        <Data name="y">
          <value>-43.30354710000</value>
        </Data>
      </ExtendedData>
      <Point>
        <coordinates>
          172.5931559,-43.3035471,0
        </coordinates>
      </Point>
    </Placemark>
    <Placemark>
      <name>Bean Scene</name>
      <description><![CDATA[type: cafe<br>Source: Open Street Map: http://www.openstreetmap.org.nz/<br>Update: 21/01/2019<br>x: 172.61523000000<br>y: -43.54128060000]]></description>
      <styleUrl>#icon-1577-795548</styleUrl>
      <ExtendedData>
        <Data name="type">
          <value>cafe</value>
        </Data>
        <Data name="Source">
          <value>Open Street Map: http://www.openstreetmap.org.nz/</value>
        </Data>
        <Data name="Update">
          <value>21/01/2019</value>
        </Data>
        <Data name="x">
          <value>172.61523000000</value>
        </Data>
        <Data name="y">
          <value>-43.54128060000</value>
        </Data>
      </ExtendedData>
      <Point>
        <coordinates>
          172.61523,-43.5412806,0
        </coordinates>
      </Point>
    </Placemark>
    <Placemark>
      <name>Beach Cafe</name>
      <description><![CDATA[type: cafe<br>Source: Open Street Map: http://www.openstreetmap.org.nz/<br>Update: 21/01/2019<br>x: 172.72212130000<br>y: -43.48605810000]]></description>
      <styleUrl>#icon-1577-795548</styleUrl>
      <ExtendedData>
        <Data name="type">
          <value>cafe</value>
        </Data>
        <Data name="Source">
          <value>Open Street Map: http://www.openstreetmap.org.nz/</value>
        </Data>
        <Data name="Update">
          <value>21/01/2019</value>
        </Data>
        <Data name="x">
          <value>172.72212130000</value>
        </Data>
        <Data name="y">
          <value>-43.48605810000</value>
        </Data>
      </ExtendedData>
      <Point>
        <coordinates>
          172.7221213,-43.4860581,0
        </coordinates>
      </Point>
    </Placemark>
    <Placemark>
      <name><![CDATA[LB & CO Espresso]]></name>
      <description><![CDATA[type: cafe<br>Source: Open Street Map: http://www.openstreetmap.org.nz/<br>Update: 21/01/2019<br>x: 172.57918200000<br>y: -43.51953020000]]></description>
      <styleUrl>#icon-1577-795548</styleUrl>
      <ExtendedData>
        <Data name="type">
          <value>cafe</value>
        </Data>
        <Data name="Source">
          <value>Open Street Map: http://www.openstreetmap.org.nz/</value>
        </Data>
        <Data name="Update">
          <value>21/01/2019</value>
        </Data>
        <Data name="x">
          <value>172.57918200000</value>
        </Data>
        <Data name="y">
          <value>-43.51953020000</value>
        </Data>
      </ExtendedData>
      <Point>
        <coordinates>
          172.579182,-43.5195302,0
        </coordinates>
      </Point>
    </Placemark>
    <Placemark>
      <name>Brew Moon Cafe</name>
      <description><![CDATA[type: cafe<br>Source: Open Street Map: http://www.openstreetmap.org.nz/<br>Update: 21/01/2019<br>x: 172.72766330000<br>y: -43.15348530000]]></description>
      <styleUrl>#icon-1577-795548</styleUrl>
      <ExtendedData>
        <Data name="type">
          <value>cafe</value>
        </Data>
        <Data name="Source">
          <value>Open Street Map: http://www.openstreetmap.org.nz/</value>
        </Data>
        <Data name="Update">
          <value>21/01/2019</value>
        </Data>
        <Data name="x">
          <value>172.72766330000</value>
        </Data>
        <Data name="y">
          <value>-43.15348530000</value>
        </Data>
      </ExtendedData>
      <Point>
        <coordinates>
          172.7276633,-43.1534853,0
        </coordinates>
      </Point>
    </Placemark>
    <Placemark>
      <name>Little Merchants</name>
      <description><![CDATA[type: cafe<br>Source: Open Street Map: http://www.openstreetmap.org.nz/<br>Update: 21/01/2019<br>x: 172.61302700000<br>y: -43.54136680000]]></description>
      <styleUrl>#icon-1577-795548</styleUrl>
      <ExtendedData>
        <Data name="type">
          <value>cafe</value>
        </Data>
        <Data name="Source">
          <value>Open Street Map: http://www.openstreetmap.org.nz/</value>
        </Data>
        <Data name="Update">
          <value>21/01/2019</value>
        </Data>
        <Data name="x">
          <value>172.61302700000</value>
        </Data>
        <Data name="y">
          <value>-43.54136680000</value>
        </Data>
      </ExtendedData>
      <Point>
        <coordinates>
          172.613027,-43.5413668,0
        </coordinates>
      </Point>
    </Placemark>
    <Placemark>
      <name>Sasons</name>
      <description><![CDATA[type: cafe<br>Source: Open Street Map: http://www.openstreetmap.org.nz/<br>Update: 21/01/2019<br>x: 172.63896180000<br>y: -43.53082910000]]></description>
      <styleUrl>#icon-1577-795548</styleUrl>
      <ExtendedData>
        <Data name="type">
          <value>cafe</value>
        </Data>
        <Data name="Source">
          <value>Open Street Map: http://www.openstreetmap.org.nz/</value>
        </Data>
        <Data name="Update">
          <value>21/01/2019</value>
        </Data>
        <Data name="x">
          <value>172.63896180000</value>
        </Data>
        <Data name="y">
          <value>-43.53082910000</value>
        </Data>
      </ExtendedData>
      <Point>
        <coordinates>
          172.6389618,-43.5308291,0
        </coordinates>
      </Point>
    </Placemark>
    <Placemark>
      <name>Hillyers of Lincoln</name>
      <description><![CDATA[type: cafe<br>Source: Open Street Map: http://www.openstreetmap.org.nz/<br>Update: 21/01/2019<br>x: 172.29878360000<br>y: -43.76245040000]]></description>
      <styleUrl>#icon-1577-795548</styleUrl>
      <ExtendedData>
        <Data name="type">
          <value>cafe</value>
        </Data>
        <Data name="Source">
          <value>Open Street Map: http://www.openstreetmap.org.nz/</value>
        </Data>
        <Data name="Update">
          <value>21/01/2019</value>
        </Data>
        <Data name="x">
          <value>172.29878360000</value>
        </Data>
        <Data name="y">
          <value>-43.76245040000</value>
        </Data>
      </ExtendedData>
      <Point>
        <coordinates>
          172.2987836,-43.7624504,0
        </coordinates>
      </Point>
    </Placemark>
    <Placemark>
      <name>Manaia Lounge</name>
      <description><![CDATA[type: cafe<br>Source: Open Street Map: http://www.openstreetmap.org.nz/<br>Update: 21/01/2019<br>x: 172.54032900000<br>y: -43.48757400000]]></description>
      <styleUrl>#icon-1577-795548</styleUrl>
      <ExtendedData>
        <Data name="type">
          <value>cafe</value>
        </Data>
        <Data name="Source">
          <value>Open Street Map: http://www.openstreetmap.org.nz/</value>
        </Data>
        <Data name="Update">
          <value>21/01/2019</value>
        </Data>
        <Data name="x">
          <value>172.54032900000</value>
        </Data>
        <Data name="y">
          <value>-43.48757400000</value>
        </Data>
      </ExtendedData>
      <Point>
        <coordinates>
          172.540329,-43.487574,0
        </coordinates>
      </Point>
    </Placemark>
    <Placemark>
      <name>Summit Cafe</name>
      <description><![CDATA[type: cafe<br>Source: Open Street Map: http://www.openstreetmap.org.nz/<br>Update: 21/01/2019<br>x: 172.71648910000<br>y: -43.58946430000]]></description>
      <styleUrl>#icon-1577-795548</styleUrl>
      <ExtendedData>
        <Data name="type">
          <value>cafe</value>
        </Data>
        <Data name="Source">
          <value>Open Street Map: http://www.openstreetmap.org.nz/</value>
        </Data>
        <Data name="Update">
          <value>21/01/2019</value>
        </Data>
        <Data name="x">
          <value>172.71648910000</value>
        </Data>
        <Data name="y">
          <value>-43.58946430000</value>
        </Data>
      </ExtendedData>
      <Point>
        <coordinates>
          172.7164891,-43.5894643,0
        </coordinates>
      </Point>
    </Placemark>
    <Placemark>
      <name>Boulevard</name>
      <description><![CDATA[type: cafe<br>Source: Open Street Map: http://www.openstreetmap.org.nz/<br>Update: 21/01/2019<br>x: 172.63197560000<br>y: -43.53108570000]]></description>
      <styleUrl>#icon-1577-795548</styleUrl>
      <ExtendedData>
        <Data name="type">
          <value>cafe</value>
        </Data>
        <Data name="Source">
          <value>Open Street Map: http://www.openstreetmap.org.nz/</value>
        </Data>
        <Data name="Update">
          <value>21/01/2019</value>
        </Data>
        <Data name="x">
          <value>172.63197560000</value>
        </Data>
        <Data name="y">
          <value>-43.53108570000</value>
        </Data>
      </ExtendedData>
      <Point>
        <coordinates>
          172.6319756,-43.5310857,0
        </coordinates>
      </Point>
    </Placemark>
    <Placemark>
      <name>Clubhouse</name>
      <description><![CDATA[type: cafe<br>Source: Open Street Map: http://www.openstreetmap.org.nz/<br>Update: 21/01/2019<br>x: 172.61942340000<br>y: -43.52657680000]]></description>
      <styleUrl>#icon-1577-795548</styleUrl>
      <ExtendedData>
        <Data name="type">
          <value>cafe</value>
        </Data>
        <Data name="Source">
          <value>Open Street Map: http://www.openstreetmap.org.nz/</value>
        </Data>
        <Data name="Update">
          <value>21/01/2019</value>
        </Data>
        <Data name="x">
          <value>172.61942340000</value>
        </Data>
        <Data name="y">
          <value>-43.52657680000</value>
        </Data>
      </ExtendedData>
      <Point>
        <coordinates>
          172.6194234,-43.5265768,0
        </coordinates>
      </Point>
    </Placemark>
    <Placemark>
      <name>Boteco</name>
      <description><![CDATA[type: cafe<br>Source: Open Street Map: http://www.openstreetmap.org.nz/<br>Update: 21/01/2019<br>x: 172.64617190000<br>y: -43.52646680000]]></description>
      <styleUrl>#icon-1577-795548</styleUrl>
      <ExtendedData>
        <Data name="type">
          <value>cafe</value>
        </Data>
        <Data name="Source">
          <value>Open Street Map: http://www.openstreetmap.org.nz/</value>
        </Data>
        <Data name="Update">
          <value>21/01/2019</value>
        </Data>
        <Data name="x">
          <value>172.64617190000</value>
        </Data>
        <Data name="y">
          <value>-43.52646680000</value>
        </Data>
      </ExtendedData>
      <Point>
        <coordinates>
          172.6461719,-43.5264668,0
        </coordinates>
      </Point>
    </Placemark>
    <Placemark>
      <name>Ello</name>
      <description><![CDATA[type: cafe<br>Source: Open Street Map: http://www.openstreetmap.org.nz/<br>Update: 21/01/2019<br>x: 172.63648510000<br>y: -43.53380910000]]></description>
      <styleUrl>#icon-1577-795548</styleUrl>
      <ExtendedData>
        <Data name="type">
          <value>cafe</value>
        </Data>
        <Data name="Source">
          <value>Open Street Map: http://www.openstreetmap.org.nz/</value>
        </Data>
        <Data name="Update">
          <value>21/01/2019</value>
        </Data>
        <Data name="x">
          <value>172.63648510000</value>
        </Data>
        <Data name="y">
          <value>-43.53380910000</value>
        </Data>
      </ExtendedData>
      <Point>
        <coordinates>
          172.6364851,-43.5338091,0
        </coordinates>
      </Point>
    </Placemark>
    <Placemark>
      <name>Cafe 1894</name>
      <description><![CDATA[type: cafe<br>Source: Open Street Map: http://www.openstreetmap.org.nz/<br>Update: 21/01/2019<br>x: 172.58321930000<br>y: -43.52380950000]]></description>
      <styleUrl>#icon-1577-795548</styleUrl>
      <ExtendedData>
        <Data name="type">
          <value>cafe</value>
        </Data>
        <Data name="Source">
          <value>Open Street Map: http://www.openstreetmap.org.nz/</value>
        </Data>
        <Data name="Update">
          <value>21/01/2019</value>
        </Data>
        <Data name="x">
          <value>172.58321930000</value>
        </Data>
        <Data name="y">
          <value>-43.52380950000</value>
        </Data>
      </ExtendedData>
      <Point>
        <coordinates>
          172.5832193,-43.5238095,0
        </coordinates>
      </Point>
    </Placemark>
    <Placemark>
      <name>Bunrunners</name>
      <description><![CDATA[type: cafe<br>Source: Open Street Map: http://www.openstreetmap.org.nz/<br>Update: 21/01/2019<br>x: 172.65023950000<br>y: -43.53515800000]]></description>
      <styleUrl>#icon-1577-795548</styleUrl>
      <ExtendedData>
        <Data name="type">
          <value>cafe</value>
        </Data>
        <Data name="Source">
          <value>Open Street Map: http://www.openstreetmap.org.nz/</value>
        </Data>
        <Data name="Update">
          <value>21/01/2019</value>
        </Data>
        <Data name="x">
          <value>172.65023950000</value>
        </Data>
        <Data name="y">
          <value>-43.53515800000</value>
        </Data>
      </ExtendedData>
      <Point>
        <coordinates>
          172.6502395,-43.535158,0
        </coordinates>
      </Point>
    </Placemark>
    <Placemark>
      <name><![CDATA[L'escargot Rouge]]></name>
      <description><![CDATA[type: cafe<br>Source: Open Street Map: http://www.openstreetmap.org.nz/<br>Update: 21/01/2019<br>x: 172.96268380000<br>y: -43.80888220000]]></description>
      <styleUrl>#icon-1577-795548</styleUrl>
      <ExtendedData>
        <Data name="type">
          <value>cafe</value>
        </Data>
        <Data name="Source">
          <value>Open Street Map: http://www.openstreetmap.org.nz/</value>
        </Data>
        <Data name="Update">
          <value>21/01/2019</value>
        </Data>
        <Data name="x">
          <value>172.96268380000</value>
        </Data>
        <Data name="y">
          <value>-43.80888220000</value>
        </Data>
      </ExtendedData>
      <Point>
        <coordinates>
          172.9626838,-43.8088822,0
        </coordinates>
      </Point>
    </Placemark>
    <Placemark>
      <name/>
      <description><![CDATA[type: cafe<br>Source: Open Street Map: http://www.openstreetmap.org.nz/<br>Update: 21/01/2019<br>x: 172.22814970000<br>y: -43.64868920000]]></description>
      <styleUrl>#icon-1577-795548</styleUrl>
      <ExtendedData>
        <Data name="type">
          <value>cafe</value>
        </Data>
        <Data name="Source">
          <value>Open Street Map: http://www.openstreetmap.org.nz/</value>
        </Data>
        <Data name="Update">
          <value>21/01/2019</value>
        </Data>
        <Data name="x">
          <value>172.22814970000</value>
        </Data>
        <Data name="y">
          <value>-43.64868920000</value>
        </Data>
      </ExtendedData>
      <Point>
        <coordinates>
          172.2281497,-43.6486892,0
        </coordinates>
      </Point>
    </Placemark>
    <Placemark>
      <name/>
      <description><![CDATA[type: cafe<br>Source: Open Street Map: http://www.openstreetmap.org.nz/<br>Update: 21/01/2019<br>x: 172.65460870000<br>y: -43.55778260000]]></description>
      <styleUrl>#icon-1577-795548</styleUrl>
      <ExtendedData>
        <Data name="type">
          <value>cafe</value>
        </Data>
        <Data name="Source">
          <value>Open Street Map: http://www.openstreetmap.org.nz/</value>
        </Data>
        <Data name="Update">
          <value>21/01/2019</value>
        </Data>
        <Data name="x">
          <value>172.65460870000</value>
        </Data>
        <Data name="y">
          <value>-43.55778260000</value>
        </Data>
      </ExtendedData>
      <Point>
        <coordinates>
          172.6546087,-43.5577826,0
        </coordinates>
      </Point>
    </Placemark>
    <Placemark>
      <name>Bellbird Cafe</name>
      <description><![CDATA[type: cafe<br>Source: Open Street Map: http://www.openstreetmap.org.nz/<br>Update: 21/01/2019<br>x: 172.67977190000<br>y: -43.55845280000]]></description>
      <styleUrl>#icon-1577-795548</styleUrl>
      <ExtendedData>
        <Data name="type">
          <value>cafe</value>
        </Data>
        <Data name="Source">
          <value>Open Street Map: http://www.openstreetmap.org.nz/</value>
        </Data>
        <Data name="Update">
          <value>21/01/2019</value>
        </Data>
        <Data name="x">
          <value>172.67977190000</value>
        </Data>
        <Data name="y">
          <value>-43.55845280000</value>
        </Data>
      </ExtendedData>
      <Point>
        <coordinates>
          172.6797719,-43.5584528,0
        </coordinates>
      </Point>
    </Placemark>
    <Placemark>
      <name>Zeroes</name>
      <description><![CDATA[type: cafe<br>Source: Open Street Map: http://www.openstreetmap.org.nz/<br>Update: 21/01/2019<br>x: 172.62443380000<br>y: -43.56891740000]]></description>
      <styleUrl>#icon-1577-795548</styleUrl>
      <ExtendedData>
        <Data name="type">
          <value>cafe</value>
        </Data>
        <Data name="Source">
          <value>Open Street Map: http://www.openstreetmap.org.nz/</value>
        </Data>
        <Data name="Update">
          <value>21/01/2019</value>
        </Data>
        <Data name="x">
          <value>172.62443380000</value>
        </Data>
        <Data name="y">
          <value>-43.56891740000</value>
        </Data>
      </ExtendedData>
      <Point>
        <coordinates>
          172.6244338,-43.5689174,0
        </coordinates>
      </Point>
    </Placemark>
    <Placemark>
      <name>Silverbacks</name>
      <description><![CDATA[type: cafe<br>Source: Open Street Map: http://www.openstreetmap.org.nz/<br>Update: 21/01/2019<br>x: 172.61560140000<br>y: -43.57362080000]]></description>
      <styleUrl>#icon-1577-795548</styleUrl>
      <ExtendedData>
        <Data name="type">
          <value>cafe</value>
        </Data>
        <Data name="Source">
          <value>Open Street Map: http://www.openstreetmap.org.nz/</value>
        </Data>
        <Data name="Update">
          <value>21/01/2019</value>
        </Data>
        <Data name="x">
          <value>172.61560140000</value>
        </Data>
        <Data name="y">
          <value>-43.57362080000</value>
        </Data>
      </ExtendedData>
      <Point>
        <coordinates>
          172.6156014,-43.5736208,0
        </coordinates>
      </Point>
    </Placemark>
    <Placemark>
      <name>Lemon Tree Cafe</name>
      <description><![CDATA[type: cafe<br>Source: Open Street Map: http://www.openstreetmap.org.nz/<br>Update: 21/01/2019<br>x: 172.64024250000<br>y: -43.53651130000]]></description>
      <styleUrl>#icon-1577-795548</styleUrl>
      <ExtendedData>
        <Data name="type">
          <value>cafe</value>
        </Data>
        <Data name="Source">
          <value>Open Street Map: http://www.openstreetmap.org.nz/</value>
        </Data>
        <Data name="Update">
          <value>21/01/2019</value>
        </Data>
        <Data name="x">
          <value>172.64024250000</value>
        </Data>
        <Data name="y">
          <value>-43.53651130000</value>
        </Data>
      </ExtendedData>
      <Point>
        <coordinates>
          172.6402425,-43.5365113,0
        </coordinates>
      </Point>
    </Placemark>
    <Placemark>
      <name>Box</name>
      <description><![CDATA[type: cafe<br>Source: Open Street Map: http://www.openstreetmap.org.nz/<br>Update: 21/01/2019<br>x: 172.56490140000<br>y: -43.55140260000]]></description>
      <styleUrl>#icon-1577-795548</styleUrl>
      <ExtendedData>
        <Data name="type">
          <value>cafe</value>
        </Data>
        <Data name="Source">
          <value>Open Street Map: http://www.openstreetmap.org.nz/</value>
        </Data>
        <Data name="Update">
          <value>21/01/2019</value>
        </Data>
        <Data name="x">
          <value>172.56490140000</value>
        </Data>
        <Data name="y">
          <value>-43.55140260000</value>
        </Data>
      </ExtendedData>
      <Point>
        <coordinates>
          172.5649014,-43.5514026,0
        </coordinates>
      </Point>
    </Placemark>
    <Placemark>
      <name>Xpresso</name>
      <description><![CDATA[type: cafe<br>Source: Open Street Map: http://www.openstreetmap.org.nz/<br>Update: 21/01/2019<br>x: 172.63663380000<br>y: -43.55203990000]]></description>
      <styleUrl>#icon-1577-795548</styleUrl>
      <ExtendedData>
        <Data name="type">
          <value>cafe</value>
        </Data>
        <Data name="Source">
          <value>Open Street Map: http://www.openstreetmap.org.nz/</value>
        </Data>
        <Data name="Update">
          <value>21/01/2019</value>
        </Data>
        <Data name="x">
          <value>172.63663380000</value>
        </Data>
        <Data name="y">
          <value>-43.55203990000</value>
        </Data>
      </ExtendedData>
      <Point>
        <coordinates>
          172.6366338,-43.5520399,0
        </coordinates>
      </Point>
    </Placemark>
    <Placemark>
      <name>Coffee Culture</name>
      <description><![CDATA[type: cafe<br>Source: Open Street Map: http://www.openstreetmap.org.nz/<br>Update: 21/01/2019<br>x: 172.61409720000<br>y: -43.54237950000]]></description>
      <styleUrl>#icon-1577-795548</styleUrl>
      <ExtendedData>
        <Data name="type">
          <value>cafe</value>
        </Data>
        <Data name="Source">
          <value>Open Street Map: http://www.openstreetmap.org.nz/</value>
        </Data>
        <Data name="Update">
          <value>21/01/2019</value>
        </Data>
        <Data name="x">
          <value>172.61409720000</value>
        </Data>
        <Data name="y">
          <value>-43.54237950000</value>
        </Data>
      </ExtendedData>
      <Point>
        <coordinates>
          172.6140972,-43.5423795,0
        </coordinates>
      </Point>
    </Placemark>
    <Placemark>
      <name>Little Poms</name>
      <description><![CDATA[type: cafe<br>Source: Open Street Map: http://www.openstreetmap.org.nz/<br>Update: 21/01/2019<br>x: 172.64999960000<br>y: -43.52672220000]]></description>
      <styleUrl>#icon-1577-795548</styleUrl>
      <ExtendedData>
        <Data name="type">
          <value>cafe</value>
        </Data>
        <Data name="Source">
          <value>Open Street Map: http://www.openstreetmap.org.nz/</value>
        </Data>
        <Data name="Update">
          <value>21/01/2019</value>
        </Data>
        <Data name="x">
          <value>172.64999960000</value>
        </Data>
        <Data name="y">
          <value>-43.52672220000</value>
        </Data>
      </ExtendedData>
      <Point>
        <coordinates>
          172.6499996,-43.5267222,0
        </coordinates>
      </Point>
    </Placemark>
    <Placemark>
      <name>Mona Vale Homestead and Pantry</name>
      <description><![CDATA[type: cafe<br>Source: Open Street Map: http://www.openstreetmap.org.nz/<br>Update: 21/01/2019<br>x: 172.60852390000<br>y: -43.52330070000]]></description>
      <styleUrl>#icon-1577-795548</styleUrl>
      <ExtendedData>
        <Data name="type">
          <value>cafe</value>
        </Data>
        <Data name="Source">
          <value>Open Street Map: http://www.openstreetmap.org.nz/</value>
        </Data>
        <Data name="Update">
          <value>21/01/2019</value>
        </Data>
        <Data name="x">
          <value>172.60852390000</value>
        </Data>
        <Data name="y">
          <value>-43.52330070000</value>
        </Data>
      </ExtendedData>
      <Point>
        <coordinates>
          172.6085239,-43.5233007,0
        </coordinates>
      </Point>
    </Placemark>
    <Placemark>
      <name>Darfield Bakery</name>
      <description><![CDATA[type: cafe<br>Source: Open Street Map: http://www.openstreetmap.org.nz/<br>Update: 21/01/2019<br>x: 172.10969480000<br>y: -43.48932650000]]></description>
      <styleUrl>#icon-1577-795548</styleUrl>
      <ExtendedData>
        <Data name="type">
          <value>cafe</value>
        </Data>
        <Data name="Source">
          <value>Open Street Map: http://www.openstreetmap.org.nz/</value>
        </Data>
        <Data name="Update">
          <value>21/01/2019</value>
        </Data>
        <Data name="x">
          <value>172.10969480000</value>
        </Data>
        <Data name="y">
          <value>-43.48932650000</value>
        </Data>
      </ExtendedData>
      <Point>
        <coordinates>
          172.1096948,-43.4893265,0
        </coordinates>
      </Point>
    </Placemark>
    <Placemark>
      <name>Cafe Euro</name>
      <description><![CDATA[type: cafe<br>Source: Open Street Map: http://www.openstreetmap.org.nz/<br>Update: 21/01/2019<br>x: 172.55823020000<br>y: -43.51039760000]]></description>
      <styleUrl>#icon-1577-795548</styleUrl>
      <ExtendedData>
        <Data name="type">
          <value>cafe</value>
        </Data>
        <Data name="Source">
          <value>Open Street Map: http://www.openstreetmap.org.nz/</value>
        </Data>
        <Data name="Update">
          <value>21/01/2019</value>
        </Data>
        <Data name="x">
          <value>172.55823020000</value>
        </Data>
        <Data name="y">
          <value>-43.51039760000</value>
        </Data>
      </ExtendedData>
      <Point>
        <coordinates>
          172.5582302,-43.5103976,0
        </coordinates>
      </Point>
    </Placemark>
    <Placemark>
      <name>Ed Hopper</name>
      <description><![CDATA[type: cafe<br>Source: Open Street Map: http://www.openstreetmap.org.nz/<br>Update: 21/01/2019<br>x: 172.60217660000<br>y: -43.53045240000]]></description>
      <styleUrl>#icon-1577-795548</styleUrl>
      <ExtendedData>
        <Data name="type">
          <value>cafe</value>
        </Data>
        <Data name="Source">
          <value>Open Street Map: http://www.openstreetmap.org.nz/</value>
        </Data>
        <Data name="Update">
          <value>21/01/2019</value>
        </Data>
        <Data name="x">
          <value>172.60217660000</value>
        </Data>
        <Data name="y">
          <value>-43.53045240000</value>
        </Data>
      </ExtendedData>
      <Point>
        <coordinates>
          172.6021766,-43.5304524,0
        </coordinates>
      </Point>
    </Placemark>
    <Placemark>
      <name>Great Coffee Fast</name>
      <description><![CDATA[type: cafe<br>Source: Open Street Map: http://www.openstreetmap.org.nz/<br>Update: 21/01/2019<br>x: 172.64212380000<br>y: -43.53468180000]]></description>
      <styleUrl>#icon-1577-795548</styleUrl>
      <ExtendedData>
        <Data name="type">
          <value>cafe</value>
        </Data>
        <Data name="Source">
          <value>Open Street Map: http://www.openstreetmap.org.nz/</value>
        </Data>
        <Data name="Update">
          <value>21/01/2019</value>
        </Data>
        <Data name="x">
          <value>172.64212380000</value>
        </Data>
        <Data name="y">
          <value>-43.53468180000</value>
        </Data>
      </ExtendedData>
      <Point>
        <coordinates>
          172.6421238,-43.5346818,0
        </coordinates>
      </Point>
    </Placemark>
    <Placemark>
      <name>Museum Cafe</name>
      <description><![CDATA[type: cafe<br>Source: Open Street Map: http://www.openstreetmap.org.nz/<br>Update: 21/01/2019<br>x: 172.62642720000<br>y: -43.53110280000]]></description>
      <styleUrl>#icon-1577-795548</styleUrl>
      <ExtendedData>
        <Data name="type">
          <value>cafe</value>
        </Data>
        <Data name="Source">
          <value>Open Street Map: http://www.openstreetmap.org.nz/</value>
        </Data>
        <Data name="Update">
          <value>21/01/2019</value>
        </Data>
        <Data name="x">
          <value>172.62642720000</value>
        </Data>
        <Data name="y">
          <value>-43.53110280000</value>
        </Data>
      </ExtendedData>
      <Point>
        <coordinates>
          172.6264272,-43.5311028,0
        </coordinates>
      </Point>
    </Placemark>
    <Placemark>
      <name>Columbus Coffee</name>
      <description><![CDATA[type: cafe<br>Source: Open Street Map: http://www.openstreetmap.org.nz/<br>Update: 21/01/2019<br>x: 172.59758840000<br>y: -43.53010430000]]></description>
      <styleUrl>#icon-1577-795548</styleUrl>
      <ExtendedData>
        <Data name="type">
          <value>cafe</value>
        </Data>
        <Data name="Source">
          <value>Open Street Map: http://www.openstreetmap.org.nz/</value>
        </Data>
        <Data name="Update">
          <value>21/01/2019</value>
        </Data>
        <Data name="x">
          <value>172.59758840000</value>
        </Data>
        <Data name="y">
          <value>-43.53010430000</value>
        </Data>
      </ExtendedData>
      <Point>
        <coordinates>
          172.5975884,-43.5301043,0
        </coordinates>
      </Point>
    </Placemark>
    <Placemark>
      <name>Starbucks</name>
      <description><![CDATA[type: cafe<br>Source: Open Street Map: http://www.openstreetmap.org.nz/<br>Update: 21/01/2019<br>x: 172.60038820000<br>y: -43.53093180000]]></description>
      <styleUrl>#icon-1577-795548</styleUrl>
      <ExtendedData>
        <Data name="type">
          <value>cafe</value>
        </Data>
        <Data name="Source">
          <value>Open Street Map: http://www.openstreetmap.org.nz/</value>
        </Data>
        <Data name="Update">
          <value>21/01/2019</value>
        </Data>
        <Data name="x">
          <value>172.60038820000</value>
        </Data>
        <Data name="y">
          <value>-43.53093180000</value>
        </Data>
      </ExtendedData>
      <Point>
        <coordinates>
          172.6003882,-43.5309318,0
        </coordinates>
      </Point>
    </Placemark>
    <Placemark>
      <name><![CDATA[Zuzu's Gelato & Coffee]]></name>
      <description><![CDATA[type: cafe<br>Source: Open Street Map: http://www.openstreetmap.org.nz/<br>Update: 21/01/2019<br>x: 172.63709920000<br>y: -43.53432180000]]></description>
      <styleUrl>#icon-1577-795548</styleUrl>
      <ExtendedData>
        <Data name="type">
          <value>cafe</value>
        </Data>
        <Data name="Source">
          <value>Open Street Map: http://www.openstreetmap.org.nz/</value>
        </Data>
        <Data name="Update">
          <value>21/01/2019</value>
        </Data>
        <Data name="x">
          <value>172.63709920000</value>
        </Data>
        <Data name="y">
          <value>-43.53432180000</value>
        </Data>
      </ExtendedData>
      <Point>
        <coordinates>
          172.6370992,-43.5343218,0
        </coordinates>
      </Point>
    </Placemark>
    <Placemark>
      <name><![CDATA[GT Organic Grocer & Cafe]]></name>
      <description><![CDATA[type: cafe<br>Source: Open Street Map: http://www.openstreetmap.org.nz/<br>Update: 21/01/2019<br>x: 172.62262120000<br>y: -43.49005850000]]></description>
      <styleUrl>#icon-1577-795548</styleUrl>
      <ExtendedData>
        <Data name="type">
          <value>cafe</value>
        </Data>
        <Data name="Source">
          <value>Open Street Map: http://www.openstreetmap.org.nz/</value>
        </Data>
        <Data name="Update">
          <value>21/01/2019</value>
        </Data>
        <Data name="x">
          <value>172.62262120000</value>
        </Data>
        <Data name="y">
          <value>-43.49005850000</value>
        </Data>
      </ExtendedData>
      <Point>
        <coordinates>
          172.6226212,-43.4900585,0
        </coordinates>
      </Point>
    </Placemark>
    <Placemark>
      <name>What The Food?</name>
      <description><![CDATA[type: cafe<br>Source: Open Street Map: http://www.openstreetmap.org.nz/<br>Update: 21/01/2019<br>x: 172.65109880000<br>y: -43.53858800000]]></description>
      <styleUrl>#icon-1577-795548</styleUrl>
      <ExtendedData>
        <Data name="type">
          <value>cafe</value>
        </Data>
        <Data name="Source">
          <value>Open Street Map: http://www.openstreetmap.org.nz/</value>
        </Data>
        <Data name="Update">
          <value>21/01/2019</value>
        </Data>
        <Data name="x">
          <value>172.65109880000</value>
        </Data>
        <Data name="y">
          <value>-43.53858800000</value>
        </Data>
      </ExtendedData>
      <Point>
        <coordinates>
          172.6510988,-43.538588,0
        </coordinates>
      </Point>
    </Placemark>
    <Placemark>
      <name>Unknown Chapter</name>
      <description><![CDATA[type: cafe<br>Source: Open Street Map: http://www.openstreetmap.org.nz/<br>Update: 21/01/2019<br>x: 172.64153360000<br>y: -43.53654110000]]></description>
      <styleUrl>#icon-1577-795548</styleUrl>
      <ExtendedData>
        <Data name="type">
          <value>cafe</value>
        </Data>
        <Data name="Source">
          <value>Open Street Map: http://www.openstreetmap.org.nz/</value>
        </Data>
        <Data name="Update">
          <value>21/01/2019</value>
        </Data>
        <Data name="x">
          <value>172.64153360000</value>
        </Data>
        <Data name="y">
          <value>-43.53654110000</value>
        </Data>
      </ExtendedData>
      <Point>
        <coordinates>
          172.6415336,-43.5365411,0
        </coordinates>
      </Point>
    </Placemark>
    <Placemark>
      <name>Therapy</name>
      <description><![CDATA[type: cafe<br>Source: Open Street Map: http://www.openstreetmap.org.nz/<br>Update: 21/01/2019<br>x: 172.63401560000<br>y: -43.53193490000]]></description>
      <styleUrl>#icon-1577-795548</styleUrl>
      <ExtendedData>
        <Data name="type">
          <value>cafe</value>
        </Data>
        <Data name="Source">
          <value>Open Street Map: http://www.openstreetmap.org.nz/</value>
        </Data>
        <Data name="Update">
          <value>21/01/2019</value>
        </Data>
        <Data name="x">
          <value>172.63401560000</value>
        </Data>
        <Data name="y">
          <value>-43.53193490000</value>
        </Data>
      </ExtendedData>
      <Point>
        <coordinates>
          172.6340156,-43.5319349,0
        </coordinates>
      </Point>
    </Placemark>
    <Placemark>
      <name>The Kitchen</name>
      <description><![CDATA[type: cafe<br>Source: Open Street Map: http://www.openstreetmap.org.nz/<br>Update: 21/01/2019<br>x: 172.63176580000<br>y: -43.53156680000]]></description>
      <styleUrl>#icon-1577-795548</styleUrl>
      <ExtendedData>
        <Data name="type">
          <value>cafe</value>
        </Data>
        <Data name="Source">
          <value>Open Street Map: http://www.openstreetmap.org.nz/</value>
        </Data>
        <Data name="Update">
          <value>21/01/2019</value>
        </Data>
        <Data name="x">
          <value>172.63176580000</value>
        </Data>
        <Data name="y">
          <value>-43.53156680000</value>
        </Data>
      </ExtendedData>
      <Point>
        <coordinates>
          172.6317658,-43.5315668,0
        </coordinates>
      </Point>
    </Placemark>
    <Placemark>
      <name>Robert Harris</name>
      <description><![CDATA[type: cafe<br>Source: Open Street Map: http://www.openstreetmap.org.nz/<br>Update: 21/01/2019<br>x: 172.63591120000<br>y: -43.53215070000]]></description>
      <styleUrl>#icon-1577-795548</styleUrl>
      <ExtendedData>
        <Data name="type">
          <value>cafe</value>
        </Data>
        <Data name="Source">
          <value>Open Street Map: http://www.openstreetmap.org.nz/</value>
        </Data>
        <Data name="Update">
          <value>21/01/2019</value>
        </Data>
        <Data name="x">
          <value>172.63591120000</value>
        </Data>
        <Data name="y">
          <value>-43.53215070000</value>
        </Data>
      </ExtendedData>
      <Point>
        <coordinates>
          172.6359112,-43.5321507,0
        </coordinates>
      </Point>
    </Placemark>
    <Placemark>
      <name>147 Coffee Container</name>
      <description><![CDATA[type: cafe<br>Source: Open Street Map: http://www.openstreetmap.org.nz/<br>Update: 21/01/2019<br>x: 172.63820390000<br>y: -43.53193160000]]></description>
      <styleUrl>#icon-1577-795548</styleUrl>
      <ExtendedData>
        <Data name="type">
          <value>cafe</value>
        </Data>
        <Data name="Source">
          <value>Open Street Map: http://www.openstreetmap.org.nz/</value>
        </Data>
        <Data name="Update">
          <value>21/01/2019</value>
        </Data>
        <Data name="x">
          <value>172.63820390000</value>
        </Data>
        <Data name="y">
          <value>-43.53193160000</value>
        </Data>
      </ExtendedData>
      <Point>
        <coordinates>
          172.6382039,-43.5319316,0
        </coordinates>
      </Point>
    </Placemark>
    <Placemark>
      <name>Ed Hooper</name>
      <description><![CDATA[type: cafe<br>Source: Open Street Map: http://www.openstreetmap.org.nz/<br>Update: 21/01/2019<br>x: 172.60218490000<br>y: -43.53043630000]]></description>
      <styleUrl>#icon-1577-795548</styleUrl>
      <ExtendedData>
        <Data name="type">
          <value>cafe</value>
        </Data>
        <Data name="Source">
          <value>Open Street Map: http://www.openstreetmap.org.nz/</value>
        </Data>
        <Data name="Update">
          <value>21/01/2019</value>
        </Data>
        <Data name="x">
          <value>172.60218490000</value>
        </Data>
        <Data name="y">
          <value>-43.53043630000</value>
        </Data>
      </ExtendedData>
      <Point>
        <coordinates>
          172.6021849,-43.5304363,0
        </coordinates>
      </Point>
    </Placemark>
    <Placemark>
      <name>C4 Coffee Co</name>
      <description><![CDATA[type: cafe<br>Source: Open Street Map: http://www.openstreetmap.org.nz/<br>Update: 21/01/2019<br>x: 172.64400630000<br>y: -43.53544670000]]></description>
      <styleUrl>#icon-1577-795548</styleUrl>
      <ExtendedData>
        <Data name="type">
          <value>cafe</value>
        </Data>
        <Data name="Source">
          <value>Open Street Map: http://www.openstreetmap.org.nz/</value>
        </Data>
        <Data name="Update">
          <value>21/01/2019</value>
        </Data>
        <Data name="x">
          <value>172.64400630000</value>
        </Data>
        <Data name="y">
          <value>-43.53544670000</value>
        </Data>
      </ExtendedData>
      <Point>
        <coordinates>
          172.6440063,-43.5354467,0
        </coordinates>
      </Point>
    </Placemark>
    <Placemark>
      <name>Three Llamas coffee house</name>
      <description><![CDATA[type: cafe<br>Source: Open Street Map: http://www.openstreetmap.org.nz/<br>Update: 21/01/2019<br>x: 172.66529690000<br>y: -43.32203710000]]></description>
      <styleUrl>#icon-1577-795548</styleUrl>
      <ExtendedData>
        <Data name="type">
          <value>cafe</value>
        </Data>
        <Data name="Source">
          <value>Open Street Map: http://www.openstreetmap.org.nz/</value>
        </Data>
        <Data name="Update">
          <value>21/01/2019</value>
        </Data>
        <Data name="x">
          <value>172.66529690000</value>
        </Data>
        <Data name="y">
          <value>-43.32203710000</value>
        </Data>
      </ExtendedData>
      <Point>
        <coordinates>
          172.6652969,-43.3220371,0
        </coordinates>
      </Point>
    </Placemark>
    <Placemark>
      <name>Bakery Expresso</name>
      <description><![CDATA[type: cafe<br>Source: Open Street Map: http://www.openstreetmap.org.nz/<br>Update: 21/01/2019<br>x: 172.66712320000<br>y: -43.54344890000]]></description>
      <styleUrl>#icon-1577-795548</styleUrl>
      <ExtendedData>
        <Data name="type">
          <value>cafe</value>
        </Data>
        <Data name="Source">
          <value>Open Street Map: http://www.openstreetmap.org.nz/</value>
        </Data>
        <Data name="Update">
          <value>21/01/2019</value>
        </Data>
        <Data name="x">
          <value>172.66712320000</value>
        </Data>
        <Data name="y">
          <value>-43.54344890000</value>
        </Data>
      </ExtendedData>
      <Point>
        <coordinates>
          172.6671232,-43.5434489,0
        </coordinates>
      </Point>
    </Placemark>
    <Placemark>
      <name>The Cafe</name>
      <description><![CDATA[type: cafe<br>Source: Open Street Map: http://www.openstreetmap.org.nz/<br>Update: 21/01/2019<br>x: 172.70522650000<br>y: -43.43051780000]]></description>
      <styleUrl>#icon-1577-795548</styleUrl>
      <ExtendedData>
        <Data name="type">
          <value>cafe</value>
        </Data>
        <Data name="Source">
          <value>Open Street Map: http://www.openstreetmap.org.nz/</value>
        </Data>
        <Data name="Update">
          <value>21/01/2019</value>
        </Data>
        <Data name="x">
          <value>172.70522650000</value>
        </Data>
        <Data name="y">
          <value>-43.43051780000</value>
        </Data>
      </ExtendedData>
      <Point>
        <coordinates>
          172.7052265,-43.4305178,0
        </coordinates>
      </Point>
    </Placemark>
    <Placemark>
      <name>Arborista</name>
      <description><![CDATA[type: cafe<br>Source: Open Street Map: http://www.openstreetmap.org.nz/<br>Update: 21/01/2019<br>x: 172.63733430000<br>y: -43.53266840000]]></description>
      <styleUrl>#icon-1577-795548</styleUrl>
      <ExtendedData>
        <Data name="type">
          <value>cafe</value>
        </Data>
        <Data name="Source">
          <value>Open Street Map: http://www.openstreetmap.org.nz/</value>
        </Data>
        <Data name="Update">
          <value>21/01/2019</value>
        </Data>
        <Data name="x">
          <value>172.63733430000</value>
        </Data>
        <Data name="y">
          <value>-43.53266840000</value>
        </Data>
      </ExtendedData>
      <Point>
        <coordinates>
          172.6373343,-43.5326684,0
        </coordinates>
      </Point>
    </Placemark>
    <Placemark>
      <name>Honest</name>
      <description><![CDATA[type: cafe<br>Source: Open Street Map: http://www.openstreetmap.org.nz/<br>Update: 21/01/2019<br>x: 172.63182060000<br>y: -43.53328030000]]></description>
      <styleUrl>#icon-1577-795548</styleUrl>
      <ExtendedData>
        <Data name="type">
          <value>cafe</value>
        </Data>
        <Data name="Source">
          <value>Open Street Map: http://www.openstreetmap.org.nz/</value>
        </Data>
        <Data name="Update">
          <value>21/01/2019</value>
        </Data>
        <Data name="x">
          <value>172.63182060000</value>
        </Data>
        <Data name="y">
          <value>-43.53328030000</value>
        </Data>
      </ExtendedData>
      <Point>
        <coordinates>
          172.6318206,-43.5332803,0
        </coordinates>
      </Point>
    </Placemark>
    <Placemark>
      <name>Made</name>
      <description><![CDATA[type: cafe<br>Source: Open Street Map: http://www.openstreetmap.org.nz/<br>Update: 21/01/2019<br>x: 172.63110260000<br>y: -43.53325250000]]></description>
      <styleUrl>#icon-1577-795548</styleUrl>
      <ExtendedData>
        <Data name="type">
          <value>cafe</value>
        </Data>
        <Data name="Source">
          <value>Open Street Map: http://www.openstreetmap.org.nz/</value>
        </Data>
        <Data name="Update">
          <value>21/01/2019</value>
        </Data>
        <Data name="x">
          <value>172.63110260000</value>
        </Data>
        <Data name="y">
          <value>-43.53325250000</value>
        </Data>
      </ExtendedData>
      <Point>
        <coordinates>
          172.6311026,-43.5332525,0
        </coordinates>
      </Point>
    </Placemark>
    <Placemark>
      <name>Del Mar</name>
      <description><![CDATA[type: cafe<br>Source: Open Street Map: http://www.openstreetmap.org.nz/<br>Update: 21/01/2019<br>x: 172.69863360000<br>y: -43.55658860000]]></description>
      <styleUrl>#icon-1577-795548</styleUrl>
      <ExtendedData>
        <Data name="type">
          <value>cafe</value>
        </Data>
        <Data name="Source">
          <value>Open Street Map: http://www.openstreetmap.org.nz/</value>
        </Data>
        <Data name="Update">
          <value>21/01/2019</value>
        </Data>
        <Data name="x">
          <value>172.69863360000</value>
        </Data>
        <Data name="y">
          <value>-43.55658860000</value>
        </Data>
      </ExtendedData>
      <Point>
        <coordinates>
          172.6986336,-43.5565886,0
        </coordinates>
      </Point>
    </Placemark>
    <Placemark>
      <name>Tap n grind</name>
      <description><![CDATA[type: cafe<br>Source: Open Street Map: http://www.openstreetmap.org.nz/<br>Update: 21/01/2019<br>x: 172.63960510000<br>y: -43.53650970000]]></description>
      <styleUrl>#icon-1577-795548</styleUrl>
      <ExtendedData>
        <Data name="type">
          <value>cafe</value>
        </Data>
        <Data name="Source">
          <value>Open Street Map: http://www.openstreetmap.org.nz/</value>
        </Data>
        <Data name="Update">
          <value>21/01/2019</value>
        </Data>
        <Data name="x">
          <value>172.63960510000</value>
        </Data>
        <Data name="y">
          <value>-43.53650970000</value>
        </Data>
      </ExtendedData>
      <Point>
        <coordinates>
          172.6396051,-43.5365097,0
        </coordinates>
      </Point>
    </Placemark>
    <Placemark>
      <name>Bunsen</name>
      <description><![CDATA[type: cafe<br>Source: Open Street Map: http://www.openstreetmap.org.nz/<br>Update: 21/01/2019<br>x: 172.62844980000<br>y: -43.53116950000]]></description>
      <styleUrl>#icon-1577-795548</styleUrl>
      <ExtendedData>
        <Data name="type">
          <value>cafe</value>
        </Data>
        <Data name="Source">
          <value>Open Street Map: http://www.openstreetmap.org.nz/</value>
        </Data>
        <Data name="Update">
          <value>21/01/2019</value>
        </Data>
        <Data name="x">
          <value>172.62844980000</value>
        </Data>
        <Data name="y">
          <value>-43.53116950000</value>
        </Data>
      </ExtendedData>
      <Point>
        <coordinates>
          172.6284498,-43.5311695,0
        </coordinates>
      </Point>
    </Placemark>
    <Placemark>
      <name>The Cup</name>
      <description><![CDATA[type: cafe<br>Source: Open Street Map: http://www.openstreetmap.org.nz/<br>Update: 21/01/2019<br>x: 172.63025620000<br>y: -43.57697490000]]></description>
      <styleUrl>#icon-1577-795548</styleUrl>
      <ExtendedData>
        <Data name="type">
          <value>cafe</value>
        </Data>
        <Data name="Source">
          <value>Open Street Map: http://www.openstreetmap.org.nz/</value>
        </Data>
        <Data name="Update">
          <value>21/01/2019</value>
        </Data>
        <Data name="x">
          <value>172.63025620000</value>
        </Data>
        <Data name="y">
          <value>-43.57697490000</value>
        </Data>
      </ExtendedData>
      <Point>
        <coordinates>
          172.6302562,-43.5769749,0
        </coordinates>
      </Point>
    </Placemark>
    <Placemark>
      <name><![CDATA[Emperor's New Clothes]]></name>
      <description><![CDATA[type: cafe<br>Source: Open Street Map: http://www.openstreetmap.org.nz/<br>Update: 21/01/2019<br>x: 172.63046880000<br>y: -43.57723640000]]></description>
      <styleUrl>#icon-1577-795548</styleUrl>
      <ExtendedData>
        <Data name="type">
          <value>cafe</value>
        </Data>
        <Data name="Source">
          <value>Open Street Map: http://www.openstreetmap.org.nz/</value>
        </Data>
        <Data name="Update">
          <value>21/01/2019</value>
        </Data>
        <Data name="x">
          <value>172.63046880000</value>
        </Data>
        <Data name="y">
          <value>-43.57723640000</value>
        </Data>
      </ExtendedData>
      <Point>
        <coordinates>
          172.6304688,-43.5772364,0
        </coordinates>
      </Point>
    </Placemark>
    <Placemark>
      <name>Dispence</name>
      <description><![CDATA[type: cafe<br>Source: Open Street Map: http://www.openstreetmap.org.nz/<br>Update: 21/01/2019<br>x: 172.70131940000<br>y: -43.55682110000]]></description>
      <styleUrl>#icon-1577-795548</styleUrl>
      <ExtendedData>
        <Data name="type">
          <value>cafe</value>
        </Data>
        <Data name="Source">
          <value>Open Street Map: http://www.openstreetmap.org.nz/</value>
        </Data>
        <Data name="Update">
          <value>21/01/2019</value>
        </Data>
        <Data name="x">
          <value>172.70131940000</value>
        </Data>
        <Data name="y">
          <value>-43.55682110000</value>
        </Data>
      </ExtendedData>
      <Point>
        <coordinates>
          172.7013194,-43.5568211,0
        </coordinates>
      </Point>
    </Placemark>
    <Placemark>
      <name>Coffee Barn</name>
      <description><![CDATA[type: cafe<br>Source: Open Street Map: http://www.openstreetmap.org.nz/<br>Update: 21/01/2019<br>x: 172.66026360000<br>y: -43.66835000000]]></description>
      <styleUrl>#icon-1577-795548</styleUrl>
      <ExtendedData>
        <Data name="type">
          <value>cafe</value>
        </Data>
        <Data name="Source">
          <value>Open Street Map: http://www.openstreetmap.org.nz/</value>
        </Data>
        <Data name="Update">
          <value>21/01/2019</value>
        </Data>
        <Data name="x">
          <value>172.66026360000</value>
        </Data>
        <Data name="y">
          <value>-43.66835000000</value>
        </Data>
      </ExtendedData>
      <Point>
        <coordinates>
          172.6602636,-43.66835,0
        </coordinates>
      </Point>
    </Placemark>
    <Placemark>
      <name/>
      <description><![CDATA[type: cafe<br>Source: Open Street Map: http://www.openstreetmap.org.nz/<br>Update: 21/01/2019<br>x: 172.96885430000<br>y: -43.80301910000]]></description>
      <styleUrl>#icon-1577-795548</styleUrl>
      <ExtendedData>
        <Data name="type">
          <value>cafe</value>
        </Data>
        <Data name="Source">
          <value>Open Street Map: http://www.openstreetmap.org.nz/</value>
        </Data>
        <Data name="Update">
          <value>21/01/2019</value>
        </Data>
        <Data name="x">
          <value>172.96885430000</value>
        </Data>
        <Data name="y">
          <value>-43.80301910000</value>
        </Data>
      </ExtendedData>
      <Point>
        <coordinates>
          172.9688543,-43.8030191,0
        </coordinates>
      </Point>
    </Placemark>
    <Placemark>
      <name>Little River Cafe</name>
      <description><![CDATA[type: cafe<br>Source: Open Street Map: http://www.openstreetmap.org.nz/<br>Update: 21/01/2019<br>x: 172.79040010000<br>y: -43.77045440000]]></description>
      <styleUrl>#icon-1577-795548</styleUrl>
      <ExtendedData>
        <Data name="type">
          <value>cafe</value>
        </Data>
        <Data name="Source">
          <value>Open Street Map: http://www.openstreetmap.org.nz/</value>
        </Data>
        <Data name="Update">
          <value>21/01/2019</value>
        </Data>
        <Data name="x">
          <value>172.79040010000</value>
        </Data>
        <Data name="y">
          <value>-43.77045440000</value>
        </Data>
      </ExtendedData>
      <Point>
        <coordinates>
          172.7904001,-43.7704544,0
        </coordinates>
      </Point>
    </Placemark>
    <Placemark>
      <name>Coffee Culture</name>
      <description><![CDATA[type: cafe<br>Source: Open Street Map: http://www.openstreetmap.org.nz/<br>Update: 21/01/2019<br>x: 172.53955910000<br>y: -43.48817230000]]></description>
      <styleUrl>#icon-1577-795548</styleUrl>
      <ExtendedData>
        <Data name="type">
          <value>cafe</value>
        </Data>
        <Data name="Source">
          <value>Open Street Map: http://www.openstreetmap.org.nz/</value>
        </Data>
        <Data name="Update">
          <value>21/01/2019</value>
        </Data>
        <Data name="x">
          <value>172.53955910000</value>
        </Data>
        <Data name="y">
          <value>-43.48817230000</value>
        </Data>
      </ExtendedData>
      <Point>
        <coordinates>
          172.5395591,-43.4881723,0
        </coordinates>
      </Point>
    </Placemark>
    <Placemark>
      <name>The Coffee club</name>
      <description><![CDATA[type: cafe<br>Source: Open Street Map: http://www.openstreetmap.org.nz/<br>Update: 21/01/2019<br>x: 172.54038380000<br>y: -43.48730040000]]></description>
      <styleUrl>#icon-1577-795548</styleUrl>
      <ExtendedData>
        <Data name="type">
          <value>cafe</value>
        </Data>
        <Data name="Source">
          <value>Open Street Map: http://www.openstreetmap.org.nz/</value>
        </Data>
        <Data name="Update">
          <value>21/01/2019</value>
        </Data>
        <Data name="x">
          <value>172.54038380000</value>
        </Data>
        <Data name="y">
          <value>-43.48730040000</value>
        </Data>
      </ExtendedData>
      <Point>
        <coordinates>
          172.5403838,-43.4873004,0
        </coordinates>
      </Point>
    </Placemark>
    <Placemark>
      <name>Number Eight</name>
      <description><![CDATA[type: cafe<br>Source: Open Street Map: http://www.openstreetmap.org.nz/<br>Update: 21/01/2019<br>x: 172.53989520000<br>y: -43.48867920000]]></description>
      <styleUrl>#icon-1577-795548</styleUrl>
      <ExtendedData>
        <Data name="type">
          <value>cafe</value>
        </Data>
        <Data name="Source">
          <value>Open Street Map: http://www.openstreetmap.org.nz/</value>
        </Data>
        <Data name="Update">
          <value>21/01/2019</value>
        </Data>
        <Data name="x">
          <value>172.53989520000</value>
        </Data>
        <Data name="y">
          <value>-43.48867920000</value>
        </Data>
      </ExtendedData>
      <Point>
        <coordinates>
          172.5398952,-43.4886792,0
        </coordinates>
      </Point>
    </Placemark>
    <Placemark>
      <name>Underground Coffee Company</name>
      <description><![CDATA[type: cafe<br>Source: Open Street Map: http://www.openstreetmap.org.nz/<br>Update: 21/01/2019<br>x: 172.53989430000<br>y: -43.48889380000]]></description>
      <styleUrl>#icon-1577-795548</styleUrl>
      <ExtendedData>
        <Data name="type">
          <value>cafe</value>
        </Data>
        <Data name="Source">
          <value>Open Street Map: http://www.openstreetmap.org.nz/</value>
        </Data>
        <Data name="Update">
          <value>21/01/2019</value>
        </Data>
        <Data name="x">
          <value>172.53989430000</value>
        </Data>
        <Data name="y">
          <value>-43.48889380000</value>
        </Data>
      </ExtendedData>
      <Point>
        <coordinates>
          172.5398943,-43.4888938,0
        </coordinates>
      </Point>
    </Placemark>
    <Placemark>
      <name>Expresso to go</name>
      <description><![CDATA[type: cafe<br>Source: Open Street Map: http://www.openstreetmap.org.nz/<br>Update: 21/01/2019<br>x: 172.54056210000<br>y: -43.48726060000]]></description>
      <styleUrl>#icon-1577-795548</styleUrl>
      <ExtendedData>
        <Data name="type">
          <value>cafe</value>
        </Data>
        <Data name="Source">
          <value>Open Street Map: http://www.openstreetmap.org.nz/</value>
        </Data>
        <Data name="Update">
          <value>21/01/2019</value>
        </Data>
        <Data name="x">
          <value>172.54056210000</value>
        </Data>
        <Data name="y">
          <value>-43.48726060000</value>
        </Data>
      </ExtendedData>
      <Point>
        <coordinates>
          172.5405621,-43.4872606,0
        </coordinates>
      </Point>
    </Placemark>
    <Placemark>
      <name>Caf├®51</name>
      <description><![CDATA[type: cafe<br>Source: Open Street Map: http://www.openstreetmap.org.nz/<br>Update: 21/01/2019<br>x: 172.19223170000<br>y: -43.29810950000]]></description>
      <styleUrl>#icon-1577-795548</styleUrl>
      <ExtendedData>
        <Data name="type">
          <value>cafe</value>
        </Data>
        <Data name="Source">
          <value>Open Street Map: http://www.openstreetmap.org.nz/</value>
        </Data>
        <Data name="Update">
          <value>21/01/2019</value>
        </Data>
        <Data name="x">
          <value>172.19223170000</value>
        </Data>
        <Data name="y">
          <value>-43.29810950000</value>
        </Data>
      </ExtendedData>
      <Point>
        <coordinates>
          172.1922317,-43.2981095,0
        </coordinates>
      </Point>
    </Placemark>
    <Placemark>
      <name>Cafe Mosaic</name>
      <description><![CDATA[type: cafe<br>Source: Open Street Map: http://www.openstreetmap.org.nz/<br>Update: 21/01/2019<br>x: 172.61997800000<br>y: -43.55583000000]]></description>
      <styleUrl>#icon-1577-795548</styleUrl>
      <ExtendedData>
        <Data name="type">
          <value>cafe</value>
        </Data>
        <Data name="Source">
          <value>Open Street Map: http://www.openstreetmap.org.nz/</value>
        </Data>
        <Data name="Update">
          <value>21/01/2019</value>
        </Data>
        <Data name="x">
          <value>172.61997800000</value>
        </Data>
        <Data name="y">
          <value>-43.55583000000</value>
        </Data>
      </ExtendedData>
      <Point>
        <coordinates>
          172.619978,-43.55583,0
        </coordinates>
      </Point>
    </Placemark>
    <Placemark>
      <name><![CDATA[Chilton's]]></name>
      <description><![CDATA[type: cafe<br>Source: Open Street Map: http://www.openstreetmap.org.nz/<br>Update: 21/01/2019<br>x: 172.58308040000<br>y: -43.52364020000]]></description>
      <styleUrl>#icon-1577-795548</styleUrl>
      <ExtendedData>
        <Data name="type">
          <value>cafe</value>
        </Data>
        <Data name="Source">
          <value>Open Street Map: http://www.openstreetmap.org.nz/</value>
        </Data>
        <Data name="Update">
          <value>21/01/2019</value>
        </Data>
        <Data name="x">
          <value>172.58308040000</value>
        </Data>
        <Data name="y">
          <value>-43.52364020000</value>
        </Data>
      </ExtendedData>
      <Point>
        <coordinates>
          172.5830804,-43.5236402,0
        </coordinates>
      </Point>
    </Placemark>
    <Placemark>
      <name>Cafe 101</name>
      <description><![CDATA[type: cafe<br>Source: Open Street Map: http://www.openstreetmap.org.nz/<br>Update: 21/01/2019<br>x: 172.58426830000<br>y: -43.52397450000]]></description>
      <styleUrl>#icon-1577-795548</styleUrl>
      <ExtendedData>
        <Data name="type">
          <value>cafe</value>
        </Data>
        <Data name="Source">
          <value>Open Street Map: http://www.openstreetmap.org.nz/</value>
        </Data>
        <Data name="Update">
          <value>21/01/2019</value>
        </Data>
        <Data name="x">
          <value>172.58426830000</value>
        </Data>
        <Data name="y">
          <value>-43.52397450000</value>
        </Data>
      </ExtendedData>
      <Point>
        <coordinates>
          172.5842683,-43.5239745,0
        </coordinates>
      </Point>
    </Placemark>
    <Placemark>
      <name>Delishimoes Bakery</name>
      <description><![CDATA[type: cafe<br>Source: Open Street Map: http://www.openstreetmap.org.nz/<br>Update: 21/01/2019<br>x: 172.58580200000<br>y: -43.49978560000]]></description>
      <styleUrl>#icon-1577-795548</styleUrl>
      <ExtendedData>
        <Data name="type">
          <value>cafe</value>
        </Data>
        <Data name="Source">
          <value>Open Street Map: http://www.openstreetmap.org.nz/</value>
        </Data>
        <Data name="Update">
          <value>21/01/2019</value>
        </Data>
        <Data name="x">
          <value>172.58580200000</value>
        </Data>
        <Data name="y">
          <value>-43.49978560000</value>
        </Data>
      </ExtendedData>
      <Point>
        <coordinates>
          172.585802,-43.4997856,0
        </coordinates>
      </Point>
    </Placemark>
    <Placemark>
      <name><![CDATA[Vic's Cafe]]></name>
      <description><![CDATA[type: cafe<br>Source: Open Street Map: http://www.openstreetmap.org.nz/<br>Update: 21/01/2019<br>x: 172.62924010000<br>y: -43.52206600000]]></description>
      <styleUrl>#icon-1577-795548</styleUrl>
      <ExtendedData>
        <Data name="type">
          <value>cafe</value>
        </Data>
        <Data name="Source">
          <value>Open Street Map: http://www.openstreetmap.org.nz/</value>
        </Data>
        <Data name="Update">
          <value>21/01/2019</value>
        </Data>
        <Data name="x">
          <value>172.62924010000</value>
        </Data>
        <Data name="y">
          <value>-43.52206600000</value>
        </Data>
      </ExtendedData>
      <Point>
        <coordinates>
          172.6292401,-43.522066,0
        </coordinates>
      </Point>
    </Placemark>
    <Placemark>
      <name>Crossroads Cafe</name>
      <description><![CDATA[type: cafe<br>Source: Open Street Map: http://www.openstreetmap.org.nz/<br>Update: 21/01/2019<br>x: 172.67237290000<br>y: -43.52511180000]]></description>
      <styleUrl>#icon-1577-795548</styleUrl>
      <ExtendedData>
        <Data name="type">
          <value>cafe</value>
        </Data>
        <Data name="Source">
          <value>Open Street Map: http://www.openstreetmap.org.nz/</value>
        </Data>
        <Data name="Update">
          <value>21/01/2019</value>
        </Data>
        <Data name="x">
          <value>172.67237290000</value>
        </Data>
        <Data name="y">
          <value>-43.52511180000</value>
        </Data>
      </ExtendedData>
      <Point>
        <coordinates>
          172.6723729,-43.5251118,0
        </coordinates>
      </Point>
    </Placemark>
    <Placemark>
      <name>Route 72 Cafe Bar Emporium</name>
      <description><![CDATA[type: cafe<br>Source: Open Street Map: http://www.openstreetmap.org.nz/<br>Update: 21/01/2019<br>x: 172.37825460000<br>y: -43.31145320000]]></description>
      <styleUrl>#icon-1577-795548</styleUrl>
      <ExtendedData>
        <Data name="type">
          <value>cafe</value>
        </Data>
        <Data name="Source">
          <value>Open Street Map: http://www.openstreetmap.org.nz/</value>
        </Data>
        <Data name="Update">
          <value>21/01/2019</value>
        </Data>
        <Data name="x">
          <value>172.37825460000</value>
        </Data>
        <Data name="y">
          <value>-43.31145320000</value>
        </Data>
      </ExtendedData>
      <Point>
        <coordinates>
          172.3782546,-43.3114532,0
        </coordinates>
      </Point>
    </Placemark>
    <Placemark>
      <name>Salmon Tales Cafe</name>
      <description><![CDATA[type: cafe<br>Source: Open Street Map: http://www.openstreetmap.org.nz/<br>Update: 21/01/2019<br>x: 172.02549790000<br>y: -43.75491400000]]></description>
      <styleUrl>#icon-1577-795548</styleUrl>
      <ExtendedData>
        <Data name="type">
          <value>cafe</value>
        </Data>
        <Data name="Source">
          <value>Open Street Map: http://www.openstreetmap.org.nz/</value>
        </Data>
        <Data name="Update">
          <value>21/01/2019</value>
        </Data>
        <Data name="x">
          <value>172.02549790000</value>
        </Data>
        <Data name="y">
          <value>-43.75491400000</value>
        </Data>
      </ExtendedData>
      <Point>
        <coordinates>
          172.0254979,-43.754914,0
        </coordinates>
      </Point>
    </Placemark>
    <Placemark>
      <name>The Origin</name>
      <description><![CDATA[type: cafe<br>Source: Open Street Map: http://www.openstreetmap.org.nz/<br>Update: 21/01/2019<br>x: 172.63631390000<br>y: -43.50625580000]]></description>
      <styleUrl>#icon-1577-795548</styleUrl>
      <ExtendedData>
        <Data name="type">
          <value>cafe</value>
        </Data>
        <Data name="Source">
          <value>Open Street Map: http://www.openstreetmap.org.nz/</value>
        </Data>
        <Data name="Update">
          <value>21/01/2019</value>
        </Data>
        <Data name="x">
          <value>172.63631390000</value>
        </Data>
        <Data name="y">
          <value>-43.50625580000</value>
        </Data>
      </ExtendedData>
      <Point>
        <coordinates>
          172.6363139,-43.5062558,0
        </coordinates>
      </Point>
    </Placemark>
    <Placemark>
      <name>Maison de Crepes</name>
      <description><![CDATA[type: cafe<br>Source: Open Street Map: http://www.openstreetmap.org.nz/<br>Update: 21/01/2019<br>x: 172.62800350000<br>y: -43.52053610000]]></description>
      <styleUrl>#icon-1577-795548</styleUrl>
      <ExtendedData>
        <Data name="type">
          <value>cafe</value>
        </Data>
        <Data name="Source">
          <value>Open Street Map: http://www.openstreetmap.org.nz/</value>
        </Data>
        <Data name="Update">
          <value>21/01/2019</value>
        </Data>
        <Data name="x">
          <value>172.62800350000</value>
        </Data>
        <Data name="y">
          <value>-43.52053610000</value>
        </Data>
      </ExtendedData>
      <Point>
        <coordinates>
          172.6280035,-43.5205361,0
        </coordinates>
      </Point>
    </Placemark>
    <Placemark>
      <name>Procop├®</name>
      <description><![CDATA[type: cafe<br>Source: Open Street Map: http://www.openstreetmap.org.nz/<br>Update: 21/01/2019<br>x: 172.62855720000<br>y: -43.52183340000]]></description>
      <styleUrl>#icon-1577-795548</styleUrl>
      <ExtendedData>
        <Data name="type">
          <value>cafe</value>
        </Data>
        <Data name="Source">
          <value>Open Street Map: http://www.openstreetmap.org.nz/</value>
        </Data>
        <Data name="Update">
          <value>21/01/2019</value>
        </Data>
        <Data name="x">
          <value>172.62855720000</value>
        </Data>
        <Data name="y">
          <value>-43.52183340000</value>
        </Data>
      </ExtendedData>
      <Point>
        <coordinates>
          172.6285572,-43.5218334,0
        </coordinates>
      </Point>
    </Placemark>
    <Placemark>
      <name>Casamassima</name>
      <description><![CDATA[type: cafe<br>Source: Open Street Map: http://www.openstreetmap.org.nz/<br>Update: 21/01/2019<br>x: 172.63162670000<br>y: -43.52461350000]]></description>
      <styleUrl>#icon-1577-795548</styleUrl>
      <ExtendedData>
        <Data name="type">
          <value>cafe</value>
        </Data>
        <Data name="Source">
          <value>Open Street Map: http://www.openstreetmap.org.nz/</value>
        </Data>
        <Data name="Update">
          <value>21/01/2019</value>
        </Data>
        <Data name="x">
          <value>172.63162670000</value>
        </Data>
        <Data name="y">
          <value>-43.52461350000</value>
        </Data>
      </ExtendedData>
      <Point>
        <coordinates>
          172.6316267,-43.5246135,0
        </coordinates>
      </Point>
    </Placemark>
    <Placemark>
      <name><![CDATA[Black & White]]></name>
      <description><![CDATA[type: cafe<br>Source: Open Street Map: http://www.openstreetmap.org.nz/<br>Update: 21/01/2019<br>x: 172.63144480000<br>y: -43.52537660000]]></description>
      <styleUrl>#icon-1577-795548</styleUrl>
      <ExtendedData>
        <Data name="type">
          <value>cafe</value>
        </Data>
        <Data name="Source">
          <value>Open Street Map: http://www.openstreetmap.org.nz/</value>
        </Data>
        <Data name="Update">
          <value>21/01/2019</value>
        </Data>
        <Data name="x">
          <value>172.63144480000</value>
        </Data>
        <Data name="y">
          <value>-43.52537660000</value>
        </Data>
      </ExtendedData>
      <Point>
        <coordinates>
          172.6314448,-43.5253766,0
        </coordinates>
      </Point>
    </Placemark>
    <Placemark>
      <name>Koru Express Lounge</name>
      <description><![CDATA[type: cafe<br>Source: Open Street Map: http://www.openstreetmap.org.nz/<br>Update: 21/01/2019<br>x: 172.53932730000<br>y: -43.48980650000]]></description>
      <styleUrl>#icon-1577-795548</styleUrl>
      <ExtendedData>
        <Data name="type">
          <value>cafe</value>
        </Data>
        <Data name="Source">
          <value>Open Street Map: http://www.openstreetmap.org.nz/</value>
        </Data>
        <Data name="Update">
          <value>21/01/2019</value>
        </Data>
        <Data name="x">
          <value>172.53932730000</value>
        </Data>
        <Data name="y">
          <value>-43.48980650000</value>
        </Data>
      </ExtendedData>
      <Point>
        <coordinates>
          172.5393273,-43.4898065,0
        </coordinates>
      </Point>
    </Placemark>
    <Placemark>
      <name>Fly Thru</name>
      <description><![CDATA[type: cafe<br>Source: Open Street Map: http://www.openstreetmap.org.nz/<br>Update: 21/01/2019<br>x: 172.53940010000<br>y: -43.48975220000]]></description>
      <styleUrl>#icon-1577-795548</styleUrl>
      <ExtendedData>
        <Data name="type">
          <value>cafe</value>
        </Data>
        <Data name="Source">
          <value>Open Street Map: http://www.openstreetmap.org.nz/</value>
        </Data>
        <Data name="Update">
          <value>21/01/2019</value>
        </Data>
        <Data name="x">
          <value>172.53940010000</value>
        </Data>
        <Data name="y">
          <value>-43.48975220000</value>
        </Data>
      </ExtendedData>
      <Point>
        <coordinates>
          172.5394001,-43.4897522,0
        </coordinates>
      </Point>
    </Placemark>
    <Placemark>
      <name>Little Vintage Espresso</name>
      <description><![CDATA[type: cafe<br>Source: Open Street Map: http://www.openstreetmap.org.nz/<br>Update: 21/01/2019<br>x: 172.72694410000<br>y: -43.15342670000]]></description>
      <styleUrl>#icon-1577-795548</styleUrl>
      <ExtendedData>
        <Data name="type">
          <value>cafe</value>
        </Data>
        <Data name="Source">
          <value>Open Street Map: http://www.openstreetmap.org.nz/</value>
        </Data>
        <Data name="Update">
          <value>21/01/2019</value>
        </Data>
        <Data name="x">
          <value>172.72694410000</value>
        </Data>
        <Data name="y">
          <value>-43.15342670000</value>
        </Data>
      </ExtendedData>
      <Point>
        <coordinates>
          172.7269441,-43.1534267,0
        </coordinates>
      </Point>
    </Placemark>
    <Placemark>
      <name>Long White</name>
      <description><![CDATA[type: cafe<br>Source: Open Street Map: http://www.openstreetmap.org.nz/<br>Update: 21/01/2019<br>x: 172.53961050000<br>y: -43.48791410000]]></description>
      <styleUrl>#icon-1577-795548</styleUrl>
      <ExtendedData>
        <Data name="type">
          <value>cafe</value>
        </Data>
        <Data name="Source">
          <value>Open Street Map: http://www.openstreetmap.org.nz/</value>
        </Data>
        <Data name="Update">
          <value>21/01/2019</value>
        </Data>
        <Data name="x">
          <value>172.53961050000</value>
        </Data>
        <Data name="y">
          <value>-43.48791410000</value>
        </Data>
      </ExtendedData>
      <Point>
        <coordinates>
          172.5396105,-43.4879141,0
        </coordinates>
      </Point>
    </Placemark>
    <Placemark>
      <name>Muffin Break</name>
      <description><![CDATA[type: cafe<br>Source: Open Street Map: http://www.openstreetmap.org.nz/<br>Update: 21/01/2019<br>x: 172.54824200000<br>y: -43.49049650000]]></description>
      <styleUrl>#icon-1577-795548</styleUrl>
      <ExtendedData>
        <Data name="type">
          <value>cafe</value>
        </Data>
        <Data name="Source">
          <value>Open Street Map: http://www.openstreetmap.org.nz/</value>
        </Data>
        <Data name="Update">
          <value>21/01/2019</value>
        </Data>
        <Data name="x">
          <value>172.54824200000</value>
        </Data>
        <Data name="y">
          <value>-43.49049650000</value>
        </Data>
      </ExtendedData>
      <Point>
        <coordinates>
          172.548242,-43.4904965,0
        </coordinates>
      </Point>
    </Placemark>
    <Placemark>
      <name>The Coffee Club</name>
      <description><![CDATA[type: cafe<br>Source: Open Street Map: http://www.openstreetmap.org.nz/<br>Update: 21/01/2019<br>x: 172.54716260000<br>y: -43.48996860000]]></description>
      <styleUrl>#icon-1577-795548</styleUrl>
      <ExtendedData>
        <Data name="type">
          <value>cafe</value>
        </Data>
        <Data name="Source">
          <value>Open Street Map: http://www.openstreetmap.org.nz/</value>
        </Data>
        <Data name="Update">
          <value>21/01/2019</value>
        </Data>
        <Data name="x">
          <value>172.54716260000</value>
        </Data>
        <Data name="y">
          <value>-43.48996860000</value>
        </Data>
      </ExtendedData>
      <Point>
        <coordinates>
          172.5471626,-43.4899686,0
        </coordinates>
      </Point>
    </Placemark>
    <Placemark>
      <name>C1 Espresso</name>
      <description><![CDATA[type: cafe<br>Source: Open Street Map: http://www.openstreetmap.org.nz/<br>Update: 21/01/2019<br>x: 172.64048590000<br>y: -43.53515350000]]></description>
      <styleUrl>#icon-1577-795548</styleUrl>
      <ExtendedData>
        <Data name="type">
          <value>cafe</value>
        </Data>
        <Data name="Source">
          <value>Open Street Map: http://www.openstreetmap.org.nz/</value>
        </Data>
        <Data name="Update">
          <value>21/01/2019</value>
        </Data>
        <Data name="x">
          <value>172.64048590000</value>
        </Data>
        <Data name="y">
          <value>-43.53515350000</value>
        </Data>
      </ExtendedData>
      <Point>
        <coordinates>
          172.6404859,-43.5351535,0
        </coordinates>
      </Point>
    </Placemark>
    <Placemark>
      <name>Portershed</name>
      <description><![CDATA[type: cafe<br>Source: Open Street Map: http://www.openstreetmap.org.nz/<br>Update: 21/01/2019<br>x: 172.61272180000<br>y: -43.54316590000]]></description>
      <styleUrl>#icon-1577-795548</styleUrl>
      <ExtendedData>
        <Data name="type">
          <value>cafe</value>
        </Data>
        <Data name="Source">
          <value>Open Street Map: http://www.openstreetmap.org.nz/</value>
        </Data>
        <Data name="Update">
          <value>21/01/2019</value>
        </Data>
        <Data name="x">
          <value>172.61272180000</value>
        </Data>
        <Data name="y">
          <value>-43.54316590000</value>
        </Data>
      </ExtendedData>
      <Point>
        <coordinates>
          172.6127218,-43.5431659,0
        </coordinates>
      </Point>
    </Placemark>
    <Placemark>
      <name>bbÔÇÖs Cafe</name>
      <description><![CDATA[type: cafe<br>Source: Open Street Map: http://www.openstreetmap.org.nz/<br>Update: 21/01/2019<br>x: 172.66107360000<br>y: -43.49374420000]]></description>
      <styleUrl>#icon-1577-795548</styleUrl>
      <ExtendedData>
        <Data name="type">
          <value>cafe</value>
        </Data>
        <Data name="Source">
          <value>Open Street Map: http://www.openstreetmap.org.nz/</value>
        </Data>
        <Data name="Update">
          <value>21/01/2019</value>
        </Data>
        <Data name="x">
          <value>172.66107360000</value>
        </Data>
        <Data name="y">
          <value>-43.49374420000</value>
        </Data>
      </ExtendedData>
      <Point>
        <coordinates>
          172.6610736,-43.4937442,0
        </coordinates>
      </Point>
    </Placemark>
    <Placemark>
      <name>The Birdwood Eatery</name>
      <description><![CDATA[type: cafe<br>Source: Open Street Map: http://www.openstreetmap.org.nz/<br>Update: 21/01/2019<br>x: 172.64306940000<br>y: -43.56513630000]]></description>
      <styleUrl>#icon-1577-795548</styleUrl>
      <ExtendedData>
        <Data name="type">
          <value>cafe</value>
        </Data>
        <Data name="Source">
          <value>Open Street Map: http://www.openstreetmap.org.nz/</value>
        </Data>
        <Data name="Update">
          <value>21/01/2019</value>
        </Data>
        <Data name="x">
          <value>172.64306940000</value>
        </Data>
        <Data name="y">
          <value>-43.56513630000</value>
        </Data>
      </ExtendedData>
      <Point>
        <coordinates>
          172.6430694,-43.5651363,0
        </coordinates>
      </Point>
    </Placemark>
    <Placemark>
      <name>Antidote</name>
      <description><![CDATA[type: cafe<br>Source: Open Street Map: http://www.openstreetmap.org.nz/<br>Update: 21/01/2019<br>x: 172.72849200000<br>y: -43.50734250000]]></description>
      <styleUrl>#icon-1577-795548</styleUrl>
      <ExtendedData>
        <Data name="type">
          <value>cafe</value>
        </Data>
        <Data name="Source">
          <value>Open Street Map: http://www.openstreetmap.org.nz/</value>
        </Data>
        <Data name="Update">
          <value>21/01/2019</value>
        </Data>
        <Data name="x">
          <value>172.72849200000</value>
        </Data>
        <Data name="y">
          <value>-43.50734250000</value>
        </Data>
      </ExtendedData>
      <Point>
        <coordinates>
          172.728492,-43.5073425,0
        </coordinates>
      </Point>
    </Placemark>
    <Placemark>
      <name>Switch</name>
      <description><![CDATA[type: cafe<br>Source: Open Street Map: http://www.openstreetmap.org.nz/<br>Update: 21/01/2019<br>x: 172.72830970000<br>y: -43.50698850000]]></description>
      <styleUrl>#icon-1577-795548</styleUrl>
      <ExtendedData>
        <Data name="type">
          <value>cafe</value>
        </Data>
        <Data name="Source">
          <value>Open Street Map: http://www.openstreetmap.org.nz/</value>
        </Data>
        <Data name="Update">
          <value>21/01/2019</value>
        </Data>
        <Data name="x">
          <value>172.72830970000</value>
        </Data>
        <Data name="y">
          <value>-43.50698850000</value>
        </Data>
      </ExtendedData>
      <Point>
        <coordinates>
          172.7283097,-43.5069885,0
        </coordinates>
      </Point>
    </Placemark>
    <Placemark>
      <name>Honey</name>
      <description><![CDATA[type: cafe<br>Source: Open Street Map: http://www.openstreetmap.org.nz/<br>Update: 21/01/2019<br>x: 172.72864900000<br>y: -43.50759640000]]></description>
      <styleUrl>#icon-1577-795548</styleUrl>
      <ExtendedData>
        <Data name="type">
          <value>cafe</value>
        </Data>
        <Data name="Source">
          <value>Open Street Map: http://www.openstreetmap.org.nz/</value>
        </Data>
        <Data name="Update">
          <value>21/01/2019</value>
        </Data>
        <Data name="x">
          <value>172.72864900000</value>
        </Data>
        <Data name="y">
          <value>-43.50759640000</value>
        </Data>
      </ExtendedData>
      <Point>
        <coordinates>
          172.728649,-43.5075964,0
        </coordinates>
      </Point>
    </Placemark>
    <Placemark>
      <name>uncommon</name>
      <description><![CDATA[type: cafe<br>Source: Open Street Map: http://www.openstreetmap.org.nz/<br>Update: 21/01/2019<br>x: 172.64321180000<br>y: -43.53540190000]]></description>
      <styleUrl>#icon-1577-795548</styleUrl>
      <ExtendedData>
        <Data name="type">
          <value>cafe</value>
        </Data>
        <Data name="Source">
          <value>Open Street Map: http://www.openstreetmap.org.nz/</value>
        </Data>
        <Data name="Update">
          <value>21/01/2019</value>
        </Data>
        <Data name="x">
          <value>172.64321180000</value>
        </Data>
        <Data name="y">
          <value>-43.53540190000</value>
        </Data>
      </ExtendedData>
      <Point>
        <coordinates>
          172.6432118,-43.5354019,0
        </coordinates>
      </Point>
    </Placemark>
    <Placemark>
      <name>The Preservatory</name>
      <description><![CDATA[type: cafe<br>Source: Open Street Map: http://www.openstreetmap.org.nz/<br>Update: 21/01/2019<br>x: 172.61539400000<br>y: -43.51984240000]]></description>
      <styleUrl>#icon-1577-795548</styleUrl>
      <ExtendedData>
        <Data name="type">
          <value>cafe</value>
        </Data>
        <Data name="Source">
          <value>Open Street Map: http://www.openstreetmap.org.nz/</value>
        </Data>
        <Data name="Update">
          <value>21/01/2019</value>
        </Data>
        <Data name="x">
          <value>172.61539400000</value>
        </Data>
        <Data name="y">
          <value>-43.51984240000</value>
        </Data>
      </ExtendedData>
      <Point>
        <coordinates>
          172.615394,-43.5198424,0
        </coordinates>
      </Point>
    </Placemark>
    <Placemark>
      <name>Little Social</name>
      <description><![CDATA[type: cafe<br>Source: Open Street Map: http://www.openstreetmap.org.nz/<br>Update: 21/01/2019<br>x: 172.64076000000<br>y: -43.53573190000]]></description>
      <styleUrl>#icon-1577-795548</styleUrl>
      <ExtendedData>
        <Data name="type">
          <value>cafe</value>
        </Data>
        <Data name="Source">
          <value>Open Street Map: http://www.openstreetmap.org.nz/</value>
        </Data>
        <Data name="Update">
          <value>21/01/2019</value>
        </Data>
        <Data name="x">
          <value>172.64076000000</value>
        </Data>
        <Data name="y">
          <value>-43.53573190000</value>
        </Data>
      </ExtendedData>
      <Point>
        <coordinates>
          172.64076,-43.5357319,0
        </coordinates>
      </Point>
    </Placemark>
    <Placemark>
      <name>Untouched World Cafe</name>
      <description><![CDATA[type: cafe<br>Source: Open Street Map: http://www.openstreetmap.org.nz/<br>Update: 21/01/2019<br>x: 172.56435500000<br>y: -43.49138720000]]></description>
      <styleUrl>#icon-1577-795548</styleUrl>
      <ExtendedData>
        <Data name="type">
          <value>cafe</value>
        </Data>
        <Data name="Source">
          <value>Open Street Map: http://www.openstreetmap.org.nz/</value>
        </Data>
        <Data name="Update">
          <value>21/01/2019</value>
        </Data>
        <Data name="x">
          <value>172.56435500000</value>
        </Data>
        <Data name="y">
          <value>-43.49138720000</value>
        </Data>
      </ExtendedData>
      <Point>
        <coordinates>
          172.564355,-43.4913872,0
        </coordinates>
      </Point>
    </Placemark>
    <Placemark>
      <name>Red Cafe</name>
      <description><![CDATA[type: cafe<br>Source: Open Street Map: http://www.openstreetmap.org.nz/<br>Update: 21/01/2019<br>x: 172.56340840000<br>y: -43.53481010000]]></description>
      <styleUrl>#icon-1577-795548</styleUrl>
      <ExtendedData>
        <Data name="type">
          <value>cafe</value>
        </Data>
        <Data name="Source">
          <value>Open Street Map: http://www.openstreetmap.org.nz/</value>
        </Data>
        <Data name="Update">
          <value>21/01/2019</value>
        </Data>
        <Data name="x">
          <value>172.56340840000</value>
        </Data>
        <Data name="y">
          <value>-43.53481010000</value>
        </Data>
      </ExtendedData>
      <Point>
        <coordinates>
          172.5634084,-43.5348101,0
        </coordinates>
      </Point>
    </Placemark>
    <Placemark>
      <name/>
      <description><![CDATA[type: cafe<br>Source: Open Street Map: http://www.openstreetmap.org.nz/<br>Update: 21/01/2019<br>x: 172.58309270000<br>y: -43.52243210000]]></description>
      <styleUrl>#icon-1577-795548</styleUrl>
      <ExtendedData>
        <Data name="type">
          <value>cafe</value>
        </Data>
        <Data name="Source">
          <value>Open Street Map: http://www.openstreetmap.org.nz/</value>
        </Data>
        <Data name="Update">
          <value>21/01/2019</value>
        </Data>
        <Data name="x">
          <value>172.58309270000</value>
        </Data>
        <Data name="y">
          <value>-43.52243210000</value>
        </Data>
      </ExtendedData>
      <Point>
        <coordinates>
          172.5830927,-43.5224321,0
        </coordinates>
      </Point>
    </Placemark>
    <Placemark>
      <name>Engine Coffee</name>
      <description><![CDATA[type: cafe<br>Source: Open Street Map: http://www.openstreetmap.org.nz/<br>Update: 21/01/2019<br>x: 172.64210580000<br>y: -43.53658230000]]></description>
      <styleUrl>#icon-1577-795548</styleUrl>
      <ExtendedData>
        <Data name="type">
          <value>cafe</value>
        </Data>
        <Data name="Source">
          <value>Open Street Map: http://www.openstreetmap.org.nz/</value>
        </Data>
        <Data name="Update">
          <value>21/01/2019</value>
        </Data>
        <Data name="x">
          <value>172.64210580000</value>
        </Data>
        <Data name="y">
          <value>-43.53658230000</value>
        </Data>
      </ExtendedData>
      <Point>
        <coordinates>
          172.6421058,-43.5365823,0
        </coordinates>
      </Point>
    </Placemark>
    <Placemark>
      <name>Dunsandel Store</name>
      <description><![CDATA[type: cafe<br>Source: Open Street Map: http://www.openstreetmap.org.nz/<br>Update: 21/01/2019<br>x: 172.19297800000<br>y: -43.66027170000]]></description>
      <styleUrl>#icon-1577-795548</styleUrl>
      <ExtendedData>
        <Data name="type">
          <value>cafe</value>
        </Data>
        <Data name="Source">
          <value>Open Street Map: http://www.openstreetmap.org.nz/</value>
        </Data>
        <Data name="Update">
          <value>21/01/2019</value>
        </Data>
        <Data name="x">
          <value>172.19297800000</value>
        </Data>
        <Data name="y">
          <value>-43.66027170000</value>
        </Data>
      </ExtendedData>
      <Point>
        <coordinates>
          172.192978,-43.6602717,0
        </coordinates>
      </Point>
    </Placemark>
    <Placemark>
      <name><![CDATA[Ruedi's Cafe]]></name>
      <description><![CDATA[type: cafe<br>Source: Open Street Map: http://www.openstreetmap.org.nz/<br>Update: 21/01/2019<br>x: 172.65622070000<br>y: -43.51907150000]]></description>
      <styleUrl>#icon-1577-795548</styleUrl>
      <ExtendedData>
        <Data name="type">
          <value>cafe</value>
        </Data>
        <Data name="Source">
          <value>Open Street Map: http://www.openstreetmap.org.nz/</value>
        </Data>
        <Data name="Update">
          <value>21/01/2019</value>
        </Data>
        <Data name="x">
          <value>172.65622070000</value>
        </Data>
        <Data name="y">
          <value>-43.51907150000</value>
        </Data>
      </ExtendedData>
      <Point>
        <coordinates>
          172.6562207,-43.5190715,0
        </coordinates>
      </Point>
    </Placemark>
    <Placemark>
      <name><![CDATA[Chillax Cafe & Restaurant]]></name>
      <description><![CDATA[type: cafe<br>Source: Open Street Map: http://www.openstreetmap.org.nz/<br>Update: 21/01/2019<br>x: 172.65633050000<br>y: -43.52258720000]]></description>
      <styleUrl>#icon-1577-795548</styleUrl>
      <ExtendedData>
        <Data name="type">
          <value>cafe</value>
        </Data>
        <Data name="Source">
          <value>Open Street Map: http://www.openstreetmap.org.nz/</value>
        </Data>
        <Data name="Update">
          <value>21/01/2019</value>
        </Data>
        <Data name="x">
          <value>172.65633050000</value>
        </Data>
        <Data name="y">
          <value>-43.52258720000</value>
        </Data>
      </ExtendedData>
      <Point>
        <coordinates>
          172.6563305,-43.5225872,0
        </coordinates>
      </Point>
    </Placemark>
    <Placemark>
      <name>Urban Revival</name>
      <description><![CDATA[type: cafe<br>Source: Open Street Map: http://www.openstreetmap.org.nz/<br>Update: 21/01/2019<br>x: 172.63636150000<br>y: -43.38077620000]]></description>
      <styleUrl>#icon-1577-795548</styleUrl>
      <ExtendedData>
        <Data name="type">
          <value>cafe</value>
        </Data>
        <Data name="Source">
          <value>Open Street Map: http://www.openstreetmap.org.nz/</value>
        </Data>
        <Data name="Update">
          <value>21/01/2019</value>
        </Data>
        <Data name="x">
          <value>172.63636150000</value>
        </Data>
        <Data name="y">
          <value>-43.38077620000</value>
        </Data>
      </ExtendedData>
      <Point>
        <coordinates>
          172.6363615,-43.3807762,0
        </coordinates>
      </Point>
    </Placemark>
    <Placemark>
      <name>Nutrient Depot</name>
      <description><![CDATA[type: cafe<br>Source: Open Street Map: http://www.openstreetmap.org.nz/<br>Update: 21/01/2019<br>x: 172.58772610000<br>y: -43.54355300000]]></description>
      <styleUrl>#icon-1577-795548</styleUrl>
      <ExtendedData>
        <Data name="type">
          <value>cafe</value>
        </Data>
        <Data name="Source">
          <value>Open Street Map: http://www.openstreetmap.org.nz/</value>
        </Data>
        <Data name="Update">
          <value>21/01/2019</value>
        </Data>
        <Data name="x">
          <value>172.58772610000</value>
        </Data>
        <Data name="y">
          <value>-43.54355300000</value>
        </Data>
      </ExtendedData>
      <Point>
        <coordinates>
          172.5877261,-43.543553,0
        </coordinates>
      </Point>
    </Placemark>
    <Placemark>
      <name>Industrie</name>
      <description><![CDATA[type: cafe<br>Source: Open Street Map: http://www.openstreetmap.org.nz/<br>Update: 21/01/2019<br>x: 172.58906730000<br>y: -43.54357960000]]></description>
      <styleUrl>#icon-1577-795548</styleUrl>
      <ExtendedData>
        <Data name="type">
          <value>cafe</value>
        </Data>
        <Data name="Source">
          <value>Open Street Map: http://www.openstreetmap.org.nz/</value>
        </Data>
        <Data name="Update">
          <value>21/01/2019</value>
        </Data>
        <Data name="x">
          <value>172.58906730000</value>
        </Data>
        <Data name="y">
          <value>-43.54357960000</value>
        </Data>
      </ExtendedData>
      <Point>
        <coordinates>
          172.5890673,-43.5435796,0
        </coordinates>
      </Point>
    </Placemark>
    <Placemark>
      <name>Foundation Cafe</name>
      <description><![CDATA[type: cafe<br>Source: Open Street Map: http://www.openstreetmap.org.nz/<br>Update: 21/01/2019<br>x: 172.63681740000<br>y: -43.52997000000]]></description>
      <styleUrl>#icon-1577-795548</styleUrl>
      <ExtendedData>
        <Data name="type">
          <value>cafe</value>
        </Data>
        <Data name="Source">
          <value>Open Street Map: http://www.openstreetmap.org.nz/</value>
        </Data>
        <Data name="Update">
          <value>21/01/2019</value>
        </Data>
        <Data name="x">
          <value>172.63681740000</value>
        </Data>
        <Data name="y">
          <value>-43.52997000000</value>
        </Data>
      </ExtendedData>
      <Point>
        <coordinates>
          172.6368174,-43.52997,0
        </coordinates>
      </Point>
    </Placemark>
    <Placemark>
      <name>Brick Mill</name>
      <description><![CDATA[type: cafe<br>Source: Open Street Map: http://www.openstreetmap.org.nz/<br>Update: 21/01/2019<br>x: 172.68442150000<br>y: -43.28978540000]]></description>
      <styleUrl>#icon-1577-795548</styleUrl>
      <ExtendedData>
        <Data name="type">
          <value>cafe</value>
        </Data>
        <Data name="Source">
          <value>Open Street Map: http://www.openstreetmap.org.nz/</value>
        </Data>
        <Data name="Update">
          <value>21/01/2019</value>
        </Data>
        <Data name="x">
          <value>172.68442150000</value>
        </Data>
        <Data name="y">
          <value>-43.28978540000</value>
        </Data>
      </ExtendedData>
      <Point>
        <coordinates>
          172.6844215,-43.2897854,0
        </coordinates>
      </Point>
    </Placemark>
    <Placemark>
      <name>43┬░ Cafe</name>
      <description><![CDATA[type: cafe<br>Source: Open Street Map: http://www.openstreetmap.org.nz/<br>Update: 21/01/2019<br>x: 172.56076800000<br>y: -43.49809820000]]></description>
      <styleUrl>#icon-1577-795548</styleUrl>
      <ExtendedData>
        <Data name="type">
          <value>cafe</value>
        </Data>
        <Data name="Source">
          <value>Open Street Map: http://www.openstreetmap.org.nz/</value>
        </Data>
        <Data name="Update">
          <value>21/01/2019</value>
        </Data>
        <Data name="x">
          <value>172.56076800000</value>
        </Data>
        <Data name="y">
          <value>-43.49809820000</value>
        </Data>
      </ExtendedData>
      <Point>
        <coordinates>
          172.560768,-43.4980982,0
        </coordinates>
      </Point>
    </Placemark>
    <Placemark>
      <name>Alice Cinematheque</name>
      <description><![CDATA[type: cinema<br>Source: Open Street Map: http://www.openstreetmap.org.nz/<br>Update: 21/01/2019<br>x: 172.64021431700<br>y: -43.53514472090]]></description>
      <styleUrl>#icon-1577-795548</styleUrl>
      <ExtendedData>
        <Data name="type">
          <value>cinema</value>
        </Data>
        <Data name="Source">
          <value>Open Street Map: http://www.openstreetmap.org.nz/</value>
        </Data>
        <Data name="Update">
          <value>21/01/2019</value>
        </Data>
        <Data name="x">
          <value>172.64021431700</value>
        </Data>
        <Data name="y">
          <value>-43.53514472090</value>
        </Data>
      </ExtendedData>
      <Point>
        <coordinates>
          172.640214317,-43.5351447209,0
        </coordinates>
      </Point>
    </Placemark>
    <Placemark>
      <name>Hollywood 3 Cinema</name>
      <description><![CDATA[type: cinema<br>Source: Open Street Map: http://www.openstreetmap.org.nz/<br>Update: 21/01/2019<br>x: 172.75864478200<br>y: -43.56840582830]]></description>
      <styleUrl>#icon-1577-795548</styleUrl>
      <ExtendedData>
        <Data name="type">
          <value>cinema</value>
        </Data>
        <Data name="Source">
          <value>Open Street Map: http://www.openstreetmap.org.nz/</value>
        </Data>
        <Data name="Update">
          <value>21/01/2019</value>
        </Data>
        <Data name="x">
          <value>172.75864478200</value>
        </Data>
        <Data name="y">
          <value>-43.56840582830</value>
        </Data>
      </ExtendedData>
      <Point>
        <coordinates>
          172.758644782,-43.5684058283,0
        </coordinates>
      </Point>
    </Placemark>
    <Placemark>
      <name><![CDATA[Alice's Deluxe Cinemas]]></name>
      <description><![CDATA[type: cinema<br>Source: Open Street Map: http://www.openstreetmap.org.nz/<br>Update: 21/01/2019<br>x: 172.68028829800<br>y: -43.55798964960]]></description>
      <styleUrl>#icon-1577-795548</styleUrl>
      <ExtendedData>
        <Data name="type">
          <value>cinema</value>
        </Data>
        <Data name="Source">
          <value>Open Street Map: http://www.openstreetmap.org.nz/</value>
        </Data>
        <Data name="Update">
          <value>21/01/2019</value>
        </Data>
        <Data name="x">
          <value>172.68028829800</value>
        </Data>
        <Data name="y">
          <value>-43.55798964960</value>
        </Data>
      </ExtendedData>
      <Point>
        <coordinates>
          172.680288298,-43.5579896496,0
        </coordinates>
      </Point>
    </Placemark>
    <Placemark>
      <name>Reading Cinemas</name>
      <description><![CDATA[type: cinema<br>Source: Open Street Map: http://www.openstreetmap.org.nz/<br>Update: 21/01/2019<br>x: 172.66437670000<br>y: -43.50747580000]]></description>
      <styleUrl>#icon-1577-795548</styleUrl>
      <ExtendedData>
        <Data name="type">
          <value>cinema</value>
        </Data>
        <Data name="Source">
          <value>Open Street Map: http://www.openstreetmap.org.nz/</value>
        </Data>
        <Data name="Update">
          <value>21/01/2019</value>
        </Data>
        <Data name="x">
          <value>172.66437670000</value>
        </Data>
        <Data name="y">
          <value>-43.50747580000</value>
        </Data>
      </ExtendedData>
      <Point>
        <coordinates>
          172.6643767,-43.5074758,0
        </coordinates>
      </Point>
    </Placemark>
    <Placemark>
      <name>Hoyts Cinema</name>
      <description><![CDATA[type: cinema<br>Source: Open Street Map: http://www.openstreetmap.org.nz/<br>Update: 21/01/2019<br>x: 172.60879920000<br>y: -43.49403860000]]></description>
      <styleUrl>#icon-1577-795548</styleUrl>
      <ExtendedData>
        <Data name="type">
          <value>cinema</value>
        </Data>
        <Data name="Source">
          <value>Open Street Map: http://www.openstreetmap.org.nz/</value>
        </Data>
        <Data name="Update">
          <value>21/01/2019</value>
        </Data>
        <Data name="x">
          <value>172.60879920000</value>
        </Data>
        <Data name="y">
          <value>-43.49403860000</value>
        </Data>
      </ExtendedData>
      <Point>
        <coordinates>
          172.6087992,-43.4940386,0
        </coordinates>
      </Point>
    </Placemark>
    <Placemark>
      <name>Hoyts Cinema</name>
      <description><![CDATA[type: cinema<br>Source: Open Street Map: http://www.openstreetmap.org.nz/<br>Update: 21/01/2019<br>x: 172.59981320000<br>y: -43.53129620000]]></description>
      <styleUrl>#icon-1577-795548</styleUrl>
      <ExtendedData>
        <Data name="type">
          <value>cinema</value>
        </Data>
        <Data name="Source">
          <value>Open Street Map: http://www.openstreetmap.org.nz/</value>
        </Data>
        <Data name="Update">
          <value>21/01/2019</value>
        </Data>
        <Data name="x">
          <value>172.59981320000</value>
        </Data>
        <Data name="y">
          <value>-43.53129620000</value>
        </Data>
      </ExtendedData>
      <Point>
        <coordinates>
          172.5998132,-43.5312962,0
        </coordinates>
      </Point>
    </Placemark>
    <Placemark>
      <name>Academy Gold Cinema</name>
      <description><![CDATA[type: cinema<br>Source: Open Street Map: http://www.openstreetmap.org.nz/<br>Update: 21/01/2019<br>x: 172.63545770000<br>y: -43.54611050000]]></description>
      <styleUrl>#icon-1577-795548</styleUrl>
      <ExtendedData>
        <Data name="type">
          <value>cinema</value>
        </Data>
        <Data name="Source">
          <value>Open Street Map: http://www.openstreetmap.org.nz/</value>
        </Data>
        <Data name="Update">
          <value>21/01/2019</value>
        </Data>
        <Data name="x">
          <value>172.63545770000</value>
        </Data>
        <Data name="y">
          <value>-43.54611050000</value>
        </Data>
      </ExtendedData>
      <Point>
        <coordinates>
          172.6354577,-43.5461105,0
        </coordinates>
      </Point>
    </Placemark>
    <Placemark>
      <name>HOYTS</name>
      <description><![CDATA[type: cinema<br>Source: Open Street Map: http://www.openstreetmap.org.nz/<br>Update: 21/01/2019<br>x: 172.63603190000<br>y: -43.53473830000]]></description>
      <styleUrl>#icon-1577-795548</styleUrl>
      <ExtendedData>
        <Data name="type">
          <value>cinema</value>
        </Data>
        <Data name="Source">
          <value>Open Street Map: http://www.openstreetmap.org.nz/</value>
        </Data>
        <Data name="Update">
          <value>21/01/2019</value>
        </Data>
        <Data name="x">
          <value>172.63603190000</value>
        </Data>
        <Data name="y">
          <value>-43.53473830000</value>
        </Data>
      </ExtendedData>
      <Point>
        <coordinates>
          172.6360319,-43.5347383,0
        </coordinates>
      </Point>
    </Placemark>
    <Placemark>
      <name>J Mart</name>
      <description><![CDATA[type: convenience<br>Source: Open Street Map: http://www.openstreetmap.org.nz/<br>Update: 21/01/2019<br>x: 172.66539517500<br>y: -43.55369592640]]></description>
      <styleUrl>#icon-1577-795548</styleUrl>
      <ExtendedData>
        <Data name="type">
          <value>convenience</value>
        </Data>
        <Data name="Source">
          <value>Open Street Map: http://www.openstreetmap.org.nz/</value>
        </Data>
        <Data name="Update">
          <value>21/01/2019</value>
        </Data>
        <Data name="x">
          <value>172.66539517500</value>
        </Data>
        <Data name="y">
          <value>-43.55369592640</value>
        </Data>
      </ExtendedData>
      <Point>
        <coordinates>
          172.665395175,-43.5536959264,0
        </coordinates>
      </Point>
    </Placemark>
    <Placemark>
      <name>Opawa Discounter</name>
      <description><![CDATA[type: convenience<br>Source: Open Street Map: http://www.openstreetmap.org.nz/<br>Update: 21/01/2019<br>x: 172.66566778100<br>y: -43.55353975520]]></description>
      <styleUrl>#icon-1577-795548</styleUrl>
      <ExtendedData>
        <Data name="type">
          <value>convenience</value>
        </Data>
        <Data name="Source">
          <value>Open Street Map: http://www.openstreetmap.org.nz/</value>
        </Data>
        <Data name="Update">
          <value>21/01/2019</value>
        </Data>
        <Data name="x">
          <value>172.66566778100</value>
        </Data>
        <Data name="y">
          <value>-43.55353975520</value>
        </Data>
      </ExtendedData>
      <Point>
        <coordinates>
          172.665667781,-43.5535397552,0
        </coordinates>
      </Point>
    </Placemark>
    <Placemark>
      <name>London Street Dairy</name>
      <description><![CDATA[type: convenience<br>Source: Open Street Map: http://www.openstreetmap.org.nz/<br>Update: 21/01/2019<br>x: 172.72126145800<br>y: -43.60247512110]]></description>
      <styleUrl>#icon-1577-795548</styleUrl>
      <ExtendedData>
        <Data name="type">
          <value>convenience</value>
        </Data>
        <Data name="Source">
          <value>Open Street Map: http://www.openstreetmap.org.nz/</value>
        </Data>
        <Data name="Update">
          <value>21/01/2019</value>
        </Data>
        <Data name="x">
          <value>172.72126145800</value>
        </Data>
        <Data name="y">
          <value>-43.60247512110</value>
        </Data>
      </ExtendedData>
      <Point>
        <coordinates>
          172.721261458,-43.6024751211,0
        </coordinates>
      </Point>
    </Placemark>
    <Placemark>
      <name/>
      <description><![CDATA[type: convenience<br>Source: Open Street Map: http://www.openstreetmap.org.nz/<br>Update: 21/01/2019<br>x: 172.61119135000<br>y: -43.52901763810]]></description>
      <styleUrl>#icon-1577-795548</styleUrl>
      <ExtendedData>
        <Data name="type">
          <value>convenience</value>
        </Data>
        <Data name="Source">
          <value>Open Street Map: http://www.openstreetmap.org.nz/</value>
        </Data>
        <Data name="Update">
          <value>21/01/2019</value>
        </Data>
        <Data name="x">
          <value>172.61119135000</value>
        </Data>
        <Data name="y">
          <value>-43.52901763810</value>
        </Data>
      </ExtendedData>
      <Point>
        <coordinates>
          172.61119135,-43.5290176381,0
        </coordinates>
      </Point>
    </Placemark>
    <Placemark>
      <name>BP Connect</name>
      <description><![CDATA[type: convenience<br>Source: Open Street Map: http://www.openstreetmap.org.nz/<br>Update: 21/01/2019<br>x: 172.67365825200<br>y: -43.52560395000]]></description>
      <styleUrl>#icon-1577-795548</styleUrl>
      <ExtendedData>
        <Data name="type">
          <value>convenience</value>
        </Data>
        <Data name="Source">
          <value>Open Street Map: http://www.openstreetmap.org.nz/</value>
        </Data>
        <Data name="Update">
          <value>21/01/2019</value>
        </Data>
        <Data name="x">
          <value>172.67365825200</value>
        </Data>
        <Data name="y">
          <value>-43.52560395000</value>
        </Data>
      </ExtendedData>
      <Point>
        <coordinates>
          172.673658252,-43.52560395,0
        </coordinates>
      </Point>
    </Placemark>
    <Placemark>
      <name>Pet Store</name>
      <description><![CDATA[type: convenience<br>Source: Open Street Map: http://www.openstreetmap.org.nz/<br>Update: 21/01/2019<br>x: 172.58721615000<br>y: -43.48882185000]]></description>
      <styleUrl>#icon-1577-795548</styleUrl>
      <ExtendedData>
        <Data name="type">
          <value>convenience</value>
        </Data>
        <Data name="Source">
          <value>Open Street Map: http://www.openstreetmap.org.nz/</value>
        </Data>
        <Data name="Update">
          <value>21/01/2019</value>
        </Data>
        <Data name="x">
          <value>172.58721615000</value>
        </Data>
        <Data name="y">
          <value>-43.48882185000</value>
        </Data>
      </ExtendedData>
      <Point>
        <coordinates>
          172.58721615,-43.48882185,0
        </coordinates>
      </Point>
    </Placemark>
    <Placemark>
      <name>Bus Stop Dairy</name>
      <description><![CDATA[type: convenience<br>Source: Open Street Map: http://www.openstreetmap.org.nz/<br>Update: 21/01/2019<br>x: 172.67265813800<br>y: -43.55880075490]]></description>
      <styleUrl>#icon-1577-795548</styleUrl>
      <ExtendedData>
        <Data name="type">
          <value>convenience</value>
        </Data>
        <Data name="Source">
          <value>Open Street Map: http://www.openstreetmap.org.nz/</value>
        </Data>
        <Data name="Update">
          <value>21/01/2019</value>
        </Data>
        <Data name="x">
          <value>172.67265813800</value>
        </Data>
        <Data name="y">
          <value>-43.55880075490</value>
        </Data>
      </ExtendedData>
      <Point>
        <coordinates>
          172.672658138,-43.5588007549,0
        </coordinates>
      </Point>
    </Placemark>
    <Placemark>
      <name>Kidbrooke Convenience</name>
      <description><![CDATA[type: convenience<br>Source: Open Street Map: http://www.openstreetmap.org.nz/<br>Update: 21/01/2019<br>x: 172.69267170000<br>y: -43.54472154290]]></description>
      <styleUrl>#icon-1577-795548</styleUrl>
      <ExtendedData>
        <Data name="type">
          <value>convenience</value>
        </Data>
        <Data name="Source">
          <value>Open Street Map: http://www.openstreetmap.org.nz/</value>
        </Data>
        <Data name="Update">
          <value>21/01/2019</value>
        </Data>
        <Data name="x">
          <value>172.69267170000</value>
        </Data>
        <Data name="y">
          <value>-43.54472154290</value>
        </Data>
      </ExtendedData>
      <Point>
        <coordinates>
          172.6926717,-43.5447215429,0
        </coordinates>
      </Point>
    </Placemark>
    <Placemark>
      <name>Krishna Dairy</name>
      <description><![CDATA[type: convenience<br>Source: Open Street Map: http://www.openstreetmap.org.nz/<br>Update: 21/01/2019<br>x: 172.67533395900<br>y: -43.54592512780]]></description>
      <styleUrl>#icon-1577-795548</styleUrl>
      <ExtendedData>
        <Data name="type">
          <value>convenience</value>
        </Data>
        <Data name="Source">
          <value>Open Street Map: http://www.openstreetmap.org.nz/</value>
        </Data>
        <Data name="Update">
          <value>21/01/2019</value>
        </Data>
        <Data name="x">
          <value>172.67533395900</value>
        </Data>
        <Data name="y">
          <value>-43.54592512780</value>
        </Data>
      </ExtendedData>
      <Point>
        <coordinates>
          172.675333959,-43.5459251278,0
        </coordinates>
      </Point>
    </Placemark>
    <Placemark>
      <name><![CDATA[PK's Dairy]]></name>
      <description><![CDATA[type: convenience<br>Source: Open Street Map: http://www.openstreetmap.org.nz/<br>Update: 21/01/2019<br>x: 172.67073710000<br>y: -43.54482035000]]></description>
      <styleUrl>#icon-1577-795548</styleUrl>
      <ExtendedData>
        <Data name="type">
          <value>convenience</value>
        </Data>
        <Data name="Source">
          <value>Open Street Map: http://www.openstreetmap.org.nz/</value>
        </Data>
        <Data name="Update">
          <value>21/01/2019</value>
        </Data>
        <Data name="x">
          <value>172.67073710000</value>
        </Data>
        <Data name="y">
          <value>-43.54482035000</value>
        </Data>
      </ExtendedData>
      <Point>
        <coordinates>
          172.6707371,-43.54482035,0
        </coordinates>
      </Point>
    </Placemark>
    <Placemark>
      <name>BP 2go</name>
      <description><![CDATA[type: convenience<br>Source: Open Street Map: http://www.openstreetmap.org.nz/<br>Update: 21/01/2019<br>x: 172.68766410500<br>y: -43.54190466020]]></description>
      <styleUrl>#icon-1577-795548</styleUrl>
      <ExtendedData>
        <Data name="type">
          <value>convenience</value>
        </Data>
        <Data name="Source">
          <value>Open Street Map: http://www.openstreetmap.org.nz/</value>
        </Data>
        <Data name="Update">
          <value>21/01/2019</value>
        </Data>
        <Data name="x">
          <value>172.68766410500</value>
        </Data>
        <Data name="y">
          <value>-43.54190466020</value>
        </Data>
      </ExtendedData>
      <Point>
        <coordinates>
          172.687664105,-43.5419046602,0
        </coordinates>
      </Point>
    </Placemark>
    <Placemark>
      <name>Koki Dairy</name>
      <description><![CDATA[type: convenience<br>Source: Open Street Map: http://www.openstreetmap.org.nz/<br>Update: 21/01/2019<br>x: 172.68187534000<br>y: -43.53866783810]]></description>
      <styleUrl>#icon-1577-795548</styleUrl>
      <ExtendedData>
        <Data name="type">
          <value>convenience</value>
        </Data>
        <Data name="Source">
          <value>Open Street Map: http://www.openstreetmap.org.nz/</value>
        </Data>
        <Data name="Update">
          <value>21/01/2019</value>
        </Data>
        <Data name="x">
          <value>172.68187534000</value>
        </Data>
        <Data name="y">
          <value>-43.53866783810</value>
        </Data>
      </ExtendedData>
      <Point>
        <coordinates>
          172.68187534,-43.5386678381,0
        </coordinates>
      </Point>
    </Placemark>
    <Placemark>
      <name>Patels Dairy</name>
      <description><![CDATA[type: convenience<br>Source: Open Street Map: http://www.openstreetmap.org.nz/<br>Update: 21/01/2019<br>x: 172.64709899900<br>y: -43.54528418890]]></description>
      <styleUrl>#icon-1577-795548</styleUrl>
      <ExtendedData>
        <Data name="type">
          <value>convenience</value>
        </Data>
        <Data name="Source">
          <value>Open Street Map: http://www.openstreetmap.org.nz/</value>
        </Data>
        <Data name="Update">
          <value>21/01/2019</value>
        </Data>
        <Data name="x">
          <value>172.64709899900</value>
        </Data>
        <Data name="y">
          <value>-43.54528418890</value>
        </Data>
      </ExtendedData>
      <Point>
        <coordinates>
          172.647098999,-43.5452841889,0
        </coordinates>
      </Point>
    </Placemark>
    <Placemark>
      <name>Elizabeth Street Dairy</name>
      <description><![CDATA[type: convenience<br>Source: Open Street Map: http://www.openstreetmap.org.nz/<br>Update: 21/01/2019<br>x: 172.59968644300<br>y: -43.53512626230]]></description>
      <styleUrl>#icon-1577-795548</styleUrl>
      <ExtendedData>
        <Data name="type">
          <value>convenience</value>
        </Data>
        <Data name="Source">
          <value>Open Street Map: http://www.openstreetmap.org.nz/</value>
        </Data>
        <Data name="Update">
          <value>21/01/2019</value>
        </Data>
        <Data name="x">
          <value>172.59968644300</value>
        </Data>
        <Data name="y">
          <value>-43.53512626230</value>
        </Data>
      </ExtendedData>
      <Point>
        <coordinates>
          172.599686443,-43.5351262623,0
        </coordinates>
      </Point>
    </Placemark>
    <Placemark>
      <name/>
      <description><![CDATA[type: convenience<br>Source: Open Street Map: http://www.openstreetmap.org.nz/<br>Update: 21/01/2019<br>x: 172.71673325000<br>y: -43.50667890730]]></description>
      <styleUrl>#icon-1577-795548</styleUrl>
      <ExtendedData>
        <Data name="type">
          <value>convenience</value>
        </Data>
        <Data name="Source">
          <value>Open Street Map: http://www.openstreetmap.org.nz/</value>
        </Data>
        <Data name="Update">
          <value>21/01/2019</value>
        </Data>
        <Data name="x">
          <value>172.71673325000</value>
        </Data>
        <Data name="y">
          <value>-43.50667890730</value>
        </Data>
      </ExtendedData>
      <Point>
        <coordinates>
          172.71673325,-43.5066789073,0
        </coordinates>
      </Point>
    </Placemark>
    <Placemark>
      <name/>
      <description><![CDATA[type: convenience<br>Source: Open Street Map: http://www.openstreetmap.org.nz/<br>Update: 21/01/2019<br>x: 172.70982231400<br>y: -43.50336561790]]></description>
      <styleUrl>#icon-1577-795548</styleUrl>
      <ExtendedData>
        <Data name="type">
          <value>convenience</value>
        </Data>
        <Data name="Source">
          <value>Open Street Map: http://www.openstreetmap.org.nz/</value>
        </Data>
        <Data name="Update">
          <value>21/01/2019</value>
        </Data>
        <Data name="x">
          <value>172.70982231400</value>
        </Data>
        <Data name="y">
          <value>-43.50336561790</value>
        </Data>
      </ExtendedData>
      <Point>
        <coordinates>
          172.709822314,-43.5033656179,0
        </coordinates>
      </Point>
    </Placemark>
    <Placemark>
      <name/>
      <description><![CDATA[type: convenience<br>Source: Open Street Map: http://www.openstreetmap.org.nz/<br>Update: 21/01/2019<br>x: 172.70607670000<br>y: -43.48107316910]]></description>
      <styleUrl>#icon-1577-795548</styleUrl>
      <ExtendedData>
        <Data name="type">
          <value>convenience</value>
        </Data>
        <Data name="Source">
          <value>Open Street Map: http://www.openstreetmap.org.nz/</value>
        </Data>
        <Data name="Update">
          <value>21/01/2019</value>
        </Data>
        <Data name="x">
          <value>172.70607670000</value>
        </Data>
        <Data name="y">
          <value>-43.48107316910</value>
        </Data>
      </ExtendedData>
      <Point>
        <coordinates>
          172.7060767,-43.4810731691,0
        </coordinates>
      </Point>
    </Placemark>
    <Placemark>
      <name>Four Square</name>
      <description><![CDATA[type: convenience<br>Source: Open Street Map: http://www.openstreetmap.org.nz/<br>Update: 21/01/2019<br>x: 172.96709355000<br>y: -43.80495558810]]></description>
      <styleUrl>#icon-1577-795548</styleUrl>
      <ExtendedData>
        <Data name="type">
          <value>convenience</value>
        </Data>
        <Data name="Source">
          <value>Open Street Map: http://www.openstreetmap.org.nz/</value>
        </Data>
        <Data name="Update">
          <value>21/01/2019</value>
        </Data>
        <Data name="x">
          <value>172.96709355000</value>
        </Data>
        <Data name="y">
          <value>-43.80495558810</value>
        </Data>
      </ExtendedData>
      <Point>
        <coordinates>
          172.96709355,-43.8049555881,0
        </coordinates>
      </Point>
    </Placemark>
    <Placemark>
      <name>Church Bay Services</name>
      <description><![CDATA[type: convenience<br>Source: Open Street Map: http://www.openstreetmap.org.nz/<br>Update: 21/01/2019<br>x: 172.72447610300<br>y: -43.62887370050]]></description>
      <styleUrl>#icon-1577-795548</styleUrl>
      <ExtendedData>
        <Data name="type">
          <value>convenience</value>
        </Data>
        <Data name="Source">
          <value>Open Street Map: http://www.openstreetmap.org.nz/</value>
        </Data>
        <Data name="Update">
          <value>21/01/2019</value>
        </Data>
        <Data name="x">
          <value>172.72447610300</value>
        </Data>
        <Data name="y">
          <value>-43.62887370050</value>
        </Data>
      </ExtendedData>
      <Point>
        <coordinates>
          172.724476103,-43.6288737005,0
        </coordinates>
      </Point>
    </Placemark>
    <Placemark>
      <name>Beachside Convenience</name>
      <description><![CDATA[type: convenience<br>Source: Open Street Map: http://www.openstreetmap.org.nz/<br>Update: 21/01/2019<br>x: 172.75933976300<br>y: -43.56880682710]]></description>
      <styleUrl>#icon-1577-795548</styleUrl>
      <ExtendedData>
        <Data name="type">
          <value>convenience</value>
        </Data>
        <Data name="Source">
          <value>Open Street Map: http://www.openstreetmap.org.nz/</value>
        </Data>
        <Data name="Update">
          <value>21/01/2019</value>
        </Data>
        <Data name="x">
          <value>172.75933976300</value>
        </Data>
        <Data name="y">
          <value>-43.56880682710</value>
        </Data>
      </ExtendedData>
      <Point>
        <coordinates>
          172.759339763,-43.5688068271,0
        </coordinates>
      </Point>
    </Placemark>
    <Placemark>
      <name>Redcliffs Dairy</name>
      <description><![CDATA[type: convenience<br>Source: Open Street Map: http://www.openstreetmap.org.nz/<br>Update: 21/01/2019<br>x: 172.73861633200<br>y: -43.56148230220]]></description>
      <styleUrl>#icon-1577-795548</styleUrl>
      <ExtendedData>
        <Data name="type">
          <value>convenience</value>
        </Data>
        <Data name="Source">
          <value>Open Street Map: http://www.openstreetmap.org.nz/</value>
        </Data>
        <Data name="Update">
          <value>21/01/2019</value>
        </Data>
        <Data name="x">
          <value>172.73861633200</value>
        </Data>
        <Data name="y">
          <value>-43.56148230220</value>
        </Data>
      </ExtendedData>
      <Point>
        <coordinates>
          172.738616332,-43.5614823022,0
        </coordinates>
      </Point>
    </Placemark>
    <Placemark>
      <name>Ferry Road Discount</name>
      <description><![CDATA[type: convenience<br>Source: Open Street Map: http://www.openstreetmap.org.nz/<br>Update: 21/01/2019<br>x: 172.68366337100<br>y: -43.54947923520]]></description>
      <styleUrl>#icon-1577-795548</styleUrl>
      <ExtendedData>
        <Data name="type">
          <value>convenience</value>
        </Data>
        <Data name="Source">
          <value>Open Street Map: http://www.openstreetmap.org.nz/</value>
        </Data>
        <Data name="Update">
          <value>21/01/2019</value>
        </Data>
        <Data name="x">
          <value>172.68366337100</value>
        </Data>
        <Data name="y">
          <value>-43.54947923520</value>
        </Data>
      </ExtendedData>
      <Point>
        <coordinates>
          172.683663371,-43.5494792352,0
        </coordinates>
      </Point>
    </Placemark>
    <Placemark>
      <name>Mobil Mart</name>
      <description><![CDATA[type: convenience<br>Source: Open Street Map: http://www.openstreetmap.org.nz/<br>Update: 21/01/2019<br>x: 172.64219544200<br>y: -43.53565133450]]></description>
      <styleUrl>#icon-1577-795548</styleUrl>
      <ExtendedData>
        <Data name="type">
          <value>convenience</value>
        </Data>
        <Data name="Source">
          <value>Open Street Map: http://www.openstreetmap.org.nz/</value>
        </Data>
        <Data name="Update">
          <value>21/01/2019</value>
        </Data>
        <Data name="x">
          <value>172.64219544200</value>
        </Data>
        <Data name="y">
          <value>-43.53565133450</value>
        </Data>
      </ExtendedData>
      <Point>
        <coordinates>
          172.642195442,-43.5356513345,0
        </coordinates>
      </Point>
    </Placemark>
    <Placemark>
      <name>Mobil Mart</name>
      <description><![CDATA[type: convenience<br>Source: Open Street Map: http://www.openstreetmap.org.nz/<br>Update: 21/01/2019<br>x: 172.61774835000<br>y: -43.47337255000]]></description>
      <styleUrl>#icon-1577-795548</styleUrl>
      <ExtendedData>
        <Data name="type">
          <value>convenience</value>
        </Data>
        <Data name="Source">
          <value>Open Street Map: http://www.openstreetmap.org.nz/</value>
        </Data>
        <Data name="Update">
          <value>21/01/2019</value>
        </Data>
        <Data name="x">
          <value>172.61774835000</value>
        </Data>
        <Data name="y">
          <value>-43.47337255000</value>
        </Data>
      </ExtendedData>
      <Point>
        <coordinates>
          172.61774835,-43.47337255,0
        </coordinates>
      </Point>
    </Placemark>
    <Placemark>
      <name>Mobil Mart</name>
      <description><![CDATA[type: convenience<br>Source: Open Street Map: http://www.openstreetmap.org.nz/<br>Update: 21/01/2019<br>x: 172.64518430000<br>y: -43.52132687470]]></description>
      <styleUrl>#icon-1577-795548</styleUrl>
      <ExtendedData>
        <Data name="type">
          <value>convenience</value>
        </Data>
        <Data name="Source">
          <value>Open Street Map: http://www.openstreetmap.org.nz/</value>
        </Data>
        <Data name="Update">
          <value>21/01/2019</value>
        </Data>
        <Data name="x">
          <value>172.64518430000</value>
        </Data>
        <Data name="y">
          <value>-43.52132687470</value>
        </Data>
      </ExtendedData>
      <Point>
        <coordinates>
          172.6451843,-43.5213268747,0
        </coordinates>
      </Point>
    </Placemark>
    <Placemark>
      <name>4 Square</name>
      <description><![CDATA[type: convenience<br>Source: Open Street Map: http://www.openstreetmap.org.nz/<br>Update: 21/01/2019<br>x: 172.10834910900<br>y: -43.48918515110]]></description>
      <styleUrl>#icon-1577-795548</styleUrl>
      <ExtendedData>
        <Data name="type">
          <value>convenience</value>
        </Data>
        <Data name="Source">
          <value>Open Street Map: http://www.openstreetmap.org.nz/</value>
        </Data>
        <Data name="Update">
          <value>21/01/2019</value>
        </Data>
        <Data name="x">
          <value>172.10834910900</value>
        </Data>
        <Data name="y">
          <value>-43.48918515110</value>
        </Data>
      </ExtendedData>
      <Point>
        <coordinates>
          172.108349109,-43.4891851511,0
        </coordinates>
      </Point>
    </Placemark>
    <Placemark>
      <name>BP Connect</name>
      <description><![CDATA[type: convenience<br>Source: Open Street Map: http://www.openstreetmap.org.nz/<br>Update: 21/01/2019<br>x: 172.58961060200<br>y: -43.51892388000]]></description>
      <styleUrl>#icon-1577-795548</styleUrl>
      <ExtendedData>
        <Data name="type">
          <value>convenience</value>
        </Data>
        <Data name="Source">
          <value>Open Street Map: http://www.openstreetmap.org.nz/</value>
        </Data>
        <Data name="Update">
          <value>21/01/2019</value>
        </Data>
        <Data name="x">
          <value>172.58961060200</value>
        </Data>
        <Data name="y">
          <value>-43.51892388000</value>
        </Data>
      </ExtendedData>
      <Point>
        <coordinates>
          172.589610602,-43.51892388,0
        </coordinates>
      </Point>
    </Placemark>
    <Placemark>
      <name>City Express Discounter</name>
      <description><![CDATA[type: convenience<br>Source: Open Street Map: http://www.openstreetmap.org.nz/<br>Update: 21/01/2019<br>x: 172.67299447500<br>y: -43.52484654560]]></description>
      <styleUrl>#icon-1577-795548</styleUrl>
      <ExtendedData>
        <Data name="type">
          <value>convenience</value>
        </Data>
        <Data name="Source">
          <value>Open Street Map: http://www.openstreetmap.org.nz/</value>
        </Data>
        <Data name="Update">
          <value>21/01/2019</value>
        </Data>
        <Data name="x">
          <value>172.67299447500</value>
        </Data>
        <Data name="y">
          <value>-43.52484654560</value>
        </Data>
      </ExtendedData>
      <Point>
        <coordinates>
          172.672994475,-43.5248465456,0
        </coordinates>
      </Point>
    </Placemark>
    <Placemark>
      <name>Mini Mart</name>
      <description><![CDATA[type: convenience<br>Source: Open Street Map: http://www.openstreetmap.org.nz/<br>Update: 21/01/2019<br>x: 172.54218807900<br>y: -43.52253943870]]></description>
      <styleUrl>#icon-1577-795548</styleUrl>
      <ExtendedData>
        <Data name="type">
          <value>convenience</value>
        </Data>
        <Data name="Source">
          <value>Open Street Map: http://www.openstreetmap.org.nz/</value>
        </Data>
        <Data name="Update">
          <value>21/01/2019</value>
        </Data>
        <Data name="x">
          <value>172.54218807900</value>
        </Data>
        <Data name="y">
          <value>-43.52253943870</value>
        </Data>
      </ExtendedData>
      <Point>
        <coordinates>
          172.542188079,-43.5225394387,0
        </coordinates>
      </Point>
    </Placemark>
    <Placemark>
      <name/>
      <description><![CDATA[type: convenience<br>Source: Open Street Map: http://www.openstreetmap.org.nz/<br>Update: 21/01/2019<br>x: 172.58925170000<br>y: -43.56369190000]]></description>
      <styleUrl>#icon-1577-795548</styleUrl>
      <ExtendedData>
        <Data name="type">
          <value>convenience</value>
        </Data>
        <Data name="Source">
          <value>Open Street Map: http://www.openstreetmap.org.nz/</value>
        </Data>
        <Data name="Update">
          <value>21/01/2019</value>
        </Data>
        <Data name="x">
          <value>172.58925170000</value>
        </Data>
        <Data name="y">
          <value>-43.56369190000</value>
        </Data>
      </ExtendedData>
      <Point>
        <coordinates>
          172.5892517,-43.5636919,0
        </coordinates>
      </Point>
    </Placemark>
    <Placemark>
      <name>Harrington Park Dairy</name>
      <description><![CDATA[type: convenience<br>Source: Open Street Map: http://www.openstreetmap.org.nz/<br>Update: 21/01/2019<br>x: 172.58984220000<br>y: -43.53486880000]]></description>
      <styleUrl>#icon-1577-795548</styleUrl>
      <ExtendedData>
        <Data name="type">
          <value>convenience</value>
        </Data>
        <Data name="Source">
          <value>Open Street Map: http://www.openstreetmap.org.nz/</value>
        </Data>
        <Data name="Update">
          <value>21/01/2019</value>
        </Data>
        <Data name="x">
          <value>172.58984220000</value>
        </Data>
        <Data name="y">
          <value>-43.53486880000</value>
        </Data>
      </ExtendedData>
      <Point>
        <coordinates>
          172.5898422,-43.5348688,0
        </coordinates>
      </Point>
    </Placemark>
    <Placemark>
      <name/>
      <description><![CDATA[type: convenience<br>Source: Open Street Map: http://www.openstreetmap.org.nz/<br>Update: 21/01/2019<br>x: 172.64672650000<br>y: -43.56706090000]]></description>
      <styleUrl>#icon-1577-795548</styleUrl>
      <ExtendedData>
        <Data name="type">
          <value>convenience</value>
        </Data>
        <Data name="Source">
          <value>Open Street Map: http://www.openstreetmap.org.nz/</value>
        </Data>
        <Data name="Update">
          <value>21/01/2019</value>
        </Data>
        <Data name="x">
          <value>172.64672650000</value>
        </Data>
        <Data name="y">
          <value>-43.56706090000</value>
        </Data>
      </ExtendedData>
      <Point>
        <coordinates>
          172.6467265,-43.5670609,0
        </coordinates>
      </Point>
    </Placemark>
    <Placemark>
      <name/>
      <description><![CDATA[type: convenience<br>Source: Open Street Map: http://www.openstreetmap.org.nz/<br>Update: 21/01/2019<br>x: 172.63681410000<br>y: -43.51631290000]]></description>
      <styleUrl>#icon-1577-795548</styleUrl>
      <ExtendedData>
        <Data name="type">
          <value>convenience</value>
        </Data>
        <Data name="Source">
          <value>Open Street Map: http://www.openstreetmap.org.nz/</value>
        </Data>
        <Data name="Update">
          <value>21/01/2019</value>
        </Data>
        <Data name="x">
          <value>172.63681410000</value>
        </Data>
        <Data name="y">
          <value>-43.51631290000</value>
        </Data>
      </ExtendedData>
      <Point>
        <coordinates>
          172.6368141,-43.5163129,0
        </coordinates>
      </Point>
    </Placemark>
    <Placemark>
      <name/>
      <description><![CDATA[type: convenience<br>Source: Open Street Map: http://www.openstreetmap.org.nz/<br>Update: 21/01/2019<br>x: 172.64707160000<br>y: -43.55777710000]]></description>
      <styleUrl>#icon-1577-795548</styleUrl>
      <ExtendedData>
        <Data name="type">
          <value>convenience</value>
        </Data>
        <Data name="Source">
          <value>Open Street Map: http://www.openstreetmap.org.nz/</value>
        </Data>
        <Data name="Update">
          <value>21/01/2019</value>
        </Data>
        <Data name="x">
          <value>172.64707160000</value>
        </Data>
        <Data name="y">
          <value>-43.55777710000</value>
        </Data>
      </ExtendedData>
      <Point>
        <coordinates>
          172.6470716,-43.5577771,0
        </coordinates>
      </Point>
    </Placemark>
    <Placemark>
      <name/>
      <description><![CDATA[type: convenience<br>Source: Open Street Map: http://www.openstreetmap.org.nz/<br>Update: 21/01/2019<br>x: 172.63232670000<br>y: -43.51333140000]]></description>
      <styleUrl>#icon-1577-795548</styleUrl>
      <ExtendedData>
        <Data name="type">
          <value>convenience</value>
        </Data>
        <Data name="Source">
          <value>Open Street Map: http://www.openstreetmap.org.nz/</value>
        </Data>
        <Data name="Update">
          <value>21/01/2019</value>
        </Data>
        <Data name="x">
          <value>172.63232670000</value>
        </Data>
        <Data name="y">
          <value>-43.51333140000</value>
        </Data>
      </ExtendedData>
      <Point>
        <coordinates>
          172.6323267,-43.5133314,0
        </coordinates>
      </Point>
    </Placemark>
    <Placemark>
      <name/>
      <description><![CDATA[type: convenience<br>Source: Open Street Map: http://www.openstreetmap.org.nz/<br>Update: 21/01/2019<br>x: 172.69801050000<br>y: -43.31440340000]]></description>
      <styleUrl>#icon-1577-795548</styleUrl>
      <ExtendedData>
        <Data name="type">
          <value>convenience</value>
        </Data>
        <Data name="Source">
          <value>Open Street Map: http://www.openstreetmap.org.nz/</value>
        </Data>
        <Data name="Update">
          <value>21/01/2019</value>
        </Data>
        <Data name="x">
          <value>172.69801050000</value>
        </Data>
        <Data name="y">
          <value>-43.31440340000</value>
        </Data>
      </ExtendedData>
      <Point>
        <coordinates>
          172.6980105,-43.3144034,0
        </coordinates>
      </Point>
    </Placemark>
    <Placemark>
      <name>Waikuku Beach Store</name>
      <description><![CDATA[type: convenience<br>Source: Open Street Map: http://www.openstreetmap.org.nz/<br>Update: 21/01/2019<br>x: 172.71640790000<br>y: -43.28667540000]]></description>
      <styleUrl>#icon-1577-795548</styleUrl>
      <ExtendedData>
        <Data name="type">
          <value>convenience</value>
        </Data>
        <Data name="Source">
          <value>Open Street Map: http://www.openstreetmap.org.nz/</value>
        </Data>
        <Data name="Update">
          <value>21/01/2019</value>
        </Data>
        <Data name="x">
          <value>172.71640790000</value>
        </Data>
        <Data name="y">
          <value>-43.28667540000</value>
        </Data>
      </ExtendedData>
      <Point>
        <coordinates>
          172.7164079,-43.2866754,0
        </coordinates>
      </Point>
    </Placemark>
    <Placemark>
      <name/>
      <description><![CDATA[type: convenience<br>Source: Open Street Map: http://www.openstreetmap.org.nz/<br>Update: 21/01/2019<br>x: 172.56219800000<br>y: -43.48904760000]]></description>
      <styleUrl>#icon-1577-795548</styleUrl>
      <ExtendedData>
        <Data name="type">
          <value>convenience</value>
        </Data>
        <Data name="Source">
          <value>Open Street Map: http://www.openstreetmap.org.nz/</value>
        </Data>
        <Data name="Update">
          <value>21/01/2019</value>
        </Data>
        <Data name="x">
          <value>172.56219800000</value>
        </Data>
        <Data name="y">
          <value>-43.48904760000</value>
        </Data>
      </ExtendedData>
      <Point>
        <coordinates>
          172.562198,-43.4890476,0
        </coordinates>
      </Point>
    </Placemark>
    <Placemark>
      <name>Parnwell Superette</name>
      <description><![CDATA[type: convenience<br>Source: Open Street Map: http://www.openstreetmap.org.nz/<br>Update: 21/01/2019<br>x: 172.68876080000<br>y: -43.49581780000]]></description>
      <styleUrl>#icon-1577-795548</styleUrl>
      <ExtendedData>
        <Data name="type">
          <value>convenience</value>
        </Data>
        <Data name="Source">
          <value>Open Street Map: http://www.openstreetmap.org.nz/</value>
        </Data>
        <Data name="Update">
          <value>21/01/2019</value>
        </Data>
        <Data name="x">
          <value>172.68876080000</value>
        </Data>
        <Data name="y">
          <value>-43.49581780000</value>
        </Data>
      </ExtendedData>
      <Point>
        <coordinates>
          172.6887608,-43.4958178,0
        </coordinates>
      </Point>
    </Placemark>
    <Placemark>
      <name/>
      <description><![CDATA[type: convenience<br>Source: Open Street Map: http://www.openstreetmap.org.nz/<br>Update: 21/01/2019<br>x: 172.54231230000<br>y: -43.52248460000]]></description>
      <styleUrl>#icon-1577-795548</styleUrl>
      <ExtendedData>
        <Data name="type">
          <value>convenience</value>
        </Data>
        <Data name="Source">
          <value>Open Street Map: http://www.openstreetmap.org.nz/</value>
        </Data>
        <Data name="Update">
          <value>21/01/2019</value>
        </Data>
        <Data name="x">
          <value>172.54231230000</value>
        </Data>
        <Data name="y">
          <value>-43.52248460000</value>
        </Data>
      </ExtendedData>
      <Point>
        <coordinates>
          172.5423123,-43.5224846,0
        </coordinates>
      </Point>
    </Placemark>
    <Placemark>
      <name>Staveley Street Dairy</name>
      <description><![CDATA[type: convenience<br>Source: Open Street Map: http://www.openstreetmap.org.nz/<br>Update: 21/01/2019<br>x: 172.55268110000<br>y: -43.51885630000]]></description>
      <styleUrl>#icon-1577-795548</styleUrl>
      <ExtendedData>
        <Data name="type">
          <value>convenience</value>
        </Data>
        <Data name="Source">
          <value>Open Street Map: http://www.openstreetmap.org.nz/</value>
        </Data>
        <Data name="Update">
          <value>21/01/2019</value>
        </Data>
        <Data name="x">
          <value>172.55268110000</value>
        </Data>
        <Data name="y">
          <value>-43.51885630000</value>
        </Data>
      </ExtendedData>
      <Point>
        <coordinates>
          172.5526811,-43.5188563,0
        </coordinates>
      </Point>
    </Placemark>
    <Placemark>
      <name/>
      <description><![CDATA[type: convenience<br>Source: Open Street Map: http://www.openstreetmap.org.nz/<br>Update: 21/01/2019<br>x: 172.66510790000<br>y: -43.32239530000]]></description>
      <styleUrl>#icon-1577-795548</styleUrl>
      <ExtendedData>
        <Data name="type">
          <value>convenience</value>
        </Data>
        <Data name="Source">
          <value>Open Street Map: http://www.openstreetmap.org.nz/</value>
        </Data>
        <Data name="Update">
          <value>21/01/2019</value>
        </Data>
        <Data name="x">
          <value>172.66510790000</value>
        </Data>
        <Data name="y">
          <value>-43.32239530000</value>
        </Data>
      </ExtendedData>
      <Point>
        <coordinates>
          172.6651079,-43.3223953,0
        </coordinates>
      </Point>
    </Placemark>
    <Placemark>
      <name/>
      <description><![CDATA[type: convenience<br>Source: Open Street Map: http://www.openstreetmap.org.nz/<br>Update: 21/01/2019<br>x: 172.62862470000<br>y: -43.50648280000]]></description>
      <styleUrl>#icon-1577-795548</styleUrl>
      <ExtendedData>
        <Data name="type">
          <value>convenience</value>
        </Data>
        <Data name="Source">
          <value>Open Street Map: http://www.openstreetmap.org.nz/</value>
        </Data>
        <Data name="Update">
          <value>21/01/2019</value>
        </Data>
        <Data name="x">
          <value>172.62862470000</value>
        </Data>
        <Data name="y">
          <value>-43.50648280000</value>
        </Data>
      </ExtendedData>
      <Point>
        <coordinates>
          172.6286247,-43.5064828,0
        </coordinates>
      </Point>
    </Placemark>
    <Placemark>
      <name>Dickies Corner</name>
      <description><![CDATA[type: convenience<br>Source: Open Street Map: http://www.openstreetmap.org.nz/<br>Update: 21/01/2019<br>x: 172.64575690000<br>y: -43.51585500000]]></description>
      <styleUrl>#icon-1577-795548</styleUrl>
      <ExtendedData>
        <Data name="type">
          <value>convenience</value>
        </Data>
        <Data name="Source">
          <value>Open Street Map: http://www.openstreetmap.org.nz/</value>
        </Data>
        <Data name="Update">
          <value>21/01/2019</value>
        </Data>
        <Data name="x">
          <value>172.64575690000</value>
        </Data>
        <Data name="y">
          <value>-43.51585500000</value>
        </Data>
      </ExtendedData>
      <Point>
        <coordinates>
          172.6457569,-43.515855,0
        </coordinates>
      </Point>
    </Placemark>
    <Placemark>
      <name>Somerfield Dairy</name>
      <description><![CDATA[type: convenience<br>Source: Open Street Map: http://www.openstreetmap.org.nz/<br>Update: 21/01/2019<br>x: 172.62607820000<br>y: -43.56349650000]]></description>
      <styleUrl>#icon-1577-795548</styleUrl>
      <ExtendedData>
        <Data name="type">
          <value>convenience</value>
        </Data>
        <Data name="Source">
          <value>Open Street Map: http://www.openstreetmap.org.nz/</value>
        </Data>
        <Data name="Update">
          <value>21/01/2019</value>
        </Data>
        <Data name="x">
          <value>172.62607820000</value>
        </Data>
        <Data name="y">
          <value>-43.56349650000</value>
        </Data>
      </ExtendedData>
      <Point>
        <coordinates>
          172.6260782,-43.5634965,0
        </coordinates>
      </Point>
    </Placemark>
    <Placemark>
      <name>Barkers Convenience Store</name>
      <description><![CDATA[type: convenience<br>Source: Open Street Map: http://www.openstreetmap.org.nz/<br>Update: 21/01/2019<br>x: 172.53088760000<br>y: -43.55157540000]]></description>
      <styleUrl>#icon-1577-795548</styleUrl>
      <ExtendedData>
        <Data name="type">
          <value>convenience</value>
        </Data>
        <Data name="Source">
          <value>Open Street Map: http://www.openstreetmap.org.nz/</value>
        </Data>
        <Data name="Update">
          <value>21/01/2019</value>
        </Data>
        <Data name="x">
          <value>172.53088760000</value>
        </Data>
        <Data name="y">
          <value>-43.55157540000</value>
        </Data>
      </ExtendedData>
      <Point>
        <coordinates>
          172.5308876,-43.5515754,0
        </coordinates>
      </Point>
    </Placemark>
    <Placemark>
      <name/>
      <description><![CDATA[type: convenience<br>Source: Open Street Map: http://www.openstreetmap.org.nz/<br>Update: 21/01/2019<br>x: 172.60336720000<br>y: -43.48025800000]]></description>
      <styleUrl>#icon-1577-795548</styleUrl>
      <ExtendedData>
        <Data name="type">
          <value>convenience</value>
        </Data>
        <Data name="Source">
          <value>Open Street Map: http://www.openstreetmap.org.nz/</value>
        </Data>
        <Data name="Update">
          <value>21/01/2019</value>
        </Data>
        <Data name="x">
          <value>172.60336720000</value>
        </Data>
        <Data name="y">
          <value>-43.48025800000</value>
        </Data>
      </ExtendedData>
      <Point>
        <coordinates>
          172.6033672,-43.480258,0
        </coordinates>
      </Point>
    </Placemark>
    <Placemark>
      <name>Bryndwy corner</name>
      <description><![CDATA[type: convenience<br>Source: Open Street Map: http://www.openstreetmap.org.nz/<br>Update: 21/01/2019<br>x: 172.59590770000<br>y: -43.51250610000]]></description>
      <styleUrl>#icon-1577-795548</styleUrl>
      <ExtendedData>
        <Data name="type">
          <value>convenience</value>
        </Data>
        <Data name="Source">
          <value>Open Street Map: http://www.openstreetmap.org.nz/</value>
        </Data>
        <Data name="Update">
          <value>21/01/2019</value>
        </Data>
        <Data name="x">
          <value>172.59590770000</value>
        </Data>
        <Data name="y">
          <value>-43.51250610000</value>
        </Data>
      </ExtendedData>
      <Point>
        <coordinates>
          172.5959077,-43.5125061,0
        </coordinates>
      </Point>
    </Placemark>
    <Placemark>
      <name>Milton Street Dairy</name>
      <description><![CDATA[type: convenience<br>Source: Open Street Map: http://www.openstreetmap.org.nz/<br>Update: 21/01/2019<br>x: 172.62745680000<br>y: -43.55417580000]]></description>
      <styleUrl>#icon-1577-795548</styleUrl>
      <ExtendedData>
        <Data name="type">
          <value>convenience</value>
        </Data>
        <Data name="Source">
          <value>Open Street Map: http://www.openstreetmap.org.nz/</value>
        </Data>
        <Data name="Update">
          <value>21/01/2019</value>
        </Data>
        <Data name="x">
          <value>172.62745680000</value>
        </Data>
        <Data name="y">
          <value>-43.55417580000</value>
        </Data>
      </ExtendedData>
      <Point>
        <coordinates>
          172.6274568,-43.5541758,0
        </coordinates>
      </Point>
    </Placemark>
    <Placemark>
      <name>Kosovo</name>
      <description><![CDATA[type: convenience<br>Source: Open Street Map: http://www.openstreetmap.org.nz/<br>Update: 21/01/2019<br>x: 172.66057350000<br>y: -43.49375620000]]></description>
      <styleUrl>#icon-1577-795548</styleUrl>
      <ExtendedData>
        <Data name="type">
          <value>convenience</value>
        </Data>
        <Data name="Source">
          <value>Open Street Map: http://www.openstreetmap.org.nz/</value>
        </Data>
        <Data name="Update">
          <value>21/01/2019</value>
        </Data>
        <Data name="x">
          <value>172.66057350000</value>
        </Data>
        <Data name="y">
          <value>-43.49375620000</value>
        </Data>
      </ExtendedData>
      <Point>
        <coordinates>
          172.6605735,-43.4937562,0
        </coordinates>
      </Point>
    </Placemark>
    <Placemark>
      <name>Dairy</name>
      <description><![CDATA[type: convenience<br>Source: Open Street Map: http://www.openstreetmap.org.nz/<br>Update: 21/01/2019<br>x: 172.66866690000<br>y: -43.54852990000]]></description>
      <styleUrl>#icon-1577-795548</styleUrl>
      <ExtendedData>
        <Data name="type">
          <value>convenience</value>
        </Data>
        <Data name="Source">
          <value>Open Street Map: http://www.openstreetmap.org.nz/</value>
        </Data>
        <Data name="Update">
          <value>21/01/2019</value>
        </Data>
        <Data name="x">
          <value>172.66866690000</value>
        </Data>
        <Data name="y">
          <value>-43.54852990000</value>
        </Data>
      </ExtendedData>
      <Point>
        <coordinates>
          172.6686669,-43.5485299,0
        </coordinates>
      </Point>
    </Placemark>
    <Placemark>
      <name/>
      <description><![CDATA[type: convenience<br>Source: Open Street Map: http://www.openstreetmap.org.nz/<br>Update: 21/01/2019<br>x: 172.71173820000<br>y: -43.48632820000]]></description>
      <styleUrl>#icon-1577-795548</styleUrl>
      <ExtendedData>
        <Data name="type">
          <value>convenience</value>
        </Data>
        <Data name="Source">
          <value>Open Street Map: http://www.openstreetmap.org.nz/</value>
        </Data>
        <Data name="Update">
          <value>21/01/2019</value>
        </Data>
        <Data name="x">
          <value>172.71173820000</value>
        </Data>
        <Data name="y">
          <value>-43.48632820000</value>
        </Data>
      </ExtendedData>
      <Point>
        <coordinates>
          172.7117382,-43.4863282,0
        </coordinates>
      </Point>
    </Placemark>
    <Placemark>
      <name/>
      <description><![CDATA[type: convenience<br>Source: Open Street Map: http://www.openstreetmap.org.nz/<br>Update: 21/01/2019<br>x: 172.71076740000<br>y: -43.49491590000]]></description>
      <styleUrl>#icon-1577-795548</styleUrl>
      <ExtendedData>
        <Data name="type">
          <value>convenience</value>
        </Data>
        <Data name="Source">
          <value>Open Street Map: http://www.openstreetmap.org.nz/</value>
        </Data>
        <Data name="Update">
          <value>21/01/2019</value>
        </Data>
        <Data name="x">
          <value>172.71076740000</value>
        </Data>
        <Data name="y">
          <value>-43.49491590000</value>
        </Data>
      </ExtendedData>
      <Point>
        <coordinates>
          172.7107674,-43.4949159,0
        </coordinates>
      </Point>
    </Placemark>
    <Placemark>
      <name>West End Dairy</name>
      <description><![CDATA[type: convenience<br>Source: Open Street Map: http://www.openstreetmap.org.nz/<br>Update: 21/01/2019<br>x: 172.58404510000<br>y: -43.30494710000]]></description>
      <styleUrl>#icon-1577-795548</styleUrl>
      <ExtendedData>
        <Data name="type">
          <value>convenience</value>
        </Data>
        <Data name="Source">
          <value>Open Street Map: http://www.openstreetmap.org.nz/</value>
        </Data>
        <Data name="Update">
          <value>21/01/2019</value>
        </Data>
        <Data name="x">
          <value>172.58404510000</value>
        </Data>
        <Data name="y">
          <value>-43.30494710000</value>
        </Data>
      </ExtendedData>
      <Point>
        <coordinates>
          172.5840451,-43.3049471,0
        </coordinates>
      </Point>
    </Placemark>
    <Placemark>
      <name>Elizabeth Street Dairy</name>
      <description><![CDATA[type: convenience<br>Source: Open Street Map: http://www.openstreetmap.org.nz/<br>Update: 21/01/2019<br>x: 172.59962980000<br>y: -43.53512140000]]></description>
      <styleUrl>#icon-1577-795548</styleUrl>
      <ExtendedData>
        <Data name="type">
          <value>convenience</value>
        </Data>
        <Data name="Source">
          <value>Open Street Map: http://www.openstreetmap.org.nz/</value>
        </Data>
        <Data name="Update">
          <value>21/01/2019</value>
        </Data>
        <Data name="x">
          <value>172.59962980000</value>
        </Data>
        <Data name="y">
          <value>-43.53512140000</value>
        </Data>
      </ExtendedData>
      <Point>
        <coordinates>
          172.5996298,-43.5351214,0
        </coordinates>
      </Point>
    </Placemark>
    <Placemark>
      <name>On the Spot</name>
      <description><![CDATA[type: convenience<br>Source: Open Street Map: http://www.openstreetmap.org.nz/<br>Update: 21/01/2019<br>x: 172.59564830000<br>y: -43.31195010000]]></description>
      <styleUrl>#icon-1577-795548</styleUrl>
      <ExtendedData>
        <Data name="type">
          <value>convenience</value>
        </Data>
        <Data name="Source">
          <value>Open Street Map: http://www.openstreetmap.org.nz/</value>
        </Data>
        <Data name="Update">
          <value>21/01/2019</value>
        </Data>
        <Data name="x">
          <value>172.59564830000</value>
        </Data>
        <Data name="y">
          <value>-43.31195010000</value>
        </Data>
      </ExtendedData>
      <Point>
        <coordinates>
          172.5956483,-43.3119501,0
        </coordinates>
      </Point>
    </Placemark>
    <Placemark>
      <name>Dairy store</name>
      <description><![CDATA[type: convenience<br>Source: Open Street Map: http://www.openstreetmap.org.nz/<br>Update: 21/01/2019<br>x: 172.48390820000<br>y: -43.64045600000]]></description>
      <styleUrl>#icon-1577-795548</styleUrl>
      <ExtendedData>
        <Data name="type">
          <value>convenience</value>
        </Data>
        <Data name="Source">
          <value>Open Street Map: http://www.openstreetmap.org.nz/</value>
        </Data>
        <Data name="Update">
          <value>21/01/2019</value>
        </Data>
        <Data name="x">
          <value>172.48390820000</value>
        </Data>
        <Data name="y">
          <value>-43.64045600000</value>
        </Data>
      </ExtendedData>
      <Point>
        <coordinates>
          172.4839082,-43.640456,0
        </coordinates>
      </Point>
    </Placemark>
    <Placemark>
      <name/>
      <description><![CDATA[type: convenience<br>Source: Open Street Map: http://www.openstreetmap.org.nz/<br>Update: 21/01/2019<br>x: 172.48461900000<br>y: -43.64061710000]]></description>
      <styleUrl>#icon-1577-795548</styleUrl>
      <ExtendedData>
        <Data name="type">
          <value>convenience</value>
        </Data>
        <Data name="Source">
          <value>Open Street Map: http://www.openstreetmap.org.nz/</value>
        </Data>
        <Data name="Update">
          <value>21/01/2019</value>
        </Data>
        <Data name="x">
          <value>172.48461900000</value>
        </Data>
        <Data name="y">
          <value>-43.64061710000</value>
        </Data>
      </ExtendedData>
      <Point>
        <coordinates>
          172.484619,-43.6406171,0
        </coordinates>
      </Point>
    </Placemark>
    <Placemark>
      <name/>
      <description><![CDATA[type: convenience<br>Source: Open Street Map: http://www.openstreetmap.org.nz/<br>Update: 21/01/2019<br>x: 172.63642310000<br>y: -43.51822910000]]></description>
      <styleUrl>#icon-1577-795548</styleUrl>
      <ExtendedData>
        <Data name="type">
          <value>convenience</value>
        </Data>
        <Data name="Source">
          <value>Open Street Map: http://www.openstreetmap.org.nz/</value>
        </Data>
        <Data name="Update">
          <value>21/01/2019</value>
        </Data>
        <Data name="x">
          <value>172.63642310000</value>
        </Data>
        <Data name="y">
          <value>-43.51822910000</value>
        </Data>
      </ExtendedData>
      <Point>
        <coordinates>
          172.6364231,-43.5182291,0
        </coordinates>
      </Point>
    </Placemark>
    <Placemark>
      <name/>
      <description><![CDATA[type: convenience<br>Source: Open Street Map: http://www.openstreetmap.org.nz/<br>Update: 21/01/2019<br>x: 172.60907340000<br>y: -43.52928310000]]></description>
      <styleUrl>#icon-1577-795548</styleUrl>
      <ExtendedData>
        <Data name="type">
          <value>convenience</value>
        </Data>
        <Data name="Source">
          <value>Open Street Map: http://www.openstreetmap.org.nz/</value>
        </Data>
        <Data name="Update">
          <value>21/01/2019</value>
        </Data>
        <Data name="x">
          <value>172.60907340000</value>
        </Data>
        <Data name="y">
          <value>-43.52928310000</value>
        </Data>
      </ExtendedData>
      <Point>
        <coordinates>
          172.6090734,-43.5292831,0
        </coordinates>
      </Point>
    </Placemark>
    <Placemark>
      <name>Harris Cresent Dairy</name>
      <description><![CDATA[type: convenience<br>Source: Open Street Map: http://www.openstreetmap.org.nz/<br>Update: 21/01/2019<br>x: 172.59539800000<br>y: -43.49607300000]]></description>
      <styleUrl>#icon-1577-795548</styleUrl>
      <ExtendedData>
        <Data name="type">
          <value>convenience</value>
        </Data>
        <Data name="Source">
          <value>Open Street Map: http://www.openstreetmap.org.nz/</value>
        </Data>
        <Data name="Update">
          <value>21/01/2019</value>
        </Data>
        <Data name="x">
          <value>172.59539800000</value>
        </Data>
        <Data name="y">
          <value>-43.49607300000</value>
        </Data>
      </ExtendedData>
      <Point>
        <coordinates>
          172.595398,-43.496073,0
        </coordinates>
      </Point>
    </Placemark>
    <Placemark>
      <name>Metro Mart</name>
      <description><![CDATA[type: convenience<br>Source: Open Street Map: http://www.openstreetmap.org.nz/<br>Update: 21/01/2019<br>x: 172.63649160000<br>y: -43.53390290000]]></description>
      <styleUrl>#icon-1577-795548</styleUrl>
      <ExtendedData>
        <Data name="type">
          <value>convenience</value>
        </Data>
        <Data name="Source">
          <value>Open Street Map: http://www.openstreetmap.org.nz/</value>
        </Data>
        <Data name="Update">
          <value>21/01/2019</value>
        </Data>
        <Data name="x">
          <value>172.63649160000</value>
        </Data>
        <Data name="y">
          <value>-43.53390290000</value>
        </Data>
      </ExtendedData>
      <Point>
        <coordinates>
          172.6364916,-43.5339029,0
        </coordinates>
      </Point>
    </Placemark>
    <Placemark>
      <name><![CDATA[Rangiora Flowers & Dairy]]></name>
      <description><![CDATA[type: convenience<br>Source: Open Street Map: http://www.openstreetmap.org.nz/<br>Update: 21/01/2019<br>x: 172.59556520000<br>y: -43.30350310000]]></description>
      <styleUrl>#icon-1577-795548</styleUrl>
      <ExtendedData>
        <Data name="type">
          <value>convenience</value>
        </Data>
        <Data name="Source">
          <value>Open Street Map: http://www.openstreetmap.org.nz/</value>
        </Data>
        <Data name="Update">
          <value>21/01/2019</value>
        </Data>
        <Data name="x">
          <value>172.59556520000</value>
        </Data>
        <Data name="y">
          <value>-43.30350310000</value>
        </Data>
      </ExtendedData>
      <Point>
        <coordinates>
          172.5955652,-43.3035031,0
        </coordinates>
      </Point>
    </Placemark>
    <Placemark>
      <name>Avenue Dairy</name>
      <description><![CDATA[type: convenience<br>Source: Open Street Map: http://www.openstreetmap.org.nz/<br>Update: 21/01/2019<br>x: 172.65032990000<br>y: -43.53106200000]]></description>
      <styleUrl>#icon-1577-795548</styleUrl>
      <ExtendedData>
        <Data name="type">
          <value>convenience</value>
        </Data>
        <Data name="Source">
          <value>Open Street Map: http://www.openstreetmap.org.nz/</value>
        </Data>
        <Data name="Update">
          <value>21/01/2019</value>
        </Data>
        <Data name="x">
          <value>172.65032990000</value>
        </Data>
        <Data name="y">
          <value>-43.53106200000</value>
        </Data>
      </ExtendedData>
      <Point>
        <coordinates>
          172.6503299,-43.531062,0
        </coordinates>
      </Point>
    </Placemark>
    <Placemark>
      <name>Zesto</name>
      <description><![CDATA[type: convenience<br>Source: Open Street Map: http://www.openstreetmap.org.nz/<br>Update: 21/01/2019<br>x: 172.63691340000<br>y: -43.53467150000]]></description>
      <styleUrl>#icon-1577-795548</styleUrl>
      <ExtendedData>
        <Data name="type">
          <value>convenience</value>
        </Data>
        <Data name="Source">
          <value>Open Street Map: http://www.openstreetmap.org.nz/</value>
        </Data>
        <Data name="Update">
          <value>21/01/2019</value>
        </Data>
        <Data name="x">
          <value>172.63691340000</value>
        </Data>
        <Data name="y">
          <value>-43.53467150000</value>
        </Data>
      </ExtendedData>
      <Point>
        <coordinates>
          172.6369134,-43.5346715,0
        </coordinates>
      </Point>
    </Placemark>
    <Placemark>
      <name>Kilmore Discounter</name>
      <description><![CDATA[type: convenience<br>Source: Open Street Map: http://www.openstreetmap.org.nz/<br>Update: 21/01/2019<br>x: 172.64608830000<br>y: -43.52646590000]]></description>
      <styleUrl>#icon-1577-795548</styleUrl>
      <ExtendedData>
        <Data name="type">
          <value>convenience</value>
        </Data>
        <Data name="Source">
          <value>Open Street Map: http://www.openstreetmap.org.nz/</value>
        </Data>
        <Data name="Update">
          <value>21/01/2019</value>
        </Data>
        <Data name="x">
          <value>172.64608830000</value>
        </Data>
        <Data name="y">
          <value>-43.52646590000</value>
        </Data>
      </ExtendedData>
      <Point>
        <coordinates>
          172.6460883,-43.5264659,0
        </coordinates>
      </Point>
    </Placemark>
    <Placemark>
      <name>Cracroft Dairy</name>
      <description><![CDATA[type: convenience<br>Source: Open Street Map: http://www.openstreetmap.org.nz/<br>Update: 21/01/2019<br>x: 172.61536670000<br>y: -43.57392390000]]></description>
      <styleUrl>#icon-1577-795548</styleUrl>
      <ExtendedData>
        <Data name="type">
          <value>convenience</value>
        </Data>
        <Data name="Source">
          <value>Open Street Map: http://www.openstreetmap.org.nz/</value>
        </Data>
        <Data name="Update">
          <value>21/01/2019</value>
        </Data>
        <Data name="x">
          <value>172.61536670000</value>
        </Data>
        <Data name="y">
          <value>-43.57392390000</value>
        </Data>
      </ExtendedData>
      <Point>
        <coordinates>
          172.6153667,-43.5739239,0
        </coordinates>
      </Point>
    </Placemark>
    <Placemark>
      <name>Metro Mart</name>
      <description><![CDATA[type: convenience<br>Source: Open Street Map: http://www.openstreetmap.org.nz/<br>Update: 21/01/2019<br>x: 172.63684560000<br>y: -43.53616830000]]></description>
      <styleUrl>#icon-1577-795548</styleUrl>
      <ExtendedData>
        <Data name="type">
          <value>convenience</value>
        </Data>
        <Data name="Source">
          <value>Open Street Map: http://www.openstreetmap.org.nz/</value>
        </Data>
        <Data name="Update">
          <value>21/01/2019</value>
        </Data>
        <Data name="x">
          <value>172.63684560000</value>
        </Data>
        <Data name="y">
          <value>-43.53616830000</value>
        </Data>
      </ExtendedData>
      <Point>
        <coordinates>
          172.6368456,-43.5361683,0
        </coordinates>
      </Point>
    </Placemark>
    <Placemark>
      <name>Racecourse Dairy</name>
      <description><![CDATA[type: convenience<br>Source: Open Street Map: http://www.openstreetmap.org.nz/<br>Update: 21/01/2019<br>x: 172.54923050000<br>y: -43.53296130000]]></description>
      <styleUrl>#icon-1577-795548</styleUrl>
      <ExtendedData>
        <Data name="type">
          <value>convenience</value>
        </Data>
        <Data name="Source">
          <value>Open Street Map: http://www.openstreetmap.org.nz/</value>
        </Data>
        <Data name="Update">
          <value>21/01/2019</value>
        </Data>
        <Data name="x">
          <value>172.54923050000</value>
        </Data>
        <Data name="y">
          <value>-43.53296130000</value>
        </Data>
      </ExtendedData>
      <Point>
        <coordinates>
          172.5492305,-43.5329613,0
        </coordinates>
      </Point>
    </Placemark>
    <Placemark>
      <name>Better Life Dairy</name>
      <description><![CDATA[type: convenience<br>Source: Open Street Map: http://www.openstreetmap.org.nz/<br>Update: 21/01/2019<br>x: 172.61116120000<br>y: -43.56947730000]]></description>
      <styleUrl>#icon-1577-795548</styleUrl>
      <ExtendedData>
        <Data name="type">
          <value>convenience</value>
        </Data>
        <Data name="Source">
          <value>Open Street Map: http://www.openstreetmap.org.nz/</value>
        </Data>
        <Data name="Update">
          <value>21/01/2019</value>
        </Data>
        <Data name="x">
          <value>172.61116120000</value>
        </Data>
        <Data name="y">
          <value>-43.56947730000</value>
        </Data>
      </ExtendedData>
      <Point>
        <coordinates>
          172.6111612,-43.5694773,0
        </coordinates>
      </Point>
    </Placemark>
    <Placemark>
      <name>On The Spot</name>
      <description><![CDATA[type: convenience<br>Source: Open Street Map: http://www.openstreetmap.org.nz/<br>Update: 21/01/2019<br>x: 172.61114030000<br>y: -43.54410660000]]></description>
      <styleUrl>#icon-1577-795548</styleUrl>
      <ExtendedData>
        <Data name="type">
          <value>convenience</value>
        </Data>
        <Data name="Source">
          <value>Open Street Map: http://www.openstreetmap.org.nz/</value>
        </Data>
        <Data name="Update">
          <value>21/01/2019</value>
        </Data>
        <Data name="x">
          <value>172.61114030000</value>
        </Data>
        <Data name="y">
          <value>-43.54410660000</value>
        </Data>
      </ExtendedData>
      <Point>
        <coordinates>
          172.6111403,-43.5441066,0
        </coordinates>
      </Point>
    </Placemark>
    <Placemark>
      <name>Cashel Street Foodmarket</name>
      <description><![CDATA[type: convenience<br>Source: Open Street Map: http://www.openstreetmap.org.nz/<br>Update: 21/01/2019<br>x: 172.65084150000<br>y: -43.53298390000]]></description>
      <styleUrl>#icon-1577-795548</styleUrl>
      <ExtendedData>
        <Data name="type">
          <value>convenience</value>
        </Data>
        <Data name="Source">
          <value>Open Street Map: http://www.openstreetmap.org.nz/</value>
        </Data>
        <Data name="Update">
          <value>21/01/2019</value>
        </Data>
        <Data name="x">
          <value>172.65084150000</value>
        </Data>
        <Data name="y">
          <value>-43.53298390000</value>
        </Data>
      </ExtendedData>
      <Point>
        <coordinates>
          172.6508415,-43.5329839,0
        </coordinates>
      </Point>
    </Placemark>
    <Placemark>
      <name><![CDATA[New Brighton Lotto & Discounter]]></name>
      <description><![CDATA[type: convenience<br>Source: Open Street Map: http://www.openstreetmap.org.nz/<br>Update: 21/01/2019<br>x: 172.72707130000<br>y: -43.50795440000]]></description>
      <styleUrl>#icon-1577-795548</styleUrl>
      <ExtendedData>
        <Data name="type">
          <value>convenience</value>
        </Data>
        <Data name="Source">
          <value>Open Street Map: http://www.openstreetmap.org.nz/</value>
        </Data>
        <Data name="Update">
          <value>21/01/2019</value>
        </Data>
        <Data name="x">
          <value>172.72707130000</value>
        </Data>
        <Data name="y">
          <value>-43.50795440000</value>
        </Data>
      </ExtendedData>
      <Point>
        <coordinates>
          172.7270713,-43.5079544,0
        </coordinates>
      </Point>
    </Placemark>
    <Placemark>
      <name>4 Square</name>
      <description><![CDATA[type: convenience<br>Source: Open Street Map: http://www.openstreetmap.org.nz/<br>Update: 21/01/2019<br>x: 172.10832140000<br>y: -43.48918430000]]></description>
      <styleUrl>#icon-1577-795548</styleUrl>
      <ExtendedData>
        <Data name="type">
          <value>convenience</value>
        </Data>
        <Data name="Source">
          <value>Open Street Map: http://www.openstreetmap.org.nz/</value>
        </Data>
        <Data name="Update">
          <value>21/01/2019</value>
        </Data>
        <Data name="x">
          <value>172.10832140000</value>
        </Data>
        <Data name="y">
          <value>-43.48918430000</value>
        </Data>
      </ExtendedData>
      <Point>
        <coordinates>
          172.1083214,-43.4891843,0
        </coordinates>
      </Point>
    </Placemark>
    <Placemark>
      <name>Shirleys Kitchen</name>
      <description><![CDATA[type: convenience<br>Source: Open Street Map: http://www.openstreetmap.org.nz/<br>Update: 21/01/2019<br>x: 172.57374420000<br>y: -43.52536380000]]></description>
      <styleUrl>#icon-1577-795548</styleUrl>
      <ExtendedData>
        <Data name="type">
          <value>convenience</value>
        </Data>
        <Data name="Source">
          <value>Open Street Map: http://www.openstreetmap.org.nz/</value>
        </Data>
        <Data name="Update">
          <value>21/01/2019</value>
        </Data>
        <Data name="x">
          <value>172.57374420000</value>
        </Data>
        <Data name="y">
          <value>-43.52536380000</value>
        </Data>
      </ExtendedData>
      <Point>
        <coordinates>
          172.5737442,-43.5253638,0
        </coordinates>
      </Point>
    </Placemark>
    <Placemark>
      <name>Metro Mart</name>
      <description><![CDATA[type: convenience<br>Source: Open Street Map: http://www.openstreetmap.org.nz/<br>Update: 21/01/2019<br>x: 172.63540360000<br>y: -43.53195170000]]></description>
      <styleUrl>#icon-1577-795548</styleUrl>
      <ExtendedData>
        <Data name="type">
          <value>convenience</value>
        </Data>
        <Data name="Source">
          <value>Open Street Map: http://www.openstreetmap.org.nz/</value>
        </Data>
        <Data name="Update">
          <value>21/01/2019</value>
        </Data>
        <Data name="x">
          <value>172.63540360000</value>
        </Data>
        <Data name="y">
          <value>-43.53195170000</value>
        </Data>
      </ExtendedData>
      <Point>
        <coordinates>
          172.6354036,-43.5319517,0
        </coordinates>
      </Point>
    </Placemark>
    <Placemark>
      <name>Eleven Mart</name>
      <description><![CDATA[type: convenience<br>Source: Open Street Map: http://www.openstreetmap.org.nz/<br>Update: 21/01/2019<br>x: 172.63616280000<br>y: -43.53214860000]]></description>
      <styleUrl>#icon-1577-795548</styleUrl>
      <ExtendedData>
        <Data name="type">
          <value>convenience</value>
        </Data>
        <Data name="Source">
          <value>Open Street Map: http://www.openstreetmap.org.nz/</value>
        </Data>
        <Data name="Update">
          <value>21/01/2019</value>
        </Data>
        <Data name="x">
          <value>172.63616280000</value>
        </Data>
        <Data name="y">
          <value>-43.53214860000</value>
        </Data>
      </ExtendedData>
      <Point>
        <coordinates>
          172.6361628,-43.5321486,0
        </coordinates>
      </Point>
    </Placemark>
    <Placemark>
      <name/>
      <description><![CDATA[type: convenience<br>Source: Open Street Map: http://www.openstreetmap.org.nz/<br>Update: 21/01/2019<br>x: 172.56409320000<br>y: -43.50067400000]]></description>
      <styleUrl>#icon-1577-795548</styleUrl>
      <ExtendedData>
        <Data name="type">
          <value>convenience</value>
        </Data>
        <Data name="Source">
          <value>Open Street Map: http://www.openstreetmap.org.nz/</value>
        </Data>
        <Data name="Update">
          <value>21/01/2019</value>
        </Data>
        <Data name="x">
          <value>172.56409320000</value>
        </Data>
        <Data name="y">
          <value>-43.50067400000</value>
        </Data>
      </ExtendedData>
      <Point>
        <coordinates>
          172.5640932,-43.500674,0
        </coordinates>
      </Point>
    </Placemark>
    <Placemark>
      <name>Junction Convenience</name>
      <description><![CDATA[type: convenience<br>Source: Open Street Map: http://www.openstreetmap.org.nz/<br>Update: 21/01/2019<br>x: 172.63899030000<br>y: -43.53030850000]]></description>
      <styleUrl>#icon-1577-795548</styleUrl>
      <ExtendedData>
        <Data name="type">
          <value>convenience</value>
        </Data>
        <Data name="Source">
          <value>Open Street Map: http://www.openstreetmap.org.nz/</value>
        </Data>
        <Data name="Update">
          <value>21/01/2019</value>
        </Data>
        <Data name="x">
          <value>172.63899030000</value>
        </Data>
        <Data name="y">
          <value>-43.53030850000</value>
        </Data>
      </ExtendedData>
      <Point>
        <coordinates>
          172.6389903,-43.5303085,0
        </coordinates>
      </Point>
    </Placemark>
    <Placemark>
      <name>On the spot</name>
      <description><![CDATA[type: convenience<br>Source: Open Street Map: http://www.openstreetmap.org.nz/<br>Update: 21/01/2019<br>x: 172.65776010000<br>y: -43.53994630000]]></description>
      <styleUrl>#icon-1577-795548</styleUrl>
      <ExtendedData>
        <Data name="type">
          <value>convenience</value>
        </Data>
        <Data name="Source">
          <value>Open Street Map: http://www.openstreetmap.org.nz/</value>
        </Data>
        <Data name="Update">
          <value>21/01/2019</value>
        </Data>
        <Data name="x">
          <value>172.65776010000</value>
        </Data>
        <Data name="y">
          <value>-43.53994630000</value>
        </Data>
      </ExtendedData>
      <Point>
        <coordinates>
          172.6577601,-43.5399463,0
        </coordinates>
      </Point>
    </Placemark>
    <Placemark>
      <name><![CDATA[Night 'n Day Woolston]]></name>
      <description><![CDATA[type: convenience<br>Source: Open Street Map: http://www.openstreetmap.org.nz/<br>Update: 21/01/2019<br>x: 172.68252320000<br>y: -43.54897130000]]></description>
      <styleUrl>#icon-1577-795548</styleUrl>
      <ExtendedData>
        <Data name="type">
          <value>convenience</value>
        </Data>
        <Data name="Source">
          <value>Open Street Map: http://www.openstreetmap.org.nz/</value>
        </Data>
        <Data name="Update">
          <value>21/01/2019</value>
        </Data>
        <Data name="x">
          <value>172.68252320000</value>
        </Data>
        <Data name="y">
          <value>-43.54897130000</value>
        </Data>
      </ExtendedData>
      <Point>
        <coordinates>
          172.6825232,-43.5489713,0
        </coordinates>
      </Point>
    </Placemark>
    <Placemark>
      <name>A-one Food Mart</name>
      <description><![CDATA[type: convenience<br>Source: Open Street Map: http://www.openstreetmap.org.nz/<br>Update: 21/01/2019<br>x: 172.67942230000<br>y: -43.54686050000]]></description>
      <styleUrl>#icon-1577-795548</styleUrl>
      <ExtendedData>
        <Data name="type">
          <value>convenience</value>
        </Data>
        <Data name="Source">
          <value>Open Street Map: http://www.openstreetmap.org.nz/</value>
        </Data>
        <Data name="Update">
          <value>21/01/2019</value>
        </Data>
        <Data name="x">
          <value>172.67942230000</value>
        </Data>
        <Data name="y">
          <value>-43.54686050000</value>
        </Data>
      </ExtendedData>
      <Point>
        <coordinates>
          172.6794223,-43.5468605,0
        </coordinates>
      </Point>
    </Placemark>
    <Placemark>
      <name><![CDATA[M&M Minimart]]></name>
      <description><![CDATA[type: convenience<br>Source: Open Street Map: http://www.openstreetmap.org.nz/<br>Update: 21/01/2019<br>x: 172.65985190000<br>y: -43.54076800000]]></description>
      <styleUrl>#icon-1577-795548</styleUrl>
      <ExtendedData>
        <Data name="type">
          <value>convenience</value>
        </Data>
        <Data name="Source">
          <value>Open Street Map: http://www.openstreetmap.org.nz/</value>
        </Data>
        <Data name="Update">
          <value>21/01/2019</value>
        </Data>
        <Data name="x">
          <value>172.65985190000</value>
        </Data>
        <Data name="y">
          <value>-43.54076800000</value>
        </Data>
      </ExtendedData>
      <Point>
        <coordinates>
          172.6598519,-43.540768,0
        </coordinates>
      </Point>
    </Placemark>
    <Placemark>
      <name>Relax</name>
      <description><![CDATA[type: convenience<br>Source: Open Street Map: http://www.openstreetmap.org.nz/<br>Update: 21/01/2019<br>x: 172.53995810000<br>y: -43.48743830000]]></description>
      <styleUrl>#icon-1577-795548</styleUrl>
      <ExtendedData>
        <Data name="type">
          <value>convenience</value>
        </Data>
        <Data name="Source">
          <value>Open Street Map: http://www.openstreetmap.org.nz/</value>
        </Data>
        <Data name="Update">
          <value>21/01/2019</value>
        </Data>
        <Data name="x">
          <value>172.53995810000</value>
        </Data>
        <Data name="y">
          <value>-43.48743830000</value>
        </Data>
      </ExtendedData>
      <Point>
        <coordinates>
          172.5399581,-43.4874383,0
        </coordinates>
      </Point>
    </Placemark>
    <Placemark>
      <name>Lyttelton St Dairy</name>
      <description><![CDATA[type: convenience<br>Source: Open Street Map: http://www.openstreetmap.org.nz/<br>Update: 21/01/2019<br>x: 172.61267440000<br>y: -43.56043590000]]></description>
      <styleUrl>#icon-1577-795548</styleUrl>
      <ExtendedData>
        <Data name="type">
          <value>convenience</value>
        </Data>
        <Data name="Source">
          <value>Open Street Map: http://www.openstreetmap.org.nz/</value>
        </Data>
        <Data name="Update">
          <value>21/01/2019</value>
        </Data>
        <Data name="x">
          <value>172.61267440000</value>
        </Data>
        <Data name="y">
          <value>-43.56043590000</value>
        </Data>
      </ExtendedData>
      <Point>
        <coordinates>
          172.6126744,-43.5604359,0
        </coordinates>
      </Point>
    </Placemark>
    <Placemark>
      <name>Cutts Mini Mart</name>
      <description><![CDATA[type: convenience<br>Source: Open Street Map: http://www.openstreetmap.org.nz/<br>Update: 21/01/2019<br>x: 172.54218930000<br>y: -43.52254400000]]></description>
      <styleUrl>#icon-1577-795548</styleUrl>
      <ExtendedData>
        <Data name="type">
          <value>convenience</value>
        </Data>
        <Data name="Source">
          <value>Open Street Map: http://www.openstreetmap.org.nz/</value>
        </Data>
        <Data name="Update">
          <value>21/01/2019</value>
        </Data>
        <Data name="x">
          <value>172.54218930000</value>
        </Data>
        <Data name="y">
          <value>-43.52254400000</value>
        </Data>
      </ExtendedData>
      <Point>
        <coordinates>
          172.5421893,-43.522544,0
        </coordinates>
      </Point>
    </Placemark>
    <Placemark>
      <name><![CDATA[Symrose's SuperFresh]]></name>
      <description><![CDATA[type: convenience<br>Source: Open Street Map: http://www.openstreetmap.org.nz/<br>Update: 21/01/2019<br>x: 172.63235180000<br>y: -43.52585770000]]></description>
      <styleUrl>#icon-1577-795548</styleUrl>
      <ExtendedData>
        <Data name="type">
          <value>convenience</value>
        </Data>
        <Data name="Source">
          <value>Open Street Map: http://www.openstreetmap.org.nz/</value>
        </Data>
        <Data name="Update">
          <value>21/01/2019</value>
        </Data>
        <Data name="x">
          <value>172.63235180000</value>
        </Data>
        <Data name="y">
          <value>-43.52585770000</value>
        </Data>
      </ExtendedData>
      <Point>
        <coordinates>
          172.6323518,-43.5258577,0
        </coordinates>
      </Point>
    </Placemark>
    <Placemark>
      <name>Faringdon Convenience Store</name>
      <description><![CDATA[type: convenience<br>Source: Open Street Map: http://www.openstreetmap.org.nz/<br>Update: 21/01/2019<br>x: 172.38911370000<br>y: -43.61698490000]]></description>
      <styleUrl>#icon-1577-795548</styleUrl>
      <ExtendedData>
        <Data name="type">
          <value>convenience</value>
        </Data>
        <Data name="Source">
          <value>Open Street Map: http://www.openstreetmap.org.nz/</value>
        </Data>
        <Data name="Update">
          <value>21/01/2019</value>
        </Data>
        <Data name="x">
          <value>172.38911370000</value>
        </Data>
        <Data name="y">
          <value>-43.61698490000</value>
        </Data>
      </ExtendedData>
      <Point>
        <coordinates>
          172.3891137,-43.6169849,0
        </coordinates>
      </Point>
    </Placemark>
    <Placemark>
      <name>Hub</name>
      <description><![CDATA[type: convenience<br>Source: Open Street Map: http://www.openstreetmap.org.nz/<br>Update: 21/01/2019<br>x: 172.53964570000<br>y: -43.48999850000]]></description>
      <styleUrl>#icon-1577-795548</styleUrl>
      <ExtendedData>
        <Data name="type">
          <value>convenience</value>
        </Data>
        <Data name="Source">
          <value>Open Street Map: http://www.openstreetmap.org.nz/</value>
        </Data>
        <Data name="Update">
          <value>21/01/2019</value>
        </Data>
        <Data name="x">
          <value>172.53964570000</value>
        </Data>
        <Data name="y">
          <value>-43.48999850000</value>
        </Data>
      </ExtendedData>
      <Point>
        <coordinates>
          172.5396457,-43.4899985,0
        </coordinates>
      </Point>
    </Placemark>
    <Placemark>
      <name>Discount Dairy</name>
      <description><![CDATA[type: convenience<br>Source: Open Street Map: http://www.openstreetmap.org.nz/<br>Update: 21/01/2019<br>x: 172.68423370000<br>y: -43.54980760000]]></description>
      <styleUrl>#icon-1577-795548</styleUrl>
      <ExtendedData>
        <Data name="type">
          <value>convenience</value>
        </Data>
        <Data name="Source">
          <value>Open Street Map: http://www.openstreetmap.org.nz/</value>
        </Data>
        <Data name="Update">
          <value>21/01/2019</value>
        </Data>
        <Data name="x">
          <value>172.68423370000</value>
        </Data>
        <Data name="y">
          <value>-43.54980760000</value>
        </Data>
      </ExtendedData>
      <Point>
        <coordinates>
          172.6842337,-43.5498076,0
        </coordinates>
      </Point>
    </Placemark>
    <Placemark>
      <name>Gloucester Discounter</name>
      <description><![CDATA[type: convenience<br>Source: Open Street Map: http://www.openstreetmap.org.nz/<br>Update: 21/01/2019<br>x: 172.67253740000<br>y: -43.52575460000]]></description>
      <styleUrl>#icon-1577-795548</styleUrl>
      <ExtendedData>
        <Data name="type">
          <value>convenience</value>
        </Data>
        <Data name="Source">
          <value>Open Street Map: http://www.openstreetmap.org.nz/</value>
        </Data>
        <Data name="Update">
          <value>21/01/2019</value>
        </Data>
        <Data name="x">
          <value>172.67253740000</value>
        </Data>
        <Data name="y">
          <value>-43.52575460000</value>
        </Data>
      </ExtendedData>
      <Point>
        <coordinates>
          172.6725374,-43.5257546,0
        </coordinates>
      </Point>
    </Placemark>
    <Placemark>
      <name>Mobil Mart</name>
      <description><![CDATA[type: convenience<br>Source: Open Street Map: http://www.openstreetmap.org.nz/<br>Update: 21/01/2019<br>x: 172.65774480000<br>y: -43.56313150000]]></description>
      <styleUrl>#icon-1577-795548</styleUrl>
      <ExtendedData>
        <Data name="type">
          <value>convenience</value>
        </Data>
        <Data name="Source">
          <value>Open Street Map: http://www.openstreetmap.org.nz/</value>
        </Data>
        <Data name="Update">
          <value>21/01/2019</value>
        </Data>
        <Data name="x">
          <value>172.65774480000</value>
        </Data>
        <Data name="y">
          <value>-43.56313150000</value>
        </Data>
      </ExtendedData>
      <Point>
        <coordinates>
          172.6577448,-43.5631315,0
        </coordinates>
      </Point>
    </Placemark>
    <Placemark>
      <name>Gloucester and Stanmore Corner Dairy</name>
      <description><![CDATA[type: convenience<br>Source: Open Street Map: http://www.openstreetmap.org.nz/<br>Update: 21/01/2019<br>x: 172.65720490000<br>y: -43.52993660000]]></description>
      <styleUrl>#icon-1577-795548</styleUrl>
      <ExtendedData>
        <Data name="type">
          <value>convenience</value>
        </Data>
        <Data name="Source">
          <value>Open Street Map: http://www.openstreetmap.org.nz/</value>
        </Data>
        <Data name="Update">
          <value>21/01/2019</value>
        </Data>
        <Data name="x">
          <value>172.65720490000</value>
        </Data>
        <Data name="y">
          <value>-43.52993660000</value>
        </Data>
      </ExtendedData>
      <Point>
        <coordinates>
          172.6572049,-43.5299366,0
        </coordinates>
      </Point>
    </Placemark>
    <Placemark>
      <name>Spice Heaven</name>
      <description><![CDATA[type: convenience<br>Source: Open Street Map: http://www.openstreetmap.org.nz/<br>Update: 21/01/2019<br>x: 172.65692740000<br>y: -43.53011610000]]></description>
      <styleUrl>#icon-1577-795548</styleUrl>
      <ExtendedData>
        <Data name="type">
          <value>convenience</value>
        </Data>
        <Data name="Source">
          <value>Open Street Map: http://www.openstreetmap.org.nz/</value>
        </Data>
        <Data name="Update">
          <value>21/01/2019</value>
        </Data>
        <Data name="x">
          <value>172.65692740000</value>
        </Data>
        <Data name="y">
          <value>-43.53011610000</value>
        </Data>
      </ExtendedData>
      <Point>
        <coordinates>
          172.6569274,-43.5301161,0
        </coordinates>
      </Point>
    </Placemark>
    <Placemark>
      <name>Worcester Discounter</name>
      <description><![CDATA[type: convenience<br>Source: Open Street Map: http://www.openstreetmap.org.nz/<br>Update: 21/01/2019<br>x: 172.65761380000<br>y: -43.53083890000]]></description>
      <styleUrl>#icon-1577-795548</styleUrl>
      <ExtendedData>
        <Data name="type">
          <value>convenience</value>
        </Data>
        <Data name="Source">
          <value>Open Street Map: http://www.openstreetmap.org.nz/</value>
        </Data>
        <Data name="Update">
          <value>21/01/2019</value>
        </Data>
        <Data name="x">
          <value>172.65761380000</value>
        </Data>
        <Data name="y">
          <value>-43.53083890000</value>
        </Data>
      </ExtendedData>
      <Point>
        <coordinates>
          172.6576138,-43.5308389,0
        </coordinates>
      </Point>
    </Placemark>
    <Placemark>
      <name>Bin Inn</name>
      <description><![CDATA[type: convenience<br>Source: Open Street Map: http://www.openstreetmap.org.nz/<br>Update: 21/01/2019<br>x: 172.72872260000<br>y: -43.50684170000]]></description>
      <styleUrl>#icon-1577-795548</styleUrl>
      <ExtendedData>
        <Data name="type">
          <value>convenience</value>
        </Data>
        <Data name="Source">
          <value>Open Street Map: http://www.openstreetmap.org.nz/</value>
        </Data>
        <Data name="Update">
          <value>21/01/2019</value>
        </Data>
        <Data name="x">
          <value>172.72872260000</value>
        </Data>
        <Data name="y">
          <value>-43.50684170000</value>
        </Data>
      </ExtendedData>
      <Point>
        <coordinates>
          172.7287226,-43.5068417,0
        </coordinates>
      </Point>
    </Placemark>
    <Placemark>
      <name>Richmond Convenience Store</name>
      <description><![CDATA[type: convenience<br>Source: Open Street Map: http://www.openstreetmap.org.nz/<br>Update: 21/01/2019<br>x: 172.65577670000<br>y: -43.51779940000]]></description>
      <styleUrl>#icon-1577-795548</styleUrl>
      <ExtendedData>
        <Data name="type">
          <value>convenience</value>
        </Data>
        <Data name="Source">
          <value>Open Street Map: http://www.openstreetmap.org.nz/</value>
        </Data>
        <Data name="Update">
          <value>21/01/2019</value>
        </Data>
        <Data name="x">
          <value>172.65577670000</value>
        </Data>
        <Data name="y">
          <value>-43.51779940000</value>
        </Data>
      </ExtendedData>
      <Point>
        <coordinates>
          172.6557767,-43.5177994,0
        </coordinates>
      </Point>
    </Placemark>
    <Placemark>
      <name>Richmond Dairy</name>
      <description><![CDATA[type: convenience<br>Source: Open Street Map: http://www.openstreetmap.org.nz/<br>Update: 21/01/2019<br>x: 172.65620350000<br>y: -43.51822140000]]></description>
      <styleUrl>#icon-1577-795548</styleUrl>
      <ExtendedData>
        <Data name="type">
          <value>convenience</value>
        </Data>
        <Data name="Source">
          <value>Open Street Map: http://www.openstreetmap.org.nz/</value>
        </Data>
        <Data name="Update">
          <value>21/01/2019</value>
        </Data>
        <Data name="x">
          <value>172.65620350000</value>
        </Data>
        <Data name="y">
          <value>-43.51822140000</value>
        </Data>
      </ExtendedData>
      <Point>
        <coordinates>
          172.6562035,-43.5182214,0
        </coordinates>
      </Point>
    </Placemark>
    <Placemark>
      <name>Stanmore Road Dairy</name>
      <description><![CDATA[type: convenience<br>Source: Open Street Map: http://www.openstreetmap.org.nz/<br>Update: 21/01/2019<br>x: 172.65621510000<br>y: -43.51888720000]]></description>
      <styleUrl>#icon-1577-795548</styleUrl>
      <ExtendedData>
        <Data name="type">
          <value>convenience</value>
        </Data>
        <Data name="Source">
          <value>Open Street Map: http://www.openstreetmap.org.nz/</value>
        </Data>
        <Data name="Update">
          <value>21/01/2019</value>
        </Data>
        <Data name="x">
          <value>172.65621510000</value>
        </Data>
        <Data name="y">
          <value>-43.51888720000</value>
        </Data>
      </ExtendedData>
      <Point>
        <coordinates>
          172.6562151,-43.5188872,0
        </coordinates>
      </Point>
    </Placemark>
    <Placemark>
      <name>Faithful Daez Dairy</name>
      <description><![CDATA[type: convenience<br>Source: Open Street Map: http://www.openstreetmap.org.nz/<br>Update: 21/01/2019<br>x: 172.65631010000<br>y: -43.52251800000]]></description>
      <styleUrl>#icon-1577-795548</styleUrl>
      <ExtendedData>
        <Data name="type">
          <value>convenience</value>
        </Data>
        <Data name="Source">
          <value>Open Street Map: http://www.openstreetmap.org.nz/</value>
        </Data>
        <Data name="Update">
          <value>21/01/2019</value>
        </Data>
        <Data name="x">
          <value>172.65631010000</value>
        </Data>
        <Data name="y">
          <value>-43.52251800000</value>
        </Data>
      </ExtendedData>
      <Point>
        <coordinates>
          172.6563101,-43.522518,0
        </coordinates>
      </Point>
    </Placemark>
    <Placemark>
      <name>Barbadoes Foodstore</name>
      <description><![CDATA[type: convenience<br>Source: Open Street Map: http://www.openstreetmap.org.nz/<br>Update: 21/01/2019<br>x: 172.64578390000<br>y: -43.51356170000]]></description>
      <styleUrl>#icon-1577-795548</styleUrl>
      <ExtendedData>
        <Data name="type">
          <value>convenience</value>
        </Data>
        <Data name="Source">
          <value>Open Street Map: http://www.openstreetmap.org.nz/</value>
        </Data>
        <Data name="Update">
          <value>21/01/2019</value>
        </Data>
        <Data name="x">
          <value>172.64578390000</value>
        </Data>
        <Data name="y">
          <value>-43.51356170000</value>
        </Data>
      </ExtendedData>
      <Point>
        <coordinates>
          172.6457839,-43.5135617,0
        </coordinates>
      </Point>
    </Placemark>
    <Placemark>
      <name>CITI Convenience Store</name>
      <description><![CDATA[type: convenience<br>Source: Open Street Map: http://www.openstreetmap.org.nz/<br>Update: 21/01/2019<br>x: 172.60927100000<br>y: -43.49872640000]]></description>
      <styleUrl>#icon-1577-795548</styleUrl>
      <ExtendedData>
        <Data name="type">
          <value>convenience</value>
        </Data>
        <Data name="Source">
          <value>Open Street Map: http://www.openstreetmap.org.nz/</value>
        </Data>
        <Data name="Update">
          <value>21/01/2019</value>
        </Data>
        <Data name="x">
          <value>172.60927100000</value>
        </Data>
        <Data name="y">
          <value>-43.49872640000</value>
        </Data>
      </ExtendedData>
      <Point>
        <coordinates>
          172.609271,-43.4987264,0
        </coordinates>
      </Point>
    </Placemark>
    <Placemark>
      <name>Papanui Discount Dairy</name>
      <description><![CDATA[type: convenience<br>Source: Open Street Map: http://www.openstreetmap.org.nz/<br>Update: 21/01/2019<br>x: 172.60861090000<br>y: -43.49800960000]]></description>
      <styleUrl>#icon-1577-795548</styleUrl>
      <ExtendedData>
        <Data name="type">
          <value>convenience</value>
        </Data>
        <Data name="Source">
          <value>Open Street Map: http://www.openstreetmap.org.nz/</value>
        </Data>
        <Data name="Update">
          <value>21/01/2019</value>
        </Data>
        <Data name="x">
          <value>172.60861090000</value>
        </Data>
        <Data name="y">
          <value>-43.49800960000</value>
        </Data>
      </ExtendedData>
      <Point>
        <coordinates>
          172.6086109,-43.4980096,0
        </coordinates>
      </Point>
    </Placemark>
    <Placemark>
      <name>on the spot</name>
      <description><![CDATA[type: convenience<br>Source: Open Street Map: http://www.openstreetmap.org.nz/<br>Update: 21/01/2019<br>x: 172.56908290000<br>y: -43.29603530000]]></description>
      <styleUrl>#icon-1577-795548</styleUrl>
      <ExtendedData>
        <Data name="type">
          <value>convenience</value>
        </Data>
        <Data name="Source">
          <value>Open Street Map: http://www.openstreetmap.org.nz/</value>
        </Data>
        <Data name="Update">
          <value>21/01/2019</value>
        </Data>
        <Data name="x">
          <value>172.56908290000</value>
        </Data>
        <Data name="y">
          <value>-43.29603530000</value>
        </Data>
      </ExtendedData>
      <Point>
        <coordinates>
          172.5690829,-43.2960353,0
        </coordinates>
      </Point>
    </Placemark>
    <Placemark>
      <name>Queenette Dairy</name>
      <description><![CDATA[type: convenience<br>Source: Open Street Map: http://www.openstreetmap.org.nz/<br>Update: 21/01/2019<br>x: 172.19445750000<br>y: -43.29774010000]]></description>
      <styleUrl>#icon-1577-795548</styleUrl>
      <ExtendedData>
        <Data name="type">
          <value>convenience</value>
        </Data>
        <Data name="Source">
          <value>Open Street Map: http://www.openstreetmap.org.nz/</value>
        </Data>
        <Data name="Update">
          <value>21/01/2019</value>
        </Data>
        <Data name="x">
          <value>172.19445750000</value>
        </Data>
        <Data name="y">
          <value>-43.29774010000</value>
        </Data>
      </ExtendedData>
      <Point>
        <coordinates>
          172.1944575,-43.2977401,0
        </coordinates>
      </Point>
    </Placemark>
    <Placemark>
      <name><![CDATA[McDonald's]]></name>
      <description><![CDATA[type: fast_food<br>Source: Open Street Map: http://www.openstreetmap.org.nz/<br>Update: 21/01/2019<br>x: 172.59605101600<br>y: -43.53027080360]]></description>
      <styleUrl>#icon-1577-795548</styleUrl>
      <ExtendedData>
        <Data name="type">
          <value>fast_food</value>
        </Data>
        <Data name="Source">
          <value>Open Street Map: http://www.openstreetmap.org.nz/</value>
        </Data>
        <Data name="Update">
          <value>21/01/2019</value>
        </Data>
        <Data name="x">
          <value>172.59605101600</value>
        </Data>
        <Data name="y">
          <value>-43.53027080360</value>
        </Data>
      </ExtendedData>
      <Point>
        <coordinates>
          172.596051016,-43.5302708036,0
        </coordinates>
      </Point>
    </Placemark>
    <Placemark>
      <name>Subway</name>
      <description><![CDATA[type: fast_food<br>Source: Open Street Map: http://www.openstreetmap.org.nz/<br>Update: 21/01/2019<br>x: 172.64598761500<br>y: -43.53291433210]]></description>
      <styleUrl>#icon-1577-795548</styleUrl>
      <ExtendedData>
        <Data name="type">
          <value>fast_food</value>
        </Data>
        <Data name="Source">
          <value>Open Street Map: http://www.openstreetmap.org.nz/</value>
        </Data>
        <Data name="Update">
          <value>21/01/2019</value>
        </Data>
        <Data name="x">
          <value>172.64598761500</value>
        </Data>
        <Data name="y">
          <value>-43.53291433210</value>
        </Data>
      </ExtendedData>
      <Point>
        <coordinates>
          172.645987615,-43.5329143321,0
        </coordinates>
      </Point>
    </Placemark>
    <Placemark>
      <name><![CDATA[McDonald's]]></name>
      <description><![CDATA[type: fast_food<br>Source: Open Street Map: http://www.openstreetmap.org.nz/<br>Update: 21/01/2019<br>x: 172.59866678500<br>y: -43.55095747770]]></description>
      <styleUrl>#icon-1577-795548</styleUrl>
      <ExtendedData>
        <Data name="type">
          <value>fast_food</value>
        </Data>
        <Data name="Source">
          <value>Open Street Map: http://www.openstreetmap.org.nz/</value>
        </Data>
        <Data name="Update">
          <value>21/01/2019</value>
        </Data>
        <Data name="x">
          <value>172.59866678500</value>
        </Data>
        <Data name="y">
          <value>-43.55095747770</value>
        </Data>
      </ExtendedData>
      <Point>
        <coordinates>
          172.598666785,-43.5509574777,0
        </coordinates>
      </Point>
    </Placemark>
    <Placemark>
      <name>Subway</name>
      <description><![CDATA[type: fast_food<br>Source: Open Street Map: http://www.openstreetmap.org.nz/<br>Update: 21/01/2019<br>x: 172.62563272800<br>y: -43.46003182050]]></description>
      <styleUrl>#icon-1577-795548</styleUrl>
      <ExtendedData>
        <Data name="type">
          <value>fast_food</value>
        </Data>
        <Data name="Source">
          <value>Open Street Map: http://www.openstreetmap.org.nz/</value>
        </Data>
        <Data name="Update">
          <value>21/01/2019</value>
        </Data>
        <Data name="x">
          <value>172.62563272800</value>
        </Data>
        <Data name="y">
          <value>-43.46003182050</value>
        </Data>
      </ExtendedData>
      <Point>
        <coordinates>
          172.625632728,-43.4600318205,0
        </coordinates>
      </Point>
    </Placemark>
    <Placemark>
      <name>London Fish and Chips</name>
      <description><![CDATA[type: fast_food<br>Source: Open Street Map: http://www.openstreetmap.org.nz/<br>Update: 21/01/2019<br>x: 172.72139951200<br>y: -43.60250990150]]></description>
      <styleUrl>#icon-1577-795548</styleUrl>
      <ExtendedData>
        <Data name="type">
          <value>fast_food</value>
        </Data>
        <Data name="Source">
          <value>Open Street Map: http://www.openstreetmap.org.nz/</value>
        </Data>
        <Data name="Update">
          <value>21/01/2019</value>
        </Data>
        <Data name="x">
          <value>172.72139951200</value>
        </Data>
        <Data name="y">
          <value>-43.60250990150</value>
        </Data>
      </ExtendedData>
      <Point>
        <coordinates>
          172.721399512,-43.6025099015,0
        </coordinates>
      </Point>
    </Placemark>
    <Placemark>
      <name>Fryers Tuck</name>
      <description><![CDATA[type: fast_food<br>Source: Open Street Map: http://www.openstreetmap.org.nz/<br>Update: 21/01/2019<br>x: 172.67767470400<br>y: -43.56381534310]]></description>
      <styleUrl>#icon-1577-795548</styleUrl>
      <ExtendedData>
        <Data name="type">
          <value>fast_food</value>
        </Data>
        <Data name="Source">
          <value>Open Street Map: http://www.openstreetmap.org.nz/</value>
        </Data>
        <Data name="Update">
          <value>21/01/2019</value>
        </Data>
        <Data name="x">
          <value>172.67767470400</value>
        </Data>
        <Data name="y">
          <value>-43.56381534310</value>
        </Data>
      </ExtendedData>
      <Point>
        <coordinates>
          172.677674704,-43.5638153431,0
        </coordinates>
      </Point>
    </Placemark>
    <Placemark>
      <name>Lyttelton Sea Foods</name>
      <description><![CDATA[type: fast_food<br>Source: Open Street Map: http://www.openstreetmap.org.nz/<br>Update: 21/01/2019<br>x: 172.72167502000<br>y: -43.60372291830]]></description>
      <styleUrl>#icon-1577-795548</styleUrl>
      <ExtendedData>
        <Data name="type">
          <value>fast_food</value>
        </Data>
        <Data name="Source">
          <value>Open Street Map: http://www.openstreetmap.org.nz/</value>
        </Data>
        <Data name="Update">
          <value>21/01/2019</value>
        </Data>
        <Data name="x">
          <value>172.72167502000</value>
        </Data>
        <Data name="y">
          <value>-43.60372291830</value>
        </Data>
      </ExtendedData>
      <Point>
        <coordinates>
          172.72167502,-43.6037229183,0
        </coordinates>
      </Point>
    </Placemark>
    <Placemark>
      <name>KFC</name>
      <description><![CDATA[type: fast_food<br>Source: Open Street Map: http://www.openstreetmap.org.nz/<br>Update: 21/01/2019<br>x: 172.66218038000<br>y: -43.50783172710]]></description>
      <styleUrl>#icon-1577-795548</styleUrl>
      <ExtendedData>
        <Data name="type">
          <value>fast_food</value>
        </Data>
        <Data name="Source">
          <value>Open Street Map: http://www.openstreetmap.org.nz/</value>
        </Data>
        <Data name="Update">
          <value>21/01/2019</value>
        </Data>
        <Data name="x">
          <value>172.66218038000</value>
        </Data>
        <Data name="y">
          <value>-43.50783172710</value>
        </Data>
      </ExtendedData>
      <Point>
        <coordinates>
          172.66218038,-43.5078317271,0
        </coordinates>
      </Point>
    </Placemark>
    <Placemark>
      <name/>
      <description><![CDATA[type: fast_food<br>Source: Open Street Map: http://www.openstreetmap.org.nz/<br>Update: 21/01/2019<br>x: 172.73044134700<br>y: -43.50667859030]]></description>
      <styleUrl>#icon-1577-795548</styleUrl>
      <ExtendedData>
        <Data name="type">
          <value>fast_food</value>
        </Data>
        <Data name="Source">
          <value>Open Street Map: http://www.openstreetmap.org.nz/</value>
        </Data>
        <Data name="Update">
          <value>21/01/2019</value>
        </Data>
        <Data name="x">
          <value>172.73044134700</value>
        </Data>
        <Data name="y">
          <value>-43.50667859030</value>
        </Data>
      </ExtendedData>
      <Point>
        <coordinates>
          172.730441347,-43.5066785903,0
        </coordinates>
      </Point>
    </Placemark>
    <Placemark>
      <name>Food for Thought</name>
      <description><![CDATA[type: fast_food<br>Source: Open Street Map: http://www.openstreetmap.org.nz/<br>Update: 21/01/2019<br>x: 172.46876213500<br>y: -43.64440335700]]></description>
      <styleUrl>#icon-1577-795548</styleUrl>
      <ExtendedData>
        <Data name="type">
          <value>fast_food</value>
        </Data>
        <Data name="Source">
          <value>Open Street Map: http://www.openstreetmap.org.nz/</value>
        </Data>
        <Data name="Update">
          <value>21/01/2019</value>
        </Data>
        <Data name="x">
          <value>172.46876213500</value>
        </Data>
        <Data name="y">
          <value>-43.64440335700</value>
        </Data>
      </ExtendedData>
      <Point>
        <coordinates>
          172.468762135,-43.644403357,0
        </coordinates>
      </Point>
    </Placemark>
    <Placemark>
      <name/>
      <description><![CDATA[type: fast_food<br>Source: Open Street Map: http://www.openstreetmap.org.nz/<br>Update: 21/01/2019<br>x: 172.70982402500<br>y: -43.50343278990]]></description>
      <styleUrl>#icon-1577-795548</styleUrl>
      <ExtendedData>
        <Data name="type">
          <value>fast_food</value>
        </Data>
        <Data name="Source">
          <value>Open Street Map: http://www.openstreetmap.org.nz/</value>
        </Data>
        <Data name="Update">
          <value>21/01/2019</value>
        </Data>
        <Data name="x">
          <value>172.70982402500</value>
        </Data>
        <Data name="y">
          <value>-43.50343278990</value>
        </Data>
      </ExtendedData>
      <Point>
        <coordinates>
          172.709824025,-43.5034327899,0
        </coordinates>
      </Point>
    </Placemark>
    <Placemark>
      <name><![CDATA[McDonald's]]></name>
      <description><![CDATA[type: fast_food<br>Source: Open Street Map: http://www.openstreetmap.org.nz/<br>Update: 21/01/2019<br>x: 172.54850036500<br>y: -43.49153214710]]></description>
      <styleUrl>#icon-1577-795548</styleUrl>
      <ExtendedData>
        <Data name="type">
          <value>fast_food</value>
        </Data>
        <Data name="Source">
          <value>Open Street Map: http://www.openstreetmap.org.nz/</value>
        </Data>
        <Data name="Update">
          <value>21/01/2019</value>
        </Data>
        <Data name="x">
          <value>172.54850036500</value>
        </Data>
        <Data name="y">
          <value>-43.49153214710</value>
        </Data>
      </ExtendedData>
      <Point>
        <coordinates>
          172.548500365,-43.4915321471,0
        </coordinates>
      </Point>
    </Placemark>
    <Placemark>
      <name>New York Deli</name>
      <description><![CDATA[type: fast_food<br>Source: Open Street Map: http://www.openstreetmap.org.nz/<br>Update: 21/01/2019<br>x: 172.61651908500<br>y: -43.54056265600]]></description>
      <styleUrl>#icon-1577-795548</styleUrl>
      <ExtendedData>
        <Data name="type">
          <value>fast_food</value>
        </Data>
        <Data name="Source">
          <value>Open Street Map: http://www.openstreetmap.org.nz/</value>
        </Data>
        <Data name="Update">
          <value>21/01/2019</value>
        </Data>
        <Data name="x">
          <value>172.61651908500</value>
        </Data>
        <Data name="y">
          <value>-43.54056265600</value>
        </Data>
      </ExtendedData>
      <Point>
        <coordinates>
          172.616519085,-43.540562656,0
        </coordinates>
      </Point>
    </Placemark>
    <Placemark>
      <name>The Famous Sheffield Pie Shop</name>
      <description><![CDATA[type: fast_food<br>Source: Open Street Map: http://www.openstreetmap.org.nz/<br>Update: 21/01/2019<br>x: 172.02029573400<br>y: -43.38951505110]]></description>
      <styleUrl>#icon-1577-795548</styleUrl>
      <ExtendedData>
        <Data name="type">
          <value>fast_food</value>
        </Data>
        <Data name="Source">
          <value>Open Street Map: http://www.openstreetmap.org.nz/</value>
        </Data>
        <Data name="Update">
          <value>21/01/2019</value>
        </Data>
        <Data name="x">
          <value>172.02029573400</value>
        </Data>
        <Data name="y">
          <value>-43.38951505110</value>
        </Data>
      </ExtendedData>
      <Point>
        <coordinates>
          172.020295734,-43.3895150511,0
        </coordinates>
      </Point>
    </Placemark>
    <Placemark>
      <name><![CDATA[Captain Ben's]]></name>
      <description><![CDATA[type: fast_food<br>Source: Open Street Map: http://www.openstreetmap.org.nz/<br>Update: 21/01/2019<br>x: 172.57926492500<br>y: -43.52656077790]]></description>
      <styleUrl>#icon-1577-795548</styleUrl>
      <ExtendedData>
        <Data name="type">
          <value>fast_food</value>
        </Data>
        <Data name="Source">
          <value>Open Street Map: http://www.openstreetmap.org.nz/</value>
        </Data>
        <Data name="Update">
          <value>21/01/2019</value>
        </Data>
        <Data name="x">
          <value>172.57926492500</value>
        </Data>
        <Data name="y">
          <value>-43.52656077790</value>
        </Data>
      </ExtendedData>
      <Point>
        <coordinates>
          172.579264925,-43.5265607779,0
        </coordinates>
      </Point>
    </Placemark>
    <Placemark>
      <name>Burger King</name>
      <description><![CDATA[type: fast_food<br>Source: Open Street Map: http://www.openstreetmap.org.nz/<br>Update: 21/01/2019<br>x: 172.61459870000<br>y: -43.54227100000]]></description>
      <styleUrl>#icon-1577-795548</styleUrl>
      <ExtendedData>
        <Data name="type">
          <value>fast_food</value>
        </Data>
        <Data name="Source">
          <value>Open Street Map: http://www.openstreetmap.org.nz/</value>
        </Data>
        <Data name="Update">
          <value>21/01/2019</value>
        </Data>
        <Data name="x">
          <value>172.61459870000</value>
        </Data>
        <Data name="y">
          <value>-43.54227100000</value>
        </Data>
      </ExtendedData>
      <Point>
        <coordinates>
          172.6145987,-43.542271,0
        </coordinates>
      </Point>
    </Placemark>
    <Placemark>
      <name><![CDATA[McDonald's]]></name>
      <description><![CDATA[type: fast_food<br>Source: Open Street Map: http://www.openstreetmap.org.nz/<br>Update: 21/01/2019<br>x: 172.62059920800<br>y: -43.51137422090]]></description>
      <styleUrl>#icon-1577-795548</styleUrl>
      <ExtendedData>
        <Data name="type">
          <value>fast_food</value>
        </Data>
        <Data name="Source">
          <value>Open Street Map: http://www.openstreetmap.org.nz/</value>
        </Data>
        <Data name="Update">
          <value>21/01/2019</value>
        </Data>
        <Data name="x">
          <value>172.62059920800</value>
        </Data>
        <Data name="y">
          <value>-43.51137422090</value>
        </Data>
      </ExtendedData>
      <Point>
        <coordinates>
          172.620599208,-43.5113742209,0
        </coordinates>
      </Point>
    </Placemark>
    <Placemark>
      <name>Arbour Pizza</name>
      <description><![CDATA[type: fast_food<br>Source: Open Street Map: http://www.openstreetmap.org.nz/<br>Update: 21/01/2019<br>x: 172.72224138100<br>y: -43.60341724830]]></description>
      <styleUrl>#icon-1577-795548</styleUrl>
      <ExtendedData>
        <Data name="type">
          <value>fast_food</value>
        </Data>
        <Data name="Source">
          <value>Open Street Map: http://www.openstreetmap.org.nz/</value>
        </Data>
        <Data name="Update">
          <value>21/01/2019</value>
        </Data>
        <Data name="x">
          <value>172.72224138100</value>
        </Data>
        <Data name="y">
          <value>-43.60341724830</value>
        </Data>
      </ExtendedData>
      <Point>
        <coordinates>
          172.722241381,-43.6034172483,0
        </coordinates>
      </Point>
    </Placemark>
    <Placemark>
      <name><![CDATA[McDonald's]]></name>
      <description><![CDATA[type: fast_food<br>Source: Open Street Map: http://www.openstreetmap.org.nz/<br>Update: 21/01/2019<br>x: 172.63704360000<br>y: -43.54818650000]]></description>
      <styleUrl>#icon-1577-795548</styleUrl>
      <ExtendedData>
        <Data name="type">
          <value>fast_food</value>
        </Data>
        <Data name="Source">
          <value>Open Street Map: http://www.openstreetmap.org.nz/</value>
        </Data>
        <Data name="Update">
          <value>21/01/2019</value>
        </Data>
        <Data name="x">
          <value>172.63704360000</value>
        </Data>
        <Data name="y">
          <value>-43.54818650000</value>
        </Data>
      </ExtendedData>
      <Point>
        <coordinates>
          172.6370436,-43.5481865,0
        </coordinates>
      </Point>
    </Placemark>
    <Placemark>
      <name>Red Snapper</name>
      <description><![CDATA[type: fast_food<br>Source: Open Street Map: http://www.openstreetmap.org.nz/<br>Update: 21/01/2019<br>x: 172.75918961200<br>y: -43.56937271950]]></description>
      <styleUrl>#icon-1577-795548</styleUrl>
      <ExtendedData>
        <Data name="type">
          <value>fast_food</value>
        </Data>
        <Data name="Source">
          <value>Open Street Map: http://www.openstreetmap.org.nz/</value>
        </Data>
        <Data name="Update">
          <value>21/01/2019</value>
        </Data>
        <Data name="x">
          <value>172.75918961200</value>
        </Data>
        <Data name="y">
          <value>-43.56937271950</value>
        </Data>
      </ExtendedData>
      <Point>
        <coordinates>
          172.759189612,-43.5693727195,0
        </coordinates>
      </Point>
    </Placemark>
    <Placemark>
      <name>Burger Stop</name>
      <description><![CDATA[type: fast_food<br>Source: Open Street Map: http://www.openstreetmap.org.nz/<br>Update: 21/01/2019<br>x: 172.75925410300<br>y: -43.56976566960]]></description>
      <styleUrl>#icon-1577-795548</styleUrl>
      <ExtendedData>
        <Data name="type">
          <value>fast_food</value>
        </Data>
        <Data name="Source">
          <value>Open Street Map: http://www.openstreetmap.org.nz/</value>
        </Data>
        <Data name="Update">
          <value>21/01/2019</value>
        </Data>
        <Data name="x">
          <value>172.75925410300</value>
        </Data>
        <Data name="y">
          <value>-43.56976566960</value>
        </Data>
      </ExtendedData>
      <Point>
        <coordinates>
          172.759254103,-43.5697656696,0
        </coordinates>
      </Point>
    </Placemark>
    <Placemark>
      <name>Sushi Hana</name>
      <description><![CDATA[type: fast_food<br>Source: Open Street Map: http://www.openstreetmap.org.nz/<br>Update: 21/01/2019<br>x: 172.75929170000<br>y: -43.56979689220]]></description>
      <styleUrl>#icon-1577-795548</styleUrl>
      <ExtendedData>
        <Data name="type">
          <value>fast_food</value>
        </Data>
        <Data name="Source">
          <value>Open Street Map: http://www.openstreetmap.org.nz/</value>
        </Data>
        <Data name="Update">
          <value>21/01/2019</value>
        </Data>
        <Data name="x">
          <value>172.75929170000</value>
        </Data>
        <Data name="y">
          <value>-43.56979689220</value>
        </Data>
      </ExtendedData>
      <Point>
        <coordinates>
          172.7592917,-43.5697968922,0
        </coordinates>
      </Point>
    </Placemark>
    <Placemark>
      <name><![CDATA[Redcliffs Fish & Chips]]></name>
      <description><![CDATA[type: fast_food<br>Source: Open Street Map: http://www.openstreetmap.org.nz/<br>Update: 21/01/2019<br>x: 172.73952440600<br>y: -43.56218849720]]></description>
      <styleUrl>#icon-1577-795548</styleUrl>
      <ExtendedData>
        <Data name="type">
          <value>fast_food</value>
        </Data>
        <Data name="Source">
          <value>Open Street Map: http://www.openstreetmap.org.nz/</value>
        </Data>
        <Data name="Update">
          <value>21/01/2019</value>
        </Data>
        <Data name="x">
          <value>172.73952440600</value>
        </Data>
        <Data name="y">
          <value>-43.56218849720</value>
        </Data>
      </ExtendedData>
      <Point>
        <coordinates>
          172.739524406,-43.5621884972,0
        </coordinates>
      </Point>
    </Placemark>
    <Placemark>
      <name>KFC</name>
      <description><![CDATA[type: fast_food<br>Source: Open Street Map: http://www.openstreetmap.org.nz/<br>Update: 21/01/2019<br>x: 172.60887927200<br>y: -43.49858079010]]></description>
      <styleUrl>#icon-1577-795548</styleUrl>
      <ExtendedData>
        <Data name="type">
          <value>fast_food</value>
        </Data>
        <Data name="Source">
          <value>Open Street Map: http://www.openstreetmap.org.nz/</value>
        </Data>
        <Data name="Update">
          <value>21/01/2019</value>
        </Data>
        <Data name="x">
          <value>172.60887927200</value>
        </Data>
        <Data name="y">
          <value>-43.49858079010</value>
        </Data>
      </ExtendedData>
      <Point>
        <coordinates>
          172.608879272,-43.4985807901,0
        </coordinates>
      </Point>
    </Placemark>
    <Placemark>
      <name>Jumbo Food Centre</name>
      <description><![CDATA[type: fast_food<br>Source: Open Street Map: http://www.openstreetmap.org.nz/<br>Update: 21/01/2019<br>x: 172.63707407500<br>y: -43.55202880570]]></description>
      <styleUrl>#icon-1577-795548</styleUrl>
      <ExtendedData>
        <Data name="type">
          <value>fast_food</value>
        </Data>
        <Data name="Source">
          <value>Open Street Map: http://www.openstreetmap.org.nz/</value>
        </Data>
        <Data name="Update">
          <value>21/01/2019</value>
        </Data>
        <Data name="x">
          <value>172.63707407500</value>
        </Data>
        <Data name="y">
          <value>-43.55202880570</value>
        </Data>
      </ExtendedData>
      <Point>
        <coordinates>
          172.637074075,-43.5520288057,0
        </coordinates>
      </Point>
    </Placemark>
    <Placemark>
      <name>KFC</name>
      <description><![CDATA[type: fast_food<br>Source: Open Street Map: http://www.openstreetmap.org.nz/<br>Update: 21/01/2019<br>x: 172.63706135000<br>y: -43.55186015000]]></description>
      <styleUrl>#icon-1577-795548</styleUrl>
      <ExtendedData>
        <Data name="type">
          <value>fast_food</value>
        </Data>
        <Data name="Source">
          <value>Open Street Map: http://www.openstreetmap.org.nz/</value>
        </Data>
        <Data name="Update">
          <value>21/01/2019</value>
        </Data>
        <Data name="x">
          <value>172.63706135000</value>
        </Data>
        <Data name="y">
          <value>-43.55186015000</value>
        </Data>
      </ExtendedData>
      <Point>
        <coordinates>
          172.63706135,-43.55186015,0
        </coordinates>
      </Point>
    </Placemark>
    <Placemark>
      <name>Rolleston Food Bar</name>
      <description><![CDATA[type: fast_food<br>Source: Open Street Map: http://www.openstreetmap.org.nz/<br>Update: 21/01/2019<br>x: 172.37651655500<br>y: -43.59237911810]]></description>
      <styleUrl>#icon-1577-795548</styleUrl>
      <ExtendedData>
        <Data name="type">
          <value>fast_food</value>
        </Data>
        <Data name="Source">
          <value>Open Street Map: http://www.openstreetmap.org.nz/</value>
        </Data>
        <Data name="Update">
          <value>21/01/2019</value>
        </Data>
        <Data name="x">
          <value>172.37651655500</value>
        </Data>
        <Data name="y">
          <value>-43.59237911810</value>
        </Data>
      </ExtendedData>
      <Point>
        <coordinates>
          172.376516555,-43.5923791181,0
        </coordinates>
      </Point>
    </Placemark>
    <Placemark>
      <name><![CDATA[Wok Inn Fish & Chips]]></name>
      <description><![CDATA[type: fast_food<br>Source: Open Street Map: http://www.openstreetmap.org.nz/<br>Update: 21/01/2019<br>x: 172.54040080000<br>y: -43.54828630000]]></description>
      <styleUrl>#icon-1577-795548</styleUrl>
      <ExtendedData>
        <Data name="type">
          <value>fast_food</value>
        </Data>
        <Data name="Source">
          <value>Open Street Map: http://www.openstreetmap.org.nz/</value>
        </Data>
        <Data name="Update">
          <value>21/01/2019</value>
        </Data>
        <Data name="x">
          <value>172.54040080000</value>
        </Data>
        <Data name="y">
          <value>-43.54828630000</value>
        </Data>
      </ExtendedData>
      <Point>
        <coordinates>
          172.5404008,-43.5482863,0
        </coordinates>
      </Point>
    </Placemark>
    <Placemark>
      <name><![CDATA[McDonald's]]></name>
      <description><![CDATA[type: fast_food<br>Source: Open Street Map: http://www.openstreetmap.org.nz/<br>Update: 21/01/2019<br>x: 172.38087345000<br>y: -43.59042090000]]></description>
      <styleUrl>#icon-1577-795548</styleUrl>
      <ExtendedData>
        <Data name="type">
          <value>fast_food</value>
        </Data>
        <Data name="Source">
          <value>Open Street Map: http://www.openstreetmap.org.nz/</value>
        </Data>
        <Data name="Update">
          <value>21/01/2019</value>
        </Data>
        <Data name="x">
          <value>172.38087345000</value>
        </Data>
        <Data name="y">
          <value>-43.59042090000</value>
        </Data>
      </ExtendedData>
      <Point>
        <coordinates>
          172.38087345,-43.5904209,0
        </coordinates>
      </Point>
    </Placemark>
    <Placemark>
      <name>Tummytucker</name>
      <description><![CDATA[type: fast_food<br>Source: Open Street Map: http://www.openstreetmap.org.nz/<br>Update: 21/01/2019<br>x: 172.37699405000<br>y: -43.58873935000]]></description>
      <styleUrl>#icon-1577-795548</styleUrl>
      <ExtendedData>
        <Data name="type">
          <value>fast_food</value>
        </Data>
        <Data name="Source">
          <value>Open Street Map: http://www.openstreetmap.org.nz/</value>
        </Data>
        <Data name="Update">
          <value>21/01/2019</value>
        </Data>
        <Data name="x">
          <value>172.37699405000</value>
        </Data>
        <Data name="y">
          <value>-43.58873935000</value>
        </Data>
      </ExtendedData>
      <Point>
        <coordinates>
          172.37699405,-43.58873935,0
        </coordinates>
      </Point>
    </Placemark>
    <Placemark>
      <name>KFC</name>
      <description><![CDATA[type: fast_food<br>Source: Open Street Map: http://www.openstreetmap.org.nz/<br>Update: 21/01/2019<br>x: 172.67550326700<br>y: -43.53448423610]]></description>
      <styleUrl>#icon-1577-795548</styleUrl>
      <ExtendedData>
        <Data name="type">
          <value>fast_food</value>
        </Data>
        <Data name="Source">
          <value>Open Street Map: http://www.openstreetmap.org.nz/</value>
        </Data>
        <Data name="Update">
          <value>21/01/2019</value>
        </Data>
        <Data name="x">
          <value>172.67550326700</value>
        </Data>
        <Data name="y">
          <value>-43.53448423610</value>
        </Data>
      </ExtendedData>
      <Point>
        <coordinates>
          172.675503267,-43.5344842361,0
        </coordinates>
      </Point>
    </Placemark>
    <Placemark>
      <name>Burger King</name>
      <description><![CDATA[type: fast_food<br>Source: Open Street Map: http://www.openstreetmap.org.nz/<br>Update: 21/01/2019<br>x: 172.67259663500<br>y: -43.53351237840]]></description>
      <styleUrl>#icon-1577-795548</styleUrl>
      <ExtendedData>
        <Data name="type">
          <value>fast_food</value>
        </Data>
        <Data name="Source">
          <value>Open Street Map: http://www.openstreetmap.org.nz/</value>
        </Data>
        <Data name="Update">
          <value>21/01/2019</value>
        </Data>
        <Data name="x">
          <value>172.67259663500</value>
        </Data>
        <Data name="y">
          <value>-43.53351237840</value>
        </Data>
      </ExtendedData>
      <Point>
        <coordinates>
          172.672596635,-43.5335123784,0
        </coordinates>
      </Point>
    </Placemark>
    <Placemark>
      <name>Fish and Chips</name>
      <description><![CDATA[type: fast_food<br>Source: Open Street Map: http://www.openstreetmap.org.nz/<br>Update: 21/01/2019<br>x: 172.54217025000<br>y: -43.52258990000]]></description>
      <styleUrl>#icon-1577-795548</styleUrl>
      <ExtendedData>
        <Data name="type">
          <value>fast_food</value>
        </Data>
        <Data name="Source">
          <value>Open Street Map: http://www.openstreetmap.org.nz/</value>
        </Data>
        <Data name="Update">
          <value>21/01/2019</value>
        </Data>
        <Data name="x">
          <value>172.54217025000</value>
        </Data>
        <Data name="y">
          <value>-43.52258990000</value>
        </Data>
      </ExtendedData>
      <Point>
        <coordinates>
          172.54217025,-43.5225899,0
        </coordinates>
      </Point>
    </Placemark>
    <Placemark>
      <name>Richmond Seafoods</name>
      <description><![CDATA[type: fast_food<br>Source: Open Street Map: http://www.openstreetmap.org.nz/<br>Update: 21/01/2019<br>x: 172.65623510200<br>y: -43.52246743940]]></description>
      <styleUrl>#icon-1577-795548</styleUrl>
      <ExtendedData>
        <Data name="type">
          <value>fast_food</value>
        </Data>
        <Data name="Source">
          <value>Open Street Map: http://www.openstreetmap.org.nz/</value>
        </Data>
        <Data name="Update">
          <value>21/01/2019</value>
        </Data>
        <Data name="x">
          <value>172.65623510200</value>
        </Data>
        <Data name="y">
          <value>-43.52246743940</value>
        </Data>
      </ExtendedData>
      <Point>
        <coordinates>
          172.656235102,-43.5224674394,0
        </coordinates>
      </Point>
    </Placemark>
    <Placemark>
      <name>KFC</name>
      <description><![CDATA[type: fast_food<br>Source: Open Street Map: http://www.openstreetmap.org.nz/<br>Update: 21/01/2019<br>x: 172.54882309000<br>y: -43.49122636510]]></description>
      <styleUrl>#icon-1577-795548</styleUrl>
      <ExtendedData>
        <Data name="type">
          <value>fast_food</value>
        </Data>
        <Data name="Source">
          <value>Open Street Map: http://www.openstreetmap.org.nz/</value>
        </Data>
        <Data name="Update">
          <value>21/01/2019</value>
        </Data>
        <Data name="x">
          <value>172.54882309000</value>
        </Data>
        <Data name="y">
          <value>-43.49122636510</value>
        </Data>
      </ExtendedData>
      <Point>
        <coordinates>
          172.54882309,-43.4912263651,0
        </coordinates>
      </Point>
    </Placemark>
    <Placemark>
      <name><![CDATA[McDonald's]]></name>
      <description><![CDATA[type: fast_food<br>Source: Open Street Map: http://www.openstreetmap.org.nz/<br>Update: 21/01/2019<br>x: 172.66036404300<br>y: -43.47654087040]]></description>
      <styleUrl>#icon-1577-795548</styleUrl>
      <ExtendedData>
        <Data name="type">
          <value>fast_food</value>
        </Data>
        <Data name="Source">
          <value>Open Street Map: http://www.openstreetmap.org.nz/</value>
        </Data>
        <Data name="Update">
          <value>21/01/2019</value>
        </Data>
        <Data name="x">
          <value>172.66036404300</value>
        </Data>
        <Data name="y">
          <value>-43.47654087040</value>
        </Data>
      </ExtendedData>
      <Point>
        <coordinates>
          172.660364043,-43.4765408704,0
        </coordinates>
      </Point>
    </Placemark>
    <Placemark>
      <name/>
      <description><![CDATA[type: fast_food<br>Source: Open Street Map: http://www.openstreetmap.org.nz/<br>Update: 21/01/2019<br>x: 172.63647940000<br>y: -43.51364260000]]></description>
      <styleUrl>#icon-1577-795548</styleUrl>
      <ExtendedData>
        <Data name="type">
          <value>fast_food</value>
        </Data>
        <Data name="Source">
          <value>Open Street Map: http://www.openstreetmap.org.nz/</value>
        </Data>
        <Data name="Update">
          <value>21/01/2019</value>
        </Data>
        <Data name="x">
          <value>172.63647940000</value>
        </Data>
        <Data name="y">
          <value>-43.51364260000</value>
        </Data>
      </ExtendedData>
      <Point>
        <coordinates>
          172.6364794,-43.5136426,0
        </coordinates>
      </Point>
    </Placemark>
    <Placemark>
      <name>Opawa Seafood</name>
      <description><![CDATA[type: fast_food<br>Source: Open Street Map: http://www.openstreetmap.org.nz/<br>Update: 21/01/2019<br>x: 172.66438870000<br>y: -43.55315320000]]></description>
      <styleUrl>#icon-1577-795548</styleUrl>
      <ExtendedData>
        <Data name="type">
          <value>fast_food</value>
        </Data>
        <Data name="Source">
          <value>Open Street Map: http://www.openstreetmap.org.nz/</value>
        </Data>
        <Data name="Update">
          <value>21/01/2019</value>
        </Data>
        <Data name="x">
          <value>172.66438870000</value>
        </Data>
        <Data name="y">
          <value>-43.55315320000</value>
        </Data>
      </ExtendedData>
      <Point>
        <coordinates>
          172.6643887,-43.5531532,0
        </coordinates>
      </Point>
    </Placemark>
    <Placemark>
      <name>Huntsbury Seafoods</name>
      <description><![CDATA[type: fast_food<br>Source: Open Street Map: http://www.openstreetmap.org.nz/<br>Update: 21/01/2019<br>x: 172.65702140000<br>y: -43.56296370000]]></description>
      <styleUrl>#icon-1577-795548</styleUrl>
      <ExtendedData>
        <Data name="type">
          <value>fast_food</value>
        </Data>
        <Data name="Source">
          <value>Open Street Map: http://www.openstreetmap.org.nz/</value>
        </Data>
        <Data name="Update">
          <value>21/01/2019</value>
        </Data>
        <Data name="x">
          <value>172.65702140000</value>
        </Data>
        <Data name="y">
          <value>-43.56296370000</value>
        </Data>
      </ExtendedData>
      <Point>
        <coordinates>
          172.6570214,-43.5629637,0
        </coordinates>
      </Point>
    </Placemark>
    <Placemark>
      <name><![CDATA[McDonald's]]></name>
      <description><![CDATA[type: fast_food<br>Source: Open Street Map: http://www.openstreetmap.org.nz/<br>Update: 21/01/2019<br>x: 172.59946130000<br>y: -43.32682220000]]></description>
      <styleUrl>#icon-1577-795548</styleUrl>
      <ExtendedData>
        <Data name="type">
          <value>fast_food</value>
        </Data>
        <Data name="Source">
          <value>Open Street Map: http://www.openstreetmap.org.nz/</value>
        </Data>
        <Data name="Update">
          <value>21/01/2019</value>
        </Data>
        <Data name="x">
          <value>172.59946130000</value>
        </Data>
        <Data name="y">
          <value>-43.32682220000</value>
        </Data>
      </ExtendedData>
      <Point>
        <coordinates>
          172.5994613,-43.3268222,0
        </coordinates>
      </Point>
    </Placemark>
    <Placemark>
      <name>Burger King</name>
      <description><![CDATA[type: fast_food<br>Source: Open Street Map: http://www.openstreetmap.org.nz/<br>Update: 21/01/2019<br>x: 172.62729300000<br>y: -43.52052800000]]></description>
      <styleUrl>#icon-1577-795548</styleUrl>
      <ExtendedData>
        <Data name="type">
          <value>fast_food</value>
        </Data>
        <Data name="Source">
          <value>Open Street Map: http://www.openstreetmap.org.nz/</value>
        </Data>
        <Data name="Update">
          <value>21/01/2019</value>
        </Data>
        <Data name="x">
          <value>172.62729300000</value>
        </Data>
        <Data name="y">
          <value>-43.52052800000</value>
        </Data>
      </ExtendedData>
      <Point>
        <coordinates>
          172.627293,-43.520528,0
        </coordinates>
      </Point>
    </Placemark>
    <Placemark>
      <name>Tandoori Palace</name>
      <description><![CDATA[type: fast_food<br>Source: Open Street Map: http://www.openstreetmap.org.nz/<br>Update: 21/01/2019<br>x: 172.63725500000<br>y: -43.55751180000]]></description>
      <styleUrl>#icon-1577-795548</styleUrl>
      <ExtendedData>
        <Data name="type">
          <value>fast_food</value>
        </Data>
        <Data name="Source">
          <value>Open Street Map: http://www.openstreetmap.org.nz/</value>
        </Data>
        <Data name="Update">
          <value>21/01/2019</value>
        </Data>
        <Data name="x">
          <value>172.63725500000</value>
        </Data>
        <Data name="y">
          <value>-43.55751180000</value>
        </Data>
      </ExtendedData>
      <Point>
        <coordinates>
          172.637255,-43.5575118,0
        </coordinates>
      </Point>
    </Placemark>
    <Placemark>
      <name>Hell Pizza</name>
      <description><![CDATA[type: fast_food<br>Source: Open Street Map: http://www.openstreetmap.org.nz/<br>Update: 21/01/2019<br>x: 172.63627150000<br>y: -43.54927870000]]></description>
      <styleUrl>#icon-1577-795548</styleUrl>
      <ExtendedData>
        <Data name="type">
          <value>fast_food</value>
        </Data>
        <Data name="Source">
          <value>Open Street Map: http://www.openstreetmap.org.nz/</value>
        </Data>
        <Data name="Update">
          <value>21/01/2019</value>
        </Data>
        <Data name="x">
          <value>172.63627150000</value>
        </Data>
        <Data name="y">
          <value>-43.54927870000</value>
        </Data>
      </ExtendedData>
      <Point>
        <coordinates>
          172.6362715,-43.5492787,0
        </coordinates>
      </Point>
    </Placemark>
    <Placemark>
      <name>Noodle Canteen</name>
      <description><![CDATA[type: fast_food<br>Source: Open Street Map: http://www.openstreetmap.org.nz/<br>Update: 21/01/2019<br>x: 172.63627480000<br>y: -43.54940550000]]></description>
      <styleUrl>#icon-1577-795548</styleUrl>
      <ExtendedData>
        <Data name="type">
          <value>fast_food</value>
        </Data>
        <Data name="Source">
          <value>Open Street Map: http://www.openstreetmap.org.nz/</value>
        </Data>
        <Data name="Update">
          <value>21/01/2019</value>
        </Data>
        <Data name="x">
          <value>172.63627480000</value>
        </Data>
        <Data name="y">
          <value>-43.54940550000</value>
        </Data>
      </ExtendedData>
      <Point>
        <coordinates>
          172.6362748,-43.5494055,0
        </coordinates>
      </Point>
    </Placemark>
    <Placemark>
      <name>Pizza Hut</name>
      <description><![CDATA[type: fast_food<br>Source: Open Street Map: http://www.openstreetmap.org.nz/<br>Update: 21/01/2019<br>x: 172.63615010000<br>y: -43.54996320000]]></description>
      <styleUrl>#icon-1577-795548</styleUrl>
      <ExtendedData>
        <Data name="type">
          <value>fast_food</value>
        </Data>
        <Data name="Source">
          <value>Open Street Map: http://www.openstreetmap.org.nz/</value>
        </Data>
        <Data name="Update">
          <value>21/01/2019</value>
        </Data>
        <Data name="x">
          <value>172.63615010000</value>
        </Data>
        <Data name="y">
          <value>-43.54996320000</value>
        </Data>
      </ExtendedData>
      <Point>
        <coordinates>
          172.6361501,-43.5499632,0
        </coordinates>
      </Point>
    </Placemark>
    <Placemark>
      <name>Arjee Bhajee</name>
      <description><![CDATA[type: fast_food<br>Source: Open Street Map: http://www.openstreetmap.org.nz/<br>Update: 21/01/2019<br>x: 172.63730340000<br>y: -43.54915930000]]></description>
      <styleUrl>#icon-1577-795548</styleUrl>
      <ExtendedData>
        <Data name="type">
          <value>fast_food</value>
        </Data>
        <Data name="Source">
          <value>Open Street Map: http://www.openstreetmap.org.nz/</value>
        </Data>
        <Data name="Update">
          <value>21/01/2019</value>
        </Data>
        <Data name="x">
          <value>172.63730340000</value>
        </Data>
        <Data name="y">
          <value>-43.54915930000</value>
        </Data>
      </ExtendedData>
      <Point>
        <coordinates>
          172.6373034,-43.5491593,0
        </coordinates>
      </Point>
    </Placemark>
    <Placemark>
      <name>Spagalimis</name>
      <description><![CDATA[type: fast_food<br>Source: Open Street Map: http://www.openstreetmap.org.nz/<br>Update: 21/01/2019<br>x: 172.63730340000<br>y: -43.54921670000]]></description>
      <styleUrl>#icon-1577-795548</styleUrl>
      <ExtendedData>
        <Data name="type">
          <value>fast_food</value>
        </Data>
        <Data name="Source">
          <value>Open Street Map: http://www.openstreetmap.org.nz/</value>
        </Data>
        <Data name="Update">
          <value>21/01/2019</value>
        </Data>
        <Data name="x">
          <value>172.63730340000</value>
        </Data>
        <Data name="y">
          <value>-43.54921670000</value>
        </Data>
      </ExtendedData>
      <Point>
        <coordinates>
          172.6373034,-43.5492167,0
        </coordinates>
      </Point>
    </Placemark>
    <Placemark>
      <name>Burger King</name>
      <description><![CDATA[type: fast_food<br>Source: Open Street Map: http://www.openstreetmap.org.nz/<br>Update: 21/01/2019<br>x: 172.64138520000<br>y: -43.53912700000]]></description>
      <styleUrl>#icon-1577-795548</styleUrl>
      <ExtendedData>
        <Data name="type">
          <value>fast_food</value>
        </Data>
        <Data name="Source">
          <value>Open Street Map: http://www.openstreetmap.org.nz/</value>
        </Data>
        <Data name="Update">
          <value>21/01/2019</value>
        </Data>
        <Data name="x">
          <value>172.64138520000</value>
        </Data>
        <Data name="y">
          <value>-43.53912700000</value>
        </Data>
      </ExtendedData>
      <Point>
        <coordinates>
          172.6413852,-43.539127,0
        </coordinates>
      </Point>
    </Placemark>
    <Placemark>
      <name/>
      <description><![CDATA[type: fast_food<br>Source: Open Street Map: http://www.openstreetmap.org.nz/<br>Update: 21/01/2019<br>x: 172.56290110000<br>y: -43.49130770000]]></description>
      <styleUrl>#icon-1577-795548</styleUrl>
      <ExtendedData>
        <Data name="type">
          <value>fast_food</value>
        </Data>
        <Data name="Source">
          <value>Open Street Map: http://www.openstreetmap.org.nz/</value>
        </Data>
        <Data name="Update">
          <value>21/01/2019</value>
        </Data>
        <Data name="x">
          <value>172.56290110000</value>
        </Data>
        <Data name="y">
          <value>-43.49130770000</value>
        </Data>
      </ExtendedData>
      <Point>
        <coordinates>
          172.5629011,-43.4913077,0
        </coordinates>
      </Point>
    </Placemark>
    <Placemark>
      <name>KFC</name>
      <description><![CDATA[type: fast_food<br>Source: Open Street Map: http://www.openstreetmap.org.nz/<br>Update: 21/01/2019<br>x: 172.59695330000<br>y: -43.30530170000]]></description>
      <styleUrl>#icon-1577-795548</styleUrl>
      <ExtendedData>
        <Data name="type">
          <value>fast_food</value>
        </Data>
        <Data name="Source">
          <value>Open Street Map: http://www.openstreetmap.org.nz/</value>
        </Data>
        <Data name="Update">
          <value>21/01/2019</value>
        </Data>
        <Data name="x">
          <value>172.59695330000</value>
        </Data>
        <Data name="y">
          <value>-43.30530170000</value>
        </Data>
      </ExtendedData>
      <Point>
        <coordinates>
          172.5969533,-43.3053017,0
        </coordinates>
      </Point>
    </Placemark>
    <Placemark>
      <name>Pizza Hut</name>
      <description><![CDATA[type: fast_food<br>Source: Open Street Map: http://www.openstreetmap.org.nz/<br>Update: 21/01/2019<br>x: 172.59868730000<br>y: -43.30383500000]]></description>
      <styleUrl>#icon-1577-795548</styleUrl>
      <ExtendedData>
        <Data name="type">
          <value>fast_food</value>
        </Data>
        <Data name="Source">
          <value>Open Street Map: http://www.openstreetmap.org.nz/</value>
        </Data>
        <Data name="Update">
          <value>21/01/2019</value>
        </Data>
        <Data name="x">
          <value>172.59868730000</value>
        </Data>
        <Data name="y">
          <value>-43.30383500000</value>
        </Data>
      </ExtendedData>
      <Point>
        <coordinates>
          172.5986873,-43.303835,0
        </coordinates>
      </Point>
    </Placemark>
    <Placemark>
      <name>Subway</name>
      <description><![CDATA[type: fast_food<br>Source: Open Street Map: http://www.openstreetmap.org.nz/<br>Update: 21/01/2019<br>x: 172.56242190000<br>y: -43.48870870000]]></description>
      <styleUrl>#icon-1577-795548</styleUrl>
      <ExtendedData>
        <Data name="type">
          <value>fast_food</value>
        </Data>
        <Data name="Source">
          <value>Open Street Map: http://www.openstreetmap.org.nz/</value>
        </Data>
        <Data name="Update">
          <value>21/01/2019</value>
        </Data>
        <Data name="x">
          <value>172.56242190000</value>
        </Data>
        <Data name="y">
          <value>-43.48870870000</value>
        </Data>
      </ExtendedData>
      <Point>
        <coordinates>
          172.5624219,-43.4887087,0
        </coordinates>
      </Point>
    </Placemark>
    <Placemark>
      <name>Burger King</name>
      <description><![CDATA[type: fast_food<br>Source: Open Street Map: http://www.openstreetmap.org.nz/<br>Update: 21/01/2019<br>x: 172.62762000000<br>y: -43.45147100000]]></description>
      <styleUrl>#icon-1577-795548</styleUrl>
      <ExtendedData>
        <Data name="type">
          <value>fast_food</value>
        </Data>
        <Data name="Source">
          <value>Open Street Map: http://www.openstreetmap.org.nz/</value>
        </Data>
        <Data name="Update">
          <value>21/01/2019</value>
        </Data>
        <Data name="x">
          <value>172.62762000000</value>
        </Data>
        <Data name="y">
          <value>-43.45147100000</value>
        </Data>
      </ExtendedData>
      <Point>
        <coordinates>
          172.62762,-43.451471,0
        </coordinates>
      </Point>
    </Placemark>
    <Placemark>
      <name>Cossar Street Takeaways</name>
      <description><![CDATA[type: fast_food<br>Source: Open Street Map: http://www.openstreetmap.org.nz/<br>Update: 21/01/2019<br>x: 172.68835200000<br>y: -43.49546170000]]></description>
      <styleUrl>#icon-1577-795548</styleUrl>
      <ExtendedData>
        <Data name="type">
          <value>fast_food</value>
        </Data>
        <Data name="Source">
          <value>Open Street Map: http://www.openstreetmap.org.nz/</value>
        </Data>
        <Data name="Update">
          <value>21/01/2019</value>
        </Data>
        <Data name="x">
          <value>172.68835200000</value>
        </Data>
        <Data name="y">
          <value>-43.49546170000</value>
        </Data>
      </ExtendedData>
      <Point>
        <coordinates>
          172.688352,-43.4954617,0
        </coordinates>
      </Point>
    </Placemark>
    <Placemark>
      <name>Fish and Chips</name>
      <description><![CDATA[type: fast_food<br>Source: Open Street Map: http://www.openstreetmap.org.nz/<br>Update: 21/01/2019<br>x: 172.54217100000<br>y: -43.52259380000]]></description>
      <styleUrl>#icon-1577-795548</styleUrl>
      <ExtendedData>
        <Data name="type">
          <value>fast_food</value>
        </Data>
        <Data name="Source">
          <value>Open Street Map: http://www.openstreetmap.org.nz/</value>
        </Data>
        <Data name="Update">
          <value>21/01/2019</value>
        </Data>
        <Data name="x">
          <value>172.54217100000</value>
        </Data>
        <Data name="y">
          <value>-43.52259380000</value>
        </Data>
      </ExtendedData>
      <Point>
        <coordinates>
          172.542171,-43.5225938,0
        </coordinates>
      </Point>
    </Placemark>
    <Placemark>
      <name>Staveley Fish Supply</name>
      <description><![CDATA[type: fast_food<br>Source: Open Street Map: http://www.openstreetmap.org.nz/<br>Update: 21/01/2019<br>x: 172.55248260000<br>y: -43.51885610000]]></description>
      <styleUrl>#icon-1577-795548</styleUrl>
      <ExtendedData>
        <Data name="type">
          <value>fast_food</value>
        </Data>
        <Data name="Source">
          <value>Open Street Map: http://www.openstreetmap.org.nz/</value>
        </Data>
        <Data name="Update">
          <value>21/01/2019</value>
        </Data>
        <Data name="x">
          <value>172.55248260000</value>
        </Data>
        <Data name="y">
          <value>-43.51885610000</value>
        </Data>
      </ExtendedData>
      <Point>
        <coordinates>
          172.5524826,-43.5188561,0
        </coordinates>
      </Point>
    </Placemark>
    <Placemark>
      <name/>
      <description><![CDATA[type: fast_food<br>Source: Open Street Map: http://www.openstreetmap.org.nz/<br>Update: 21/01/2019<br>x: 172.66549970000<br>y: -43.32373750000]]></description>
      <styleUrl>#icon-1577-795548</styleUrl>
      <ExtendedData>
        <Data name="type">
          <value>fast_food</value>
        </Data>
        <Data name="Source">
          <value>Open Street Map: http://www.openstreetmap.org.nz/</value>
        </Data>
        <Data name="Update">
          <value>21/01/2019</value>
        </Data>
        <Data name="x">
          <value>172.66549970000</value>
        </Data>
        <Data name="y">
          <value>-43.32373750000</value>
        </Data>
      </ExtendedData>
      <Point>
        <coordinates>
          172.6654997,-43.3237375,0
        </coordinates>
      </Point>
    </Placemark>
    <Placemark>
      <name>Fish and Chip Takeaways</name>
      <description><![CDATA[type: fast_food<br>Source: Open Street Map: http://www.openstreetmap.org.nz/<br>Update: 21/01/2019<br>x: 172.66600390000<br>y: -43.32278140000]]></description>
      <styleUrl>#icon-1577-795548</styleUrl>
      <ExtendedData>
        <Data name="type">
          <value>fast_food</value>
        </Data>
        <Data name="Source">
          <value>Open Street Map: http://www.openstreetmap.org.nz/</value>
        </Data>
        <Data name="Update">
          <value>21/01/2019</value>
        </Data>
        <Data name="x">
          <value>172.66600390000</value>
        </Data>
        <Data name="y">
          <value>-43.32278140000</value>
        </Data>
      </ExtendedData>
      <Point>
        <coordinates>
          172.6660039,-43.3227814,0
        </coordinates>
      </Point>
    </Placemark>
    <Placemark>
      <name>Subway</name>
      <description><![CDATA[type: fast_food<br>Source: Open Street Map: http://www.openstreetmap.org.nz/<br>Update: 21/01/2019<br>x: 172.65189530000<br>y: -43.50876770000]]></description>
      <styleUrl>#icon-1577-795548</styleUrl>
      <ExtendedData>
        <Data name="type">
          <value>fast_food</value>
        </Data>
        <Data name="Source">
          <value>Open Street Map: http://www.openstreetmap.org.nz/</value>
        </Data>
        <Data name="Update">
          <value>21/01/2019</value>
        </Data>
        <Data name="x">
          <value>172.65189530000</value>
        </Data>
        <Data name="y">
          <value>-43.50876770000</value>
        </Data>
      </ExtendedData>
      <Point>
        <coordinates>
          172.6518953,-43.5087677,0
        </coordinates>
      </Point>
    </Placemark>
    <Placemark>
      <name>Pizza Hut</name>
      <description><![CDATA[type: fast_food<br>Source: Open Street Map: http://www.openstreetmap.org.nz/<br>Update: 21/01/2019<br>x: 172.65145000000<br>y: -43.50870550000]]></description>
      <styleUrl>#icon-1577-795548</styleUrl>
      <ExtendedData>
        <Data name="type">
          <value>fast_food</value>
        </Data>
        <Data name="Source">
          <value>Open Street Map: http://www.openstreetmap.org.nz/</value>
        </Data>
        <Data name="Update">
          <value>21/01/2019</value>
        </Data>
        <Data name="x">
          <value>172.65145000000</value>
        </Data>
        <Data name="y">
          <value>-43.50870550000</value>
        </Data>
      </ExtendedData>
      <Point>
        <coordinates>
          172.65145,-43.5087055,0
        </coordinates>
      </Point>
    </Placemark>
    <Placemark>
      <name>Tandoori Palace</name>
      <description><![CDATA[type: fast_food<br>Source: Open Street Map: http://www.openstreetmap.org.nz/<br>Update: 21/01/2019<br>x: 172.65147150000<br>y: -43.50835920000]]></description>
      <styleUrl>#icon-1577-795548</styleUrl>
      <ExtendedData>
        <Data name="type">
          <value>fast_food</value>
        </Data>
        <Data name="Source">
          <value>Open Street Map: http://www.openstreetmap.org.nz/</value>
        </Data>
        <Data name="Update">
          <value>21/01/2019</value>
        </Data>
        <Data name="x">
          <value>172.65147150000</value>
        </Data>
        <Data name="y">
          <value>-43.50835920000</value>
        </Data>
      </ExtendedData>
      <Point>
        <coordinates>
          172.6514715,-43.5083592,0
        </coordinates>
      </Point>
    </Placemark>
    <Placemark>
      <name><![CDATA[McDonald's]]></name>
      <description><![CDATA[type: fast_food<br>Source: Open Street Map: http://www.openstreetmap.org.nz/<br>Update: 21/01/2019<br>x: 172.52199490000<br>y: -43.54334930000]]></description>
      <styleUrl>#icon-1577-795548</styleUrl>
      <ExtendedData>
        <Data name="type">
          <value>fast_food</value>
        </Data>
        <Data name="Source">
          <value>Open Street Map: http://www.openstreetmap.org.nz/</value>
        </Data>
        <Data name="Update">
          <value>21/01/2019</value>
        </Data>
        <Data name="x">
          <value>172.52199490000</value>
        </Data>
        <Data name="y">
          <value>-43.54334930000</value>
        </Data>
      </ExtendedData>
      <Point>
        <coordinates>
          172.5219949,-43.5433493,0
        </coordinates>
      </Point>
    </Placemark>
    <Placemark>
      <name>Subway</name>
      <description><![CDATA[type: fast_food<br>Source: Open Street Map: http://www.openstreetmap.org.nz/<br>Update: 21/01/2019<br>x: 172.52198410000<br>y: -43.54294290000]]></description>
      <styleUrl>#icon-1577-795548</styleUrl>
      <ExtendedData>
        <Data name="type">
          <value>fast_food</value>
        </Data>
        <Data name="Source">
          <value>Open Street Map: http://www.openstreetmap.org.nz/</value>
        </Data>
        <Data name="Update">
          <value>21/01/2019</value>
        </Data>
        <Data name="x">
          <value>172.52198410000</value>
        </Data>
        <Data name="y">
          <value>-43.54294290000</value>
        </Data>
      </ExtendedData>
      <Point>
        <coordinates>
          172.5219841,-43.5429429,0
        </coordinates>
      </Point>
    </Placemark>
    <Placemark>
      <name>Subway</name>
      <description><![CDATA[type: fast_food<br>Source: Open Street Map: http://www.openstreetmap.org.nz/<br>Update: 21/01/2019<br>x: 172.60880150000<br>y: -43.49826930000]]></description>
      <styleUrl>#icon-1577-795548</styleUrl>
      <ExtendedData>
        <Data name="type">
          <value>fast_food</value>
        </Data>
        <Data name="Source">
          <value>Open Street Map: http://www.openstreetmap.org.nz/</value>
        </Data>
        <Data name="Update">
          <value>21/01/2019</value>
        </Data>
        <Data name="x">
          <value>172.60880150000</value>
        </Data>
        <Data name="y">
          <value>-43.49826930000</value>
        </Data>
      </ExtendedData>
      <Point>
        <coordinates>
          172.6088015,-43.4982693,0
        </coordinates>
      </Point>
    </Placemark>
    <Placemark>
      <name>Kens Fish n chips</name>
      <description><![CDATA[type: fast_food<br>Source: Open Street Map: http://www.openstreetmap.org.nz/<br>Update: 21/01/2019<br>x: 172.63305420000<br>y: -43.50226750000]]></description>
      <styleUrl>#icon-1577-795548</styleUrl>
      <ExtendedData>
        <Data name="type">
          <value>fast_food</value>
        </Data>
        <Data name="Source">
          <value>Open Street Map: http://www.openstreetmap.org.nz/</value>
        </Data>
        <Data name="Update">
          <value>21/01/2019</value>
        </Data>
        <Data name="x">
          <value>172.63305420000</value>
        </Data>
        <Data name="y">
          <value>-43.50226750000</value>
        </Data>
      </ExtendedData>
      <Point>
        <coordinates>
          172.6330542,-43.5022675,0
        </coordinates>
      </Point>
    </Placemark>
    <Placemark>
      <name>Fish n chips</name>
      <description><![CDATA[type: fast_food<br>Source: Open Street Map: http://www.openstreetmap.org.nz/<br>Update: 21/01/2019<br>x: 172.62869180000<br>y: -43.50657030000]]></description>
      <styleUrl>#icon-1577-795548</styleUrl>
      <ExtendedData>
        <Data name="type">
          <value>fast_food</value>
        </Data>
        <Data name="Source">
          <value>Open Street Map: http://www.openstreetmap.org.nz/</value>
        </Data>
        <Data name="Update">
          <value>21/01/2019</value>
        </Data>
        <Data name="x">
          <value>172.62869180000</value>
        </Data>
        <Data name="y">
          <value>-43.50657030000</value>
        </Data>
      </ExtendedData>
      <Point>
        <coordinates>
          172.6286918,-43.5065703,0
        </coordinates>
      </Point>
    </Placemark>
    <Placemark>
      <name><![CDATA[Chuong's Corner]]></name>
      <description><![CDATA[type: fast_food<br>Source: Open Street Map: http://www.openstreetmap.org.nz/<br>Update: 21/01/2019<br>x: 172.58757400000<br>y: -43.53082300000]]></description>
      <styleUrl>#icon-1577-795548</styleUrl>
      <ExtendedData>
        <Data name="type">
          <value>fast_food</value>
        </Data>
        <Data name="Source">
          <value>Open Street Map: http://www.openstreetmap.org.nz/</value>
        </Data>
        <Data name="Update">
          <value>21/01/2019</value>
        </Data>
        <Data name="x">
          <value>172.58757400000</value>
        </Data>
        <Data name="y">
          <value>-43.53082300000</value>
        </Data>
      </ExtendedData>
      <Point>
        <coordinates>
          172.587574,-43.530823,0
        </coordinates>
      </Point>
    </Placemark>
    <Placemark>
      <name><![CDATA[Riccarton Seafood's]]></name>
      <description><![CDATA[type: fast_food<br>Source: Open Street Map: http://www.openstreetmap.org.nz/<br>Update: 21/01/2019<br>x: 172.58771600000<br>y: -43.53082300000]]></description>
      <styleUrl>#icon-1577-795548</styleUrl>
      <ExtendedData>
        <Data name="type">
          <value>fast_food</value>
        </Data>
        <Data name="Source">
          <value>Open Street Map: http://www.openstreetmap.org.nz/</value>
        </Data>
        <Data name="Update">
          <value>21/01/2019</value>
        </Data>
        <Data name="x">
          <value>172.58771600000</value>
        </Data>
        <Data name="y">
          <value>-43.53082300000</value>
        </Data>
      </ExtendedData>
      <Point>
        <coordinates>
          172.587716,-43.530823,0
        </coordinates>
      </Point>
    </Placemark>
    <Placemark>
      <name>The lucky Thai</name>
      <description><![CDATA[type: fast_food<br>Source: Open Street Map: http://www.openstreetmap.org.nz/<br>Update: 21/01/2019<br>x: 172.58764700000<br>y: -43.53085000000]]></description>
      <styleUrl>#icon-1577-795548</styleUrl>
      <ExtendedData>
        <Data name="type">
          <value>fast_food</value>
        </Data>
        <Data name="Source">
          <value>Open Street Map: http://www.openstreetmap.org.nz/</value>
        </Data>
        <Data name="Update">
          <value>21/01/2019</value>
        </Data>
        <Data name="x">
          <value>172.58764700000</value>
        </Data>
        <Data name="y">
          <value>-43.53085000000</value>
        </Data>
      </ExtendedData>
      <Point>
        <coordinates>
          172.587647,-43.53085,0
        </coordinates>
      </Point>
    </Placemark>
    <Placemark>
      <name><![CDATA[McDonald's]]></name>
      <description><![CDATA[type: fast_food<br>Source: Open Street Map: http://www.openstreetmap.org.nz/<br>Update: 21/01/2019<br>x: 172.67377880000<br>y: -43.53346750000]]></description>
      <styleUrl>#icon-1577-795548</styleUrl>
      <ExtendedData>
        <Data name="type">
          <value>fast_food</value>
        </Data>
        <Data name="Source">
          <value>Open Street Map: http://www.openstreetmap.org.nz/</value>
        </Data>
        <Data name="Update">
          <value>21/01/2019</value>
        </Data>
        <Data name="x">
          <value>172.67377880000</value>
        </Data>
        <Data name="y">
          <value>-43.53346750000</value>
        </Data>
      </ExtendedData>
      <Point>
        <coordinates>
          172.6737788,-43.5334675,0
        </coordinates>
      </Point>
    </Placemark>
    <Placemark>
      <name>Burger King</name>
      <description><![CDATA[type: fast_food<br>Source: Open Street Map: http://www.openstreetmap.org.nz/<br>Update: 21/01/2019<br>x: 172.66247380000<br>y: -43.50730770000]]></description>
      <styleUrl>#icon-1577-795548</styleUrl>
      <ExtendedData>
        <Data name="type">
          <value>fast_food</value>
        </Data>
        <Data name="Source">
          <value>Open Street Map: http://www.openstreetmap.org.nz/</value>
        </Data>
        <Data name="Update">
          <value>21/01/2019</value>
        </Data>
        <Data name="x">
          <value>172.66247380000</value>
        </Data>
        <Data name="y">
          <value>-43.50730770000</value>
        </Data>
      </ExtendedData>
      <Point>
        <coordinates>
          172.6624738,-43.5073077,0
        </coordinates>
      </Point>
    </Placemark>
    <Placemark>
      <name>Pizza Hut</name>
      <description><![CDATA[type: fast_food<br>Source: Open Street Map: http://www.openstreetmap.org.nz/<br>Update: 21/01/2019<br>x: 172.62380430000<br>y: -43.45904330000]]></description>
      <styleUrl>#icon-1577-795548</styleUrl>
      <ExtendedData>
        <Data name="type">
          <value>fast_food</value>
        </Data>
        <Data name="Source">
          <value>Open Street Map: http://www.openstreetmap.org.nz/</value>
        </Data>
        <Data name="Update">
          <value>21/01/2019</value>
        </Data>
        <Data name="x">
          <value>172.62380430000</value>
        </Data>
        <Data name="y">
          <value>-43.45904330000</value>
        </Data>
      </ExtendedData>
      <Point>
        <coordinates>
          172.6238043,-43.4590433,0
        </coordinates>
      </Point>
    </Placemark>
    <Placemark>
      <name><![CDATA[Grampian Street Fish & Chips]]></name>
      <description><![CDATA[type: fast_food<br>Source: Open Street Map: http://www.openstreetmap.org.nz/<br>Update: 21/01/2019<br>x: 172.60339400000<br>y: -43.48017230000]]></description>
      <styleUrl>#icon-1577-795548</styleUrl>
      <ExtendedData>
        <Data name="type">
          <value>fast_food</value>
        </Data>
        <Data name="Source">
          <value>Open Street Map: http://www.openstreetmap.org.nz/</value>
        </Data>
        <Data name="Update">
          <value>21/01/2019</value>
        </Data>
        <Data name="x">
          <value>172.60339400000</value>
        </Data>
        <Data name="y">
          <value>-43.48017230000</value>
        </Data>
      </ExtendedData>
      <Point>
        <coordinates>
          172.603394,-43.4801723,0
        </coordinates>
      </Point>
    </Placemark>
    <Placemark>
      <name>The Flying Fish</name>
      <description><![CDATA[type: fast_food<br>Source: Open Street Map: http://www.openstreetmap.org.nz/<br>Update: 21/01/2019<br>x: 172.73027550000<br>y: -43.15585990000]]></description>
      <styleUrl>#icon-1577-795548</styleUrl>
      <ExtendedData>
        <Data name="type">
          <value>fast_food</value>
        </Data>
        <Data name="Source">
          <value>Open Street Map: http://www.openstreetmap.org.nz/</value>
        </Data>
        <Data name="Update">
          <value>21/01/2019</value>
        </Data>
        <Data name="x">
          <value>172.73027550000</value>
        </Data>
        <Data name="y">
          <value>-43.15585990000</value>
        </Data>
      </ExtendedData>
      <Point>
        <coordinates>
          172.7302755,-43.1558599,0
        </coordinates>
      </Point>
    </Placemark>
    <Placemark>
      <name/>
      <description><![CDATA[type: fast_food<br>Source: Open Street Map: http://www.openstreetmap.org.nz/<br>Update: 21/01/2019<br>x: 172.72962100000<br>y: -43.15487370000]]></description>
      <styleUrl>#icon-1577-795548</styleUrl>
      <ExtendedData>
        <Data name="type">
          <value>fast_food</value>
        </Data>
        <Data name="Source">
          <value>Open Street Map: http://www.openstreetmap.org.nz/</value>
        </Data>
        <Data name="Update">
          <value>21/01/2019</value>
        </Data>
        <Data name="x">
          <value>172.72962100000</value>
        </Data>
        <Data name="y">
          <value>-43.15487370000</value>
        </Data>
      </ExtendedData>
      <Point>
        <coordinates>
          172.729621,-43.1548737,0
        </coordinates>
      </Point>
    </Placemark>
    <Placemark>
      <name><![CDATA[Domino's Pizza]]></name>
      <description><![CDATA[type: fast_food<br>Source: Open Street Map: http://www.openstreetmap.org.nz/<br>Update: 21/01/2019<br>x: 172.58646550000<br>y: -43.48836570000]]></description>
      <styleUrl>#icon-1577-795548</styleUrl>
      <ExtendedData>
        <Data name="type">
          <value>fast_food</value>
        </Data>
        <Data name="Source">
          <value>Open Street Map: http://www.openstreetmap.org.nz/</value>
        </Data>
        <Data name="Update">
          <value>21/01/2019</value>
        </Data>
        <Data name="x">
          <value>172.58646550000</value>
        </Data>
        <Data name="y">
          <value>-43.48836570000</value>
        </Data>
      </ExtendedData>
      <Point>
        <coordinates>
          172.5864655,-43.4883657,0
        </coordinates>
      </Point>
    </Placemark>
    <Placemark>
      <name/>
      <description><![CDATA[type: fast_food<br>Source: Open Street Map: http://www.openstreetmap.org.nz/<br>Update: 21/01/2019<br>x: 172.58662570000<br>y: -43.48946500000]]></description>
      <styleUrl>#icon-1577-795548</styleUrl>
      <ExtendedData>
        <Data name="type">
          <value>fast_food</value>
        </Data>
        <Data name="Source">
          <value>Open Street Map: http://www.openstreetmap.org.nz/</value>
        </Data>
        <Data name="Update">
          <value>21/01/2019</value>
        </Data>
        <Data name="x">
          <value>172.58662570000</value>
        </Data>
        <Data name="y">
          <value>-43.48946500000</value>
        </Data>
      </ExtendedData>
      <Point>
        <coordinates>
          172.5866257,-43.489465,0
        </coordinates>
      </Point>
    </Placemark>
    <Placemark>
      <name>Subway</name>
      <description><![CDATA[type: fast_food<br>Source: Open Street Map: http://www.openstreetmap.org.nz/<br>Update: 21/01/2019<br>x: 172.57641370000<br>y: -43.53138310000]]></description>
      <styleUrl>#icon-1577-795548</styleUrl>
      <ExtendedData>
        <Data name="type">
          <value>fast_food</value>
        </Data>
        <Data name="Source">
          <value>Open Street Map: http://www.openstreetmap.org.nz/</value>
        </Data>
        <Data name="Update">
          <value>21/01/2019</value>
        </Data>
        <Data name="x">
          <value>172.57641370000</value>
        </Data>
        <Data name="y">
          <value>-43.53138310000</value>
        </Data>
      </ExtendedData>
      <Point>
        <coordinates>
          172.5764137,-43.5313831,0
        </coordinates>
      </Point>
    </Placemark>
    <Placemark>
      <name>McDonaldÔÇÖs</name>
      <description><![CDATA[type: fast_food<br>Source: Open Street Map: http://www.openstreetmap.org.nz/<br>Update: 21/01/2019<br>x: 172.66465920000<br>y: -43.50685170000]]></description>
      <styleUrl>#icon-1577-795548</styleUrl>
      <ExtendedData>
        <Data name="type">
          <value>fast_food</value>
        </Data>
        <Data name="Source">
          <value>Open Street Map: http://www.openstreetmap.org.nz/</value>
        </Data>
        <Data name="Update">
          <value>21/01/2019</value>
        </Data>
        <Data name="x">
          <value>172.66465920000</value>
        </Data>
        <Data name="y">
          <value>-43.50685170000</value>
        </Data>
      </ExtendedData>
      <Point>
        <coordinates>
          172.6646592,-43.5068517,0
        </coordinates>
      </Point>
    </Placemark>
    <Placemark>
      <name><![CDATA[McDonald's]]></name>
      <description><![CDATA[type: fast_food<br>Source: Open Street Map: http://www.openstreetmap.org.nz/<br>Update: 21/01/2019<br>x: 172.65658230000<br>y: -43.38464980000]]></description>
      <styleUrl>#icon-1577-795548</styleUrl>
      <ExtendedData>
        <Data name="type">
          <value>fast_food</value>
        </Data>
        <Data name="Source">
          <value>Open Street Map: http://www.openstreetmap.org.nz/</value>
        </Data>
        <Data name="Update">
          <value>21/01/2019</value>
        </Data>
        <Data name="x">
          <value>172.65658230000</value>
        </Data>
        <Data name="y">
          <value>-43.38464980000</value>
        </Data>
      </ExtendedData>
      <Point>
        <coordinates>
          172.6565823,-43.3846498,0
        </coordinates>
      </Point>
    </Placemark>
    <Placemark>
      <name><![CDATA[McDonald's]]></name>
      <description><![CDATA[type: fast_food<br>Source: Open Street Map: http://www.openstreetmap.org.nz/<br>Update: 21/01/2019<br>x: 172.64314680000<br>y: -43.54025780000]]></description>
      <styleUrl>#icon-1577-795548</styleUrl>
      <ExtendedData>
        <Data name="type">
          <value>fast_food</value>
        </Data>
        <Data name="Source">
          <value>Open Street Map: http://www.openstreetmap.org.nz/</value>
        </Data>
        <Data name="Update">
          <value>21/01/2019</value>
        </Data>
        <Data name="x">
          <value>172.64314680000</value>
        </Data>
        <Data name="y">
          <value>-43.54025780000</value>
        </Data>
      </ExtendedData>
      <Point>
        <coordinates>
          172.6431468,-43.5402578,0
        </coordinates>
      </Point>
    </Placemark>
    <Placemark>
      <name><![CDATA[Pedro's House of Lamb]]></name>
      <description><![CDATA[type: fast_food<br>Source: Open Street Map: http://www.openstreetmap.org.nz/<br>Update: 21/01/2019<br>x: 172.62690820000<br>y: -43.51957330000]]></description>
      <styleUrl>#icon-1577-795548</styleUrl>
      <ExtendedData>
        <Data name="type">
          <value>fast_food</value>
        </Data>
        <Data name="Source">
          <value>Open Street Map: http://www.openstreetmap.org.nz/</value>
        </Data>
        <Data name="Update">
          <value>21/01/2019</value>
        </Data>
        <Data name="x">
          <value>172.62690820000</value>
        </Data>
        <Data name="y">
          <value>-43.51957330000</value>
        </Data>
      </ExtendedData>
      <Point>
        <coordinates>
          172.6269082,-43.5195733,0
        </coordinates>
      </Point>
    </Placemark>
    <Placemark>
      <name>Subway</name>
      <description><![CDATA[type: fast_food<br>Source: Open Street Map: http://www.openstreetmap.org.nz/<br>Update: 21/01/2019<br>x: 172.48464040000<br>y: -43.64065980000]]></description>
      <styleUrl>#icon-1577-795548</styleUrl>
      <ExtendedData>
        <Data name="type">
          <value>fast_food</value>
        </Data>
        <Data name="Source">
          <value>Open Street Map: http://www.openstreetmap.org.nz/</value>
        </Data>
        <Data name="Update">
          <value>21/01/2019</value>
        </Data>
        <Data name="x">
          <value>172.48464040000</value>
        </Data>
        <Data name="y">
          <value>-43.64065980000</value>
        </Data>
      </ExtendedData>
      <Point>
        <coordinates>
          172.4846404,-43.6406598,0
        </coordinates>
      </Point>
    </Placemark>
    <Placemark>
      <name/>
      <description><![CDATA[type: fast_food<br>Source: Open Street Map: http://www.openstreetmap.org.nz/<br>Update: 21/01/2019<br>x: 172.48461090000<br>y: -43.64037640000]]></description>
      <styleUrl>#icon-1577-795548</styleUrl>
      <ExtendedData>
        <Data name="type">
          <value>fast_food</value>
        </Data>
        <Data name="Source">
          <value>Open Street Map: http://www.openstreetmap.org.nz/</value>
        </Data>
        <Data name="Update">
          <value>21/01/2019</value>
        </Data>
        <Data name="x">
          <value>172.48461090000</value>
        </Data>
        <Data name="y">
          <value>-43.64037640000</value>
        </Data>
      </ExtendedData>
      <Point>
        <coordinates>
          172.4846109,-43.6403764,0
        </coordinates>
      </Point>
    </Placemark>
    <Placemark>
      <name>1040 Takeaways</name>
      <description><![CDATA[type: fast_food<br>Source: Open Street Map: http://www.openstreetmap.org.nz/<br>Update: 21/01/2019<br>x: 172.63670920000<br>y: -43.51497240000]]></description>
      <styleUrl>#icon-1577-795548</styleUrl>
      <ExtendedData>
        <Data name="type">
          <value>fast_food</value>
        </Data>
        <Data name="Source">
          <value>Open Street Map: http://www.openstreetmap.org.nz/</value>
        </Data>
        <Data name="Update">
          <value>21/01/2019</value>
        </Data>
        <Data name="x">
          <value>172.63670920000</value>
        </Data>
        <Data name="y">
          <value>-43.51497240000</value>
        </Data>
      </ExtendedData>
      <Point>
        <coordinates>
          172.6367092,-43.5149724,0
        </coordinates>
      </Point>
    </Placemark>
    <Placemark>
      <name>Subway</name>
      <description><![CDATA[type: fast_food<br>Source: Open Street Map: http://www.openstreetmap.org.nz/<br>Update: 21/01/2019<br>x: 172.70019150000<br>y: -43.55680780000]]></description>
      <styleUrl>#icon-1577-795548</styleUrl>
      <ExtendedData>
        <Data name="type">
          <value>fast_food</value>
        </Data>
        <Data name="Source">
          <value>Open Street Map: http://www.openstreetmap.org.nz/</value>
        </Data>
        <Data name="Update">
          <value>21/01/2019</value>
        </Data>
        <Data name="x">
          <value>172.70019150000</value>
        </Data>
        <Data name="y">
          <value>-43.55680780000</value>
        </Data>
      </ExtendedData>
      <Point>
        <coordinates>
          172.7001915,-43.5568078,0
        </coordinates>
      </Point>
    </Placemark>
    <Placemark>
      <name><![CDATA[Fish & Chips]]></name>
      <description><![CDATA[type: fast_food<br>Source: Open Street Map: http://www.openstreetmap.org.nz/<br>Update: 21/01/2019<br>x: 172.63690000000<br>y: -43.56493090000]]></description>
      <styleUrl>#icon-1577-795548</styleUrl>
      <ExtendedData>
        <Data name="type">
          <value>fast_food</value>
        </Data>
        <Data name="Source">
          <value>Open Street Map: http://www.openstreetmap.org.nz/</value>
        </Data>
        <Data name="Update">
          <value>21/01/2019</value>
        </Data>
        <Data name="x">
          <value>172.63690000000</value>
        </Data>
        <Data name="y">
          <value>-43.56493090000</value>
        </Data>
      </ExtendedData>
      <Point>
        <coordinates>
          172.6369,-43.5649309,0
        </coordinates>
      </Point>
    </Placemark>
    <Placemark>
      <name>Dominos</name>
      <description><![CDATA[type: fast_food<br>Source: Open Street Map: http://www.openstreetmap.org.nz/<br>Update: 21/01/2019<br>x: 172.38310780000<br>y: -43.59628290000]]></description>
      <styleUrl>#icon-1577-795548</styleUrl>
      <ExtendedData>
        <Data name="type">
          <value>fast_food</value>
        </Data>
        <Data name="Source">
          <value>Open Street Map: http://www.openstreetmap.org.nz/</value>
        </Data>
        <Data name="Update">
          <value>21/01/2019</value>
        </Data>
        <Data name="x">
          <value>172.38310780000</value>
        </Data>
        <Data name="y">
          <value>-43.59628290000</value>
        </Data>
      </ExtendedData>
      <Point>
        <coordinates>
          172.3831078,-43.5962829,0
        </coordinates>
      </Point>
    </Placemark>
    <Placemark>
      <name>Subway</name>
      <description><![CDATA[type: fast_food<br>Source: Open Street Map: http://www.openstreetmap.org.nz/<br>Update: 21/01/2019<br>x: 172.65695780000<br>y: -43.38323260000]]></description>
      <styleUrl>#icon-1577-795548</styleUrl>
      <ExtendedData>
        <Data name="type">
          <value>fast_food</value>
        </Data>
        <Data name="Source">
          <value>Open Street Map: http://www.openstreetmap.org.nz/</value>
        </Data>
        <Data name="Update">
          <value>21/01/2019</value>
        </Data>
        <Data name="x">
          <value>172.65695780000</value>
        </Data>
        <Data name="y">
          <value>-43.38323260000</value>
        </Data>
      </ExtendedData>
      <Point>
        <coordinates>
          172.6569578,-43.3832326,0
        </coordinates>
      </Point>
    </Placemark>
    <Placemark>
      <name>Subway</name>
      <description><![CDATA[type: fast_food<br>Source: Open Street Map: http://www.openstreetmap.org.nz/<br>Update: 21/01/2019<br>x: 172.38532310000<br>y: -43.59543950000]]></description>
      <styleUrl>#icon-1577-795548</styleUrl>
      <ExtendedData>
        <Data name="type">
          <value>fast_food</value>
        </Data>
        <Data name="Source">
          <value>Open Street Map: http://www.openstreetmap.org.nz/</value>
        </Data>
        <Data name="Update">
          <value>21/01/2019</value>
        </Data>
        <Data name="x">
          <value>172.38532310000</value>
        </Data>
        <Data name="y">
          <value>-43.59543950000</value>
        </Data>
      </ExtendedData>
      <Point>
        <coordinates>
          172.3853231,-43.5954395,0
        </coordinates>
      </Point>
    </Placemark>
    <Placemark>
      <name>Pizza Hut</name>
      <description><![CDATA[type: fast_food<br>Source: Open Street Map: http://www.openstreetmap.org.nz/<br>Update: 21/01/2019<br>x: 172.70007340000<br>y: -43.55672230000]]></description>
      <styleUrl>#icon-1577-795548</styleUrl>
      <ExtendedData>
        <Data name="type">
          <value>fast_food</value>
        </Data>
        <Data name="Source">
          <value>Open Street Map: http://www.openstreetmap.org.nz/</value>
        </Data>
        <Data name="Update">
          <value>21/01/2019</value>
        </Data>
        <Data name="x">
          <value>172.70007340000</value>
        </Data>
        <Data name="y">
          <value>-43.55672230000</value>
        </Data>
      </ExtendedData>
      <Point>
        <coordinates>
          172.7000734,-43.5567223,0
        </coordinates>
      </Point>
    </Placemark>
    <Placemark>
      <name>Rangiora Fish Suppl</name>
      <description><![CDATA[type: fast_food<br>Source: Open Street Map: http://www.openstreetmap.org.nz/<br>Update: 21/01/2019<br>x: 172.59434850000<br>y: -43.30338480000]]></description>
      <styleUrl>#icon-1577-795548</styleUrl>
      <ExtendedData>
        <Data name="type">
          <value>fast_food</value>
        </Data>
        <Data name="Source">
          <value>Open Street Map: http://www.openstreetmap.org.nz/</value>
        </Data>
        <Data name="Update">
          <value>21/01/2019</value>
        </Data>
        <Data name="x">
          <value>172.59434850000</value>
        </Data>
        <Data name="y">
          <value>-43.30338480000</value>
        </Data>
      </ExtendedData>
      <Point>
        <coordinates>
          172.5943485,-43.3033848,0
        </coordinates>
      </Point>
    </Placemark>
    <Placemark>
      <name>Sushi Oke</name>
      <description><![CDATA[type: fast_food<br>Source: Open Street Map: http://www.openstreetmap.org.nz/<br>Update: 21/01/2019<br>x: 172.59864230000<br>y: -43.30341700000]]></description>
      <styleUrl>#icon-1577-795548</styleUrl>
      <ExtendedData>
        <Data name="type">
          <value>fast_food</value>
        </Data>
        <Data name="Source">
          <value>Open Street Map: http://www.openstreetmap.org.nz/</value>
        </Data>
        <Data name="Update">
          <value>21/01/2019</value>
        </Data>
        <Data name="x">
          <value>172.59864230000</value>
        </Data>
        <Data name="y">
          <value>-43.30341700000</value>
        </Data>
      </ExtendedData>
      <Point>
        <coordinates>
          172.5986423,-43.303417,0
        </coordinates>
      </Point>
    </Placemark>
    <Placemark>
      <name>Victoria Seafood Bar</name>
      <description><![CDATA[type: fast_food<br>Source: Open Street Map: http://www.openstreetmap.org.nz/<br>Update: 21/01/2019<br>x: 172.59543300000<br>y: -43.30364310000]]></description>
      <styleUrl>#icon-1577-795548</styleUrl>
      <ExtendedData>
        <Data name="type">
          <value>fast_food</value>
        </Data>
        <Data name="Source">
          <value>Open Street Map: http://www.openstreetmap.org.nz/</value>
        </Data>
        <Data name="Update">
          <value>21/01/2019</value>
        </Data>
        <Data name="x">
          <value>172.59543300000</value>
        </Data>
        <Data name="y">
          <value>-43.30364310000</value>
        </Data>
      </ExtendedData>
      <Point>
        <coordinates>
          172.595433,-43.3036431,0
        </coordinates>
      </Point>
    </Placemark>
    <Placemark>
      <name><![CDATA[Makks Roasts & Chinese Meals]]></name>
      <description><![CDATA[type: fast_food<br>Source: Open Street Map: http://www.openstreetmap.org.nz/<br>Update: 21/01/2019<br>x: 172.59558420000<br>y: -43.30319950000]]></description>
      <styleUrl>#icon-1577-795548</styleUrl>
      <ExtendedData>
        <Data name="type">
          <value>fast_food</value>
        </Data>
        <Data name="Source">
          <value>Open Street Map: http://www.openstreetmap.org.nz/</value>
        </Data>
        <Data name="Update">
          <value>21/01/2019</value>
        </Data>
        <Data name="x">
          <value>172.59558420000</value>
        </Data>
        <Data name="y">
          <value>-43.30319950000</value>
        </Data>
      </ExtendedData>
      <Point>
        <coordinates>
          172.5955842,-43.3031995,0
        </coordinates>
      </Point>
    </Placemark>
    <Placemark>
      <name><![CDATA[Domino's]]></name>
      <description><![CDATA[type: fast_food<br>Source: Open Street Map: http://www.openstreetmap.org.nz/<br>Update: 21/01/2019<br>x: 172.59553370000<br>y: -43.30284500000]]></description>
      <styleUrl>#icon-1577-795548</styleUrl>
      <ExtendedData>
        <Data name="type">
          <value>fast_food</value>
        </Data>
        <Data name="Source">
          <value>Open Street Map: http://www.openstreetmap.org.nz/</value>
        </Data>
        <Data name="Update">
          <value>21/01/2019</value>
        </Data>
        <Data name="x">
          <value>172.59553370000</value>
        </Data>
        <Data name="y">
          <value>-43.30284500000</value>
        </Data>
      </ExtendedData>
      <Point>
        <coordinates>
          172.5955337,-43.302845,0
        </coordinates>
      </Point>
    </Placemark>
    <Placemark>
      <name><![CDATA[Cousteau's]]></name>
      <description><![CDATA[type: fast_food<br>Source: Open Street Map: http://www.openstreetmap.org.nz/<br>Update: 21/01/2019<br>x: 172.62035010000<br>y: -43.51077800000]]></description>
      <styleUrl>#icon-1577-795548</styleUrl>
      <ExtendedData>
        <Data name="type">
          <value>fast_food</value>
        </Data>
        <Data name="Source">
          <value>Open Street Map: http://www.openstreetmap.org.nz/</value>
        </Data>
        <Data name="Update">
          <value>21/01/2019</value>
        </Data>
        <Data name="x">
          <value>172.62035010000</value>
        </Data>
        <Data name="y">
          <value>-43.51077800000</value>
        </Data>
      </ExtendedData>
      <Point>
        <coordinates>
          172.6203501,-43.510778,0
        </coordinates>
      </Point>
    </Placemark>
    <Placemark>
      <name>Hell</name>
      <description><![CDATA[type: fast_food<br>Source: Open Street Map: http://www.openstreetmap.org.nz/<br>Update: 21/01/2019<br>x: 172.59550390000<br>y: -43.31196700000]]></description>
      <styleUrl>#icon-1577-795548</styleUrl>
      <ExtendedData>
        <Data name="type">
          <value>fast_food</value>
        </Data>
        <Data name="Source">
          <value>Open Street Map: http://www.openstreetmap.org.nz/</value>
        </Data>
        <Data name="Update">
          <value>21/01/2019</value>
        </Data>
        <Data name="x">
          <value>172.59550390000</value>
        </Data>
        <Data name="y">
          <value>-43.31196700000</value>
        </Data>
      </ExtendedData>
      <Point>
        <coordinates>
          172.5955039,-43.311967,0
        </coordinates>
      </Point>
    </Placemark>
    <Placemark>
      <name>Lilybrook Burgers</name>
      <description><![CDATA[type: fast_food<br>Source: Open Street Map: http://www.openstreetmap.org.nz/<br>Update: 21/01/2019<br>x: 172.59578730000<br>y: -43.31192290000]]></description>
      <styleUrl>#icon-1577-795548</styleUrl>
      <ExtendedData>
        <Data name="type">
          <value>fast_food</value>
        </Data>
        <Data name="Source">
          <value>Open Street Map: http://www.openstreetmap.org.nz/</value>
        </Data>
        <Data name="Update">
          <value>21/01/2019</value>
        </Data>
        <Data name="x">
          <value>172.59578730000</value>
        </Data>
        <Data name="y">
          <value>-43.31192290000</value>
        </Data>
      </ExtendedData>
      <Point>
        <coordinates>
          172.5957873,-43.3119229,0
        </coordinates>
      </Point>
    </Placemark>
    <Placemark>
      <name>Burger Craft</name>
      <description><![CDATA[type: fast_food<br>Source: Open Street Map: http://www.openstreetmap.org.nz/<br>Update: 21/01/2019<br>x: 172.59315660000<br>y: -43.30352630000]]></description>
      <styleUrl>#icon-1577-795548</styleUrl>
      <ExtendedData>
        <Data name="type">
          <value>fast_food</value>
        </Data>
        <Data name="Source">
          <value>Open Street Map: http://www.openstreetmap.org.nz/</value>
        </Data>
        <Data name="Update">
          <value>21/01/2019</value>
        </Data>
        <Data name="x">
          <value>172.59315660000</value>
        </Data>
        <Data name="y">
          <value>-43.30352630000</value>
        </Data>
      </ExtendedData>
      <Point>
        <coordinates>
          172.5931566,-43.3035263,0
        </coordinates>
      </Point>
    </Placemark>
    <Placemark>
      <name>McDonalds</name>
      <description><![CDATA[type: fast_food<br>Source: Open Street Map: http://www.openstreetmap.org.nz/<br>Update: 21/01/2019<br>x: 172.59845530000<br>y: -43.53088980000]]></description>
      <styleUrl>#icon-1577-795548</styleUrl>
      <ExtendedData>
        <Data name="type">
          <value>fast_food</value>
        </Data>
        <Data name="Source">
          <value>Open Street Map: http://www.openstreetmap.org.nz/</value>
        </Data>
        <Data name="Update">
          <value>21/01/2019</value>
        </Data>
        <Data name="x">
          <value>172.59845530000</value>
        </Data>
        <Data name="y">
          <value>-43.53088980000</value>
        </Data>
      </ExtendedData>
      <Point>
        <coordinates>
          172.5984553,-43.5308898,0
        </coordinates>
      </Point>
    </Placemark>
    <Placemark>
      <name>Hell Pizza</name>
      <description><![CDATA[type: fast_food<br>Source: Open Street Map: http://www.openstreetmap.org.nz/<br>Update: 21/01/2019<br>x: 172.65121100000<br>y: -43.50798860000]]></description>
      <styleUrl>#icon-1577-795548</styleUrl>
      <ExtendedData>
        <Data name="type">
          <value>fast_food</value>
        </Data>
        <Data name="Source">
          <value>Open Street Map: http://www.openstreetmap.org.nz/</value>
        </Data>
        <Data name="Update">
          <value>21/01/2019</value>
        </Data>
        <Data name="x">
          <value>172.65121100000</value>
        </Data>
        <Data name="y">
          <value>-43.50798860000</value>
        </Data>
      </ExtendedData>
      <Point>
        <coordinates>
          172.651211,-43.5079886,0
        </coordinates>
      </Point>
    </Placemark>
    <Placemark>
      <name>Subway</name>
      <description><![CDATA[type: fast_food<br>Source: Open Street Map: http://www.openstreetmap.org.nz/<br>Update: 21/01/2019<br>x: 172.72852280000<br>y: -43.50763440000]]></description>
      <styleUrl>#icon-1577-795548</styleUrl>
      <ExtendedData>
        <Data name="type">
          <value>fast_food</value>
        </Data>
        <Data name="Source">
          <value>Open Street Map: http://www.openstreetmap.org.nz/</value>
        </Data>
        <Data name="Update">
          <value>21/01/2019</value>
        </Data>
        <Data name="x">
          <value>172.72852280000</value>
        </Data>
        <Data name="y">
          <value>-43.50763440000</value>
        </Data>
      </ExtendedData>
      <Point>
        <coordinates>
          172.7285228,-43.5076344,0
        </coordinates>
      </Point>
    </Placemark>
    <Placemark>
      <name>Ilam Barbecues</name>
      <description><![CDATA[type: fast_food<br>Source: Open Street Map: http://www.openstreetmap.org.nz/<br>Update: 21/01/2019<br>x: 172.57177120000<br>y: -43.51626240000]]></description>
      <styleUrl>#icon-1577-795548</styleUrl>
      <ExtendedData>
        <Data name="type">
          <value>fast_food</value>
        </Data>
        <Data name="Source">
          <value>Open Street Map: http://www.openstreetmap.org.nz/</value>
        </Data>
        <Data name="Update">
          <value>21/01/2019</value>
        </Data>
        <Data name="x">
          <value>172.57177120000</value>
        </Data>
        <Data name="y">
          <value>-43.51626240000</value>
        </Data>
      </ExtendedData>
      <Point>
        <coordinates>
          172.5717712,-43.5162624,0
        </coordinates>
      </Point>
    </Placemark>
    <Placemark>
      <name><![CDATA[Pepe's Mexican Grill]]></name>
      <description><![CDATA[type: fast_food<br>Source: Open Street Map: http://www.openstreetmap.org.nz/<br>Update: 21/01/2019<br>x: 172.57927050000<br>y: -43.51952750000]]></description>
      <styleUrl>#icon-1577-795548</styleUrl>
      <ExtendedData>
        <Data name="type">
          <value>fast_food</value>
        </Data>
        <Data name="Source">
          <value>Open Street Map: http://www.openstreetmap.org.nz/</value>
        </Data>
        <Data name="Update">
          <value>21/01/2019</value>
        </Data>
        <Data name="x">
          <value>172.57927050000</value>
        </Data>
        <Data name="y">
          <value>-43.51952750000</value>
        </Data>
      </ExtendedData>
      <Point>
        <coordinates>
          172.5792705,-43.5195275,0
        </coordinates>
      </Point>
    </Placemark>
    <Placemark>
      <name><![CDATA[Domino's Pizza]]></name>
      <description><![CDATA[type: fast_food<br>Source: Open Street Map: http://www.openstreetmap.org.nz/<br>Update: 21/01/2019<br>x: 172.57180170000<br>y: -43.51639720000]]></description>
      <styleUrl>#icon-1577-795548</styleUrl>
      <ExtendedData>
        <Data name="type">
          <value>fast_food</value>
        </Data>
        <Data name="Source">
          <value>Open Street Map: http://www.openstreetmap.org.nz/</value>
        </Data>
        <Data name="Update">
          <value>21/01/2019</value>
        </Data>
        <Data name="x">
          <value>172.57180170000</value>
        </Data>
        <Data name="y">
          <value>-43.51639720000</value>
        </Data>
      </ExtendedData>
      <Point>
        <coordinates>
          172.5718017,-43.5163972,0
        </coordinates>
      </Point>
    </Placemark>
    <Placemark>
      <name>Wholly Bagels and Pizza</name>
      <description><![CDATA[type: fast_food<br>Source: Open Street Map: http://www.openstreetmap.org.nz/<br>Update: 21/01/2019<br>x: 172.57938040000<br>y: -43.51951260000]]></description>
      <styleUrl>#icon-1577-795548</styleUrl>
      <ExtendedData>
        <Data name="type">
          <value>fast_food</value>
        </Data>
        <Data name="Source">
          <value>Open Street Map: http://www.openstreetmap.org.nz/</value>
        </Data>
        <Data name="Update">
          <value>21/01/2019</value>
        </Data>
        <Data name="x">
          <value>172.57938040000</value>
        </Data>
        <Data name="y">
          <value>-43.51951260000</value>
        </Data>
      </ExtendedData>
      <Point>
        <coordinates>
          172.5793804,-43.5195126,0
        </coordinates>
      </Point>
    </Placemark>
    <Placemark>
      <name>Sushi Ya</name>
      <description><![CDATA[type: fast_food<br>Source: Open Street Map: http://www.openstreetmap.org.nz/<br>Update: 21/01/2019<br>x: 172.57184670000<br>y: -43.51664950000]]></description>
      <styleUrl>#icon-1577-795548</styleUrl>
      <ExtendedData>
        <Data name="type">
          <value>fast_food</value>
        </Data>
        <Data name="Source">
          <value>Open Street Map: http://www.openstreetmap.org.nz/</value>
        </Data>
        <Data name="Update">
          <value>21/01/2019</value>
        </Data>
        <Data name="x">
          <value>172.57184670000</value>
        </Data>
        <Data name="y">
          <value>-43.51664950000</value>
        </Data>
      </ExtendedData>
      <Point>
        <coordinates>
          172.5718467,-43.5166495,0
        </coordinates>
      </Point>
    </Placemark>
    <Placemark>
      <name>Burger Fuel</name>
      <description><![CDATA[type: fast_food<br>Source: Open Street Map: http://www.openstreetmap.org.nz/<br>Update: 21/01/2019<br>x: 172.57532650000<br>y: -43.53073760000]]></description>
      <styleUrl>#icon-1577-795548</styleUrl>
      <ExtendedData>
        <Data name="type">
          <value>fast_food</value>
        </Data>
        <Data name="Source">
          <value>Open Street Map: http://www.openstreetmap.org.nz/</value>
        </Data>
        <Data name="Update">
          <value>21/01/2019</value>
        </Data>
        <Data name="x">
          <value>172.57532650000</value>
        </Data>
        <Data name="y">
          <value>-43.53073760000</value>
        </Data>
      </ExtendedData>
      <Point>
        <coordinates>
          172.5753265,-43.5307376,0
        </coordinates>
      </Point>
    </Placemark>
    <Placemark>
      <name>Pizza Carto Mobile Pizza Kitchen</name>
      <description><![CDATA[type: fast_food<br>Source: Open Street Map: http://www.openstreetmap.org.nz/<br>Update: 21/01/2019<br>x: 172.60421670000<br>y: -43.58036620000]]></description>
      <styleUrl>#icon-1577-795548</styleUrl>
      <ExtendedData>
        <Data name="type">
          <value>fast_food</value>
        </Data>
        <Data name="Source">
          <value>Open Street Map: http://www.openstreetmap.org.nz/</value>
        </Data>
        <Data name="Update">
          <value>21/01/2019</value>
        </Data>
        <Data name="x">
          <value>172.60421670000</value>
        </Data>
        <Data name="y">
          <value>-43.58036620000</value>
        </Data>
      </ExtendedData>
      <Point>
        <coordinates>
          172.6042167,-43.5803662,0
        </coordinates>
      </Point>
    </Placemark>
    <Placemark>
      <name>Subway</name>
      <description><![CDATA[type: fast_food<br>Source: Open Street Map: http://www.openstreetmap.org.nz/<br>Update: 21/01/2019<br>x: 172.59599130000<br>y: -43.53792530000]]></description>
      <styleUrl>#icon-1577-795548</styleUrl>
      <ExtendedData>
        <Data name="type">
          <value>fast_food</value>
        </Data>
        <Data name="Source">
          <value>Open Street Map: http://www.openstreetmap.org.nz/</value>
        </Data>
        <Data name="Update">
          <value>21/01/2019</value>
        </Data>
        <Data name="x">
          <value>172.59599130000</value>
        </Data>
        <Data name="y">
          <value>-43.53792530000</value>
        </Data>
      </ExtendedData>
      <Point>
        <coordinates>
          172.5959913,-43.5379253,0
        </coordinates>
      </Point>
    </Placemark>
    <Placemark>
      <name>Pita Pit</name>
      <description><![CDATA[type: fast_food<br>Source: Open Street Map: http://www.openstreetmap.org.nz/<br>Update: 21/01/2019<br>x: 172.63555180000<br>y: -43.53215040000]]></description>
      <styleUrl>#icon-1577-795548</styleUrl>
      <ExtendedData>
        <Data name="type">
          <value>fast_food</value>
        </Data>
        <Data name="Source">
          <value>Open Street Map: http://www.openstreetmap.org.nz/</value>
        </Data>
        <Data name="Update">
          <value>21/01/2019</value>
        </Data>
        <Data name="x">
          <value>172.63555180000</value>
        </Data>
        <Data name="y">
          <value>-43.53215040000</value>
        </Data>
      </ExtendedData>
      <Point>
        <coordinates>
          172.6355518,-43.5321504,0
        </coordinates>
      </Point>
    </Placemark>
    <Placemark>
      <name><![CDATA[Wendy's]]></name>
      <description><![CDATA[type: fast_food<br>Source: Open Street Map: http://www.openstreetmap.org.nz/<br>Update: 21/01/2019<br>x: 172.63604620000<br>y: -43.53214910000]]></description>
      <styleUrl>#icon-1577-795548</styleUrl>
      <ExtendedData>
        <Data name="type">
          <value>fast_food</value>
        </Data>
        <Data name="Source">
          <value>Open Street Map: http://www.openstreetmap.org.nz/</value>
        </Data>
        <Data name="Update">
          <value>21/01/2019</value>
        </Data>
        <Data name="x">
          <value>172.63604620000</value>
        </Data>
        <Data name="y">
          <value>-43.53214910000</value>
        </Data>
      </ExtendedData>
      <Point>
        <coordinates>
          172.6360462,-43.5321491,0
        </coordinates>
      </Point>
    </Placemark>
    <Placemark>
      <name>Subway</name>
      <description><![CDATA[type: fast_food<br>Source: Open Street Map: http://www.openstreetmap.org.nz/<br>Update: 21/01/2019<br>x: 172.63491130000<br>y: -43.53805110000]]></description>
      <styleUrl>#icon-1577-795548</styleUrl>
      <ExtendedData>
        <Data name="type">
          <value>fast_food</value>
        </Data>
        <Data name="Source">
          <value>Open Street Map: http://www.openstreetmap.org.nz/</value>
        </Data>
        <Data name="Update">
          <value>21/01/2019</value>
        </Data>
        <Data name="x">
          <value>172.63491130000</value>
        </Data>
        <Data name="y">
          <value>-43.53805110000</value>
        </Data>
      </ExtendedData>
      <Point>
        <coordinates>
          172.6349113,-43.5380511,0
        </coordinates>
      </Point>
    </Placemark>
    <Placemark>
      <name>Murphys Seafood</name>
      <description><![CDATA[type: fast_food<br>Source: Open Street Map: http://www.openstreetmap.org.nz/<br>Update: 21/01/2019<br>x: 172.96012290000<br>y: -43.80902530000]]></description>
      <styleUrl>#icon-1577-795548</styleUrl>
      <ExtendedData>
        <Data name="type">
          <value>fast_food</value>
        </Data>
        <Data name="Source">
          <value>Open Street Map: http://www.openstreetmap.org.nz/</value>
        </Data>
        <Data name="Update">
          <value>21/01/2019</value>
        </Data>
        <Data name="x">
          <value>172.96012290000</value>
        </Data>
        <Data name="y">
          <value>-43.80902530000</value>
        </Data>
      </ExtendedData>
      <Point>
        <coordinates>
          172.9601229,-43.8090253,0
        </coordinates>
      </Point>
    </Placemark>
    <Placemark>
      <name><![CDATA[The Akaroa Fish & Chips Shop]]></name>
      <description><![CDATA[type: fast_food<br>Source: Open Street Map: http://www.openstreetmap.org.nz/<br>Update: 21/01/2019<br>x: 172.96318890000<br>y: -43.80860570000]]></description>
      <styleUrl>#icon-1577-795548</styleUrl>
      <ExtendedData>
        <Data name="type">
          <value>fast_food</value>
        </Data>
        <Data name="Source">
          <value>Open Street Map: http://www.openstreetmap.org.nz/</value>
        </Data>
        <Data name="Update">
          <value>21/01/2019</value>
        </Data>
        <Data name="x">
          <value>172.96318890000</value>
        </Data>
        <Data name="y">
          <value>-43.80860570000</value>
        </Data>
      </ExtendedData>
      <Point>
        <coordinates>
          172.9631889,-43.8086057,0
        </coordinates>
      </Point>
    </Placemark>
    <Placemark>
      <name>Pita Pit</name>
      <description><![CDATA[type: fast_food<br>Source: Open Street Map: http://www.openstreetmap.org.nz/<br>Update: 21/01/2019<br>x: 172.61900650000<br>y: -43.55665280000]]></description>
      <styleUrl>#icon-1577-795548</styleUrl>
      <ExtendedData>
        <Data name="type">
          <value>fast_food</value>
        </Data>
        <Data name="Source">
          <value>Open Street Map: http://www.openstreetmap.org.nz/</value>
        </Data>
        <Data name="Update">
          <value>21/01/2019</value>
        </Data>
        <Data name="x">
          <value>172.61900650000</value>
        </Data>
        <Data name="y">
          <value>-43.55665280000</value>
        </Data>
      </ExtendedData>
      <Point>
        <coordinates>
          172.6190065,-43.5566528,0
        </coordinates>
      </Point>
    </Placemark>
    <Placemark>
      <name>Subway</name>
      <description><![CDATA[type: fast_food<br>Source: Open Street Map: http://www.openstreetmap.org.nz/<br>Update: 21/01/2019<br>x: 172.62012520000<br>y: -43.55597910000]]></description>
      <styleUrl>#icon-1577-795548</styleUrl>
      <ExtendedData>
        <Data name="type">
          <value>fast_food</value>
        </Data>
        <Data name="Source">
          <value>Open Street Map: http://www.openstreetmap.org.nz/</value>
        </Data>
        <Data name="Update">
          <value>21/01/2019</value>
        </Data>
        <Data name="x">
          <value>172.62012520000</value>
        </Data>
        <Data name="y">
          <value>-43.55597910000</value>
        </Data>
      </ExtendedData>
      <Point>
        <coordinates>
          172.6201252,-43.5559791,0
        </coordinates>
      </Point>
    </Placemark>
    <Placemark>
      <name/>
      <description><![CDATA[type: fast_food<br>Source: Open Street Map: http://www.openstreetmap.org.nz/<br>Update: 21/01/2019<br>x: 172.66448660000<br>y: -43.55308070000]]></description>
      <styleUrl>#icon-1577-795548</styleUrl>
      <ExtendedData>
        <Data name="type">
          <value>fast_food</value>
        </Data>
        <Data name="Source">
          <value>Open Street Map: http://www.openstreetmap.org.nz/</value>
        </Data>
        <Data name="Update">
          <value>21/01/2019</value>
        </Data>
        <Data name="x">
          <value>172.66448660000</value>
        </Data>
        <Data name="y">
          <value>-43.55308070000</value>
        </Data>
      </ExtendedData>
      <Point>
        <coordinates>
          172.6644866,-43.5530807,0
        </coordinates>
      </Point>
    </Placemark>
    <Placemark>
      <name>Cracroft Fresh Fried</name>
      <description><![CDATA[type: fast_food<br>Source: Open Street Map: http://www.openstreetmap.org.nz/<br>Update: 21/01/2019<br>x: 172.61550580000<br>y: -43.57373550000]]></description>
      <styleUrl>#icon-1577-795548</styleUrl>
      <ExtendedData>
        <Data name="type">
          <value>fast_food</value>
        </Data>
        <Data name="Source">
          <value>Open Street Map: http://www.openstreetmap.org.nz/</value>
        </Data>
        <Data name="Update">
          <value>21/01/2019</value>
        </Data>
        <Data name="x">
          <value>172.61550580000</value>
        </Data>
        <Data name="y">
          <value>-43.57373550000</value>
        </Data>
      </ExtendedData>
      <Point>
        <coordinates>
          172.6155058,-43.5737355,0
        </coordinates>
      </Point>
    </Placemark>
    <Placemark>
      <name>Subway</name>
      <description><![CDATA[type: fast_food<br>Source: Open Street Map: http://www.openstreetmap.org.nz/<br>Update: 21/01/2019<br>x: 172.55730680000<br>y: -43.55232460000]]></description>
      <styleUrl>#icon-1577-795548</styleUrl>
      <ExtendedData>
        <Data name="type">
          <value>fast_food</value>
        </Data>
        <Data name="Source">
          <value>Open Street Map: http://www.openstreetmap.org.nz/</value>
        </Data>
        <Data name="Update">
          <value>21/01/2019</value>
        </Data>
        <Data name="x">
          <value>172.55730680000</value>
        </Data>
        <Data name="y">
          <value>-43.55232460000</value>
        </Data>
      </ExtendedData>
      <Point>
        <coordinates>
          172.5573068,-43.5523246,0
        </coordinates>
      </Point>
    </Placemark>
    <Placemark>
      <name>Food Court</name>
      <description><![CDATA[type: fast_food<br>Source: Open Street Map: http://www.openstreetmap.org.nz/<br>Update: 21/01/2019<br>x: 172.63508750000<br>y: -43.53840630000]]></description>
      <styleUrl>#icon-1577-795548</styleUrl>
      <ExtendedData>
        <Data name="type">
          <value>fast_food</value>
        </Data>
        <Data name="Source">
          <value>Open Street Map: http://www.openstreetmap.org.nz/</value>
        </Data>
        <Data name="Update">
          <value>21/01/2019</value>
        </Data>
        <Data name="x">
          <value>172.63508750000</value>
        </Data>
        <Data name="y">
          <value>-43.53840630000</value>
        </Data>
      </ExtendedData>
      <Point>
        <coordinates>
          172.6350875,-43.5384063,0
        </coordinates>
      </Point>
    </Placemark>
    <Placemark>
      <name>Sai Touch Of Spice</name>
      <description><![CDATA[type: fast_food<br>Source: Open Street Map: http://www.openstreetmap.org.nz/<br>Update: 21/01/2019<br>x: 172.62615940000<br>y: -43.56355420000]]></description>
      <styleUrl>#icon-1577-795548</styleUrl>
      <ExtendedData>
        <Data name="type">
          <value>fast_food</value>
        </Data>
        <Data name="Source">
          <value>Open Street Map: http://www.openstreetmap.org.nz/</value>
        </Data>
        <Data name="Update">
          <value>21/01/2019</value>
        </Data>
        <Data name="x">
          <value>172.62615940000</value>
        </Data>
        <Data name="y">
          <value>-43.56355420000</value>
        </Data>
      </ExtendedData>
      <Point>
        <coordinates>
          172.6261594,-43.5635542,0
        </coordinates>
      </Point>
    </Placemark>
    <Placemark>
      <name>Hillview Fish Supply</name>
      <description><![CDATA[type: fast_food<br>Source: Open Street Map: http://www.openstreetmap.org.nz/<br>Update: 21/01/2019<br>x: 172.62625370000<br>y: -43.56363250000]]></description>
      <styleUrl>#icon-1577-795548</styleUrl>
      <ExtendedData>
        <Data name="type">
          <value>fast_food</value>
        </Data>
        <Data name="Source">
          <value>Open Street Map: http://www.openstreetmap.org.nz/</value>
        </Data>
        <Data name="Update">
          <value>21/01/2019</value>
        </Data>
        <Data name="x">
          <value>172.62625370000</value>
        </Data>
        <Data name="y">
          <value>-43.56363250000</value>
        </Data>
      </ExtendedData>
      <Point>
        <coordinates>
          172.6262537,-43.5636325,0
        </coordinates>
      </Point>
    </Placemark>
    <Placemark>
      <name>Pizza Hut</name>
      <description><![CDATA[type: fast_food<br>Source: Open Street Map: http://www.openstreetmap.org.nz/<br>Update: 21/01/2019<br>x: 172.72500510000<br>y: -43.50849470000]]></description>
      <styleUrl>#icon-1577-795548</styleUrl>
      <ExtendedData>
        <Data name="type">
          <value>fast_food</value>
        </Data>
        <Data name="Source">
          <value>Open Street Map: http://www.openstreetmap.org.nz/</value>
        </Data>
        <Data name="Update">
          <value>21/01/2019</value>
        </Data>
        <Data name="x">
          <value>172.72500510000</value>
        </Data>
        <Data name="y">
          <value>-43.50849470000</value>
        </Data>
      </ExtendedData>
      <Point>
        <coordinates>
          172.7250051,-43.5084947,0
        </coordinates>
      </Point>
    </Placemark>
    <Placemark>
      <name>Burger Fuel</name>
      <description><![CDATA[type: fast_food<br>Source: Open Street Map: http://www.openstreetmap.org.nz/<br>Update: 21/01/2019<br>x: 172.63567300000<br>y: -43.53215170000]]></description>
      <styleUrl>#icon-1577-795548</styleUrl>
      <ExtendedData>
        <Data name="type">
          <value>fast_food</value>
        </Data>
        <Data name="Source">
          <value>Open Street Map: http://www.openstreetmap.org.nz/</value>
        </Data>
        <Data name="Update">
          <value>21/01/2019</value>
        </Data>
        <Data name="x">
          <value>172.63567300000</value>
        </Data>
        <Data name="y">
          <value>-43.53215170000</value>
        </Data>
      </ExtendedData>
      <Point>
        <coordinates>
          172.635673,-43.5321517,0
        </coordinates>
      </Point>
    </Placemark>
    <Placemark>
      <name><![CDATA[Domino's Pizza]]></name>
      <description><![CDATA[type: fast_food<br>Source: Open Street Map: http://www.openstreetmap.org.nz/<br>Update: 21/01/2019<br>x: 172.68263080000<br>y: -43.54880490000]]></description>
      <styleUrl>#icon-1577-795548</styleUrl>
      <ExtendedData>
        <Data name="type">
          <value>fast_food</value>
        </Data>
        <Data name="Source">
          <value>Open Street Map: http://www.openstreetmap.org.nz/</value>
        </Data>
        <Data name="Update">
          <value>21/01/2019</value>
        </Data>
        <Data name="x">
          <value>172.68263080000</value>
        </Data>
        <Data name="y">
          <value>-43.54880490000</value>
        </Data>
      </ExtendedData>
      <Point>
        <coordinates>
          172.6826308,-43.5488049,0
        </coordinates>
      </Point>
    </Placemark>
    <Placemark>
      <name>Subway</name>
      <description><![CDATA[type: fast_food<br>Source: Open Street Map: http://www.openstreetmap.org.nz/<br>Update: 21/01/2019<br>x: 172.63691620000<br>y: -43.54766410000]]></description>
      <styleUrl>#icon-1577-795548</styleUrl>
      <ExtendedData>
        <Data name="type">
          <value>fast_food</value>
        </Data>
        <Data name="Source">
          <value>Open Street Map: http://www.openstreetmap.org.nz/</value>
        </Data>
        <Data name="Update">
          <value>21/01/2019</value>
        </Data>
        <Data name="x">
          <value>172.63691620000</value>
        </Data>
        <Data name="y">
          <value>-43.54766410000</value>
        </Data>
      </ExtendedData>
      <Point>
        <coordinates>
          172.6369162,-43.5476641,0
        </coordinates>
      </Point>
    </Placemark>
    <Placemark>
      <name>Foo Sing Takeaways</name>
      <description><![CDATA[type: fast_food<br>Source: Open Street Map: http://www.openstreetmap.org.nz/<br>Update: 21/01/2019<br>x: 172.61114950000<br>y: -43.56941580000]]></description>
      <styleUrl>#icon-1577-795548</styleUrl>
      <ExtendedData>
        <Data name="type">
          <value>fast_food</value>
        </Data>
        <Data name="Source">
          <value>Open Street Map: http://www.openstreetmap.org.nz/</value>
        </Data>
        <Data name="Update">
          <value>21/01/2019</value>
        </Data>
        <Data name="x">
          <value>172.61114950000</value>
        </Data>
        <Data name="y">
          <value>-43.56941580000</value>
        </Data>
      </ExtendedData>
      <Point>
        <coordinates>
          172.6111495,-43.5694158,0
        </coordinates>
      </Point>
    </Placemark>
    <Placemark>
      <name><![CDATA[Domino's Pizza]]></name>
      <description><![CDATA[type: fast_food<br>Source: Open Street Map: http://www.openstreetmap.org.nz/<br>Update: 21/01/2019<br>x: 172.67524640000<br>y: -43.53303530000]]></description>
      <styleUrl>#icon-1577-795548</styleUrl>
      <ExtendedData>
        <Data name="type">
          <value>fast_food</value>
        </Data>
        <Data name="Source">
          <value>Open Street Map: http://www.openstreetmap.org.nz/</value>
        </Data>
        <Data name="Update">
          <value>21/01/2019</value>
        </Data>
        <Data name="x">
          <value>172.67524640000</value>
        </Data>
        <Data name="y">
          <value>-43.53303530000</value>
        </Data>
      </ExtendedData>
      <Point>
        <coordinates>
          172.6752464,-43.5330353,0
        </coordinates>
      </Point>
    </Placemark>
    <Placemark>
      <name>Tuam St Food Centre</name>
      <description><![CDATA[type: fast_food<br>Source: Open Street Map: http://www.openstreetmap.org.nz/<br>Update: 21/01/2019<br>x: 172.65822290000<br>y: -43.53557580000]]></description>
      <styleUrl>#icon-1577-795548</styleUrl>
      <ExtendedData>
        <Data name="type">
          <value>fast_food</value>
        </Data>
        <Data name="Source">
          <value>Open Street Map: http://www.openstreetmap.org.nz/</value>
        </Data>
        <Data name="Update">
          <value>21/01/2019</value>
        </Data>
        <Data name="x">
          <value>172.65822290000</value>
        </Data>
        <Data name="y">
          <value>-43.53557580000</value>
        </Data>
      </ExtendedData>
      <Point>
        <coordinates>
          172.6582229,-43.5355758,0
        </coordinates>
      </Point>
    </Placemark>
    <Placemark>
      <name>Subway</name>
      <description><![CDATA[type: fast_food<br>Source: Open Street Map: http://www.openstreetmap.org.nz/<br>Update: 21/01/2019<br>x: 172.56326210000<br>y: -43.53886710000]]></description>
      <styleUrl>#icon-1577-795548</styleUrl>
      <ExtendedData>
        <Data name="type">
          <value>fast_food</value>
        </Data>
        <Data name="Source">
          <value>Open Street Map: http://www.openstreetmap.org.nz/</value>
        </Data>
        <Data name="Update">
          <value>21/01/2019</value>
        </Data>
        <Data name="x">
          <value>172.56326210000</value>
        </Data>
        <Data name="y">
          <value>-43.53886710000</value>
        </Data>
      </ExtendedData>
      <Point>
        <coordinates>
          172.5632621,-43.5388671,0
        </coordinates>
      </Point>
    </Placemark>
    <Placemark>
      <name>Subway</name>
      <description><![CDATA[type: fast_food<br>Source: Open Street Map: http://www.openstreetmap.org.nz/<br>Update: 21/01/2019<br>x: 172.61484650000<br>y: -43.54120890000]]></description>
      <styleUrl>#icon-1577-795548</styleUrl>
      <ExtendedData>
        <Data name="type">
          <value>fast_food</value>
        </Data>
        <Data name="Source">
          <value>Open Street Map: http://www.openstreetmap.org.nz/</value>
        </Data>
        <Data name="Update">
          <value>21/01/2019</value>
        </Data>
        <Data name="x">
          <value>172.61484650000</value>
        </Data>
        <Data name="y">
          <value>-43.54120890000</value>
        </Data>
      </ExtendedData>
      <Point>
        <coordinates>
          172.6148465,-43.5412089,0
        </coordinates>
      </Point>
    </Placemark>
    <Placemark>
      <name>Subway</name>
      <description><![CDATA[type: fast_food<br>Source: Open Street Map: http://www.openstreetmap.org.nz/<br>Update: 21/01/2019<br>x: 172.55687690000<br>y: -43.51098270000]]></description>
      <styleUrl>#icon-1577-795548</styleUrl>
      <ExtendedData>
        <Data name="type">
          <value>fast_food</value>
        </Data>
        <Data name="Source">
          <value>Open Street Map: http://www.openstreetmap.org.nz/</value>
        </Data>
        <Data name="Update">
          <value>21/01/2019</value>
        </Data>
        <Data name="x">
          <value>172.55687690000</value>
        </Data>
        <Data name="y">
          <value>-43.51098270000</value>
        </Data>
      </ExtendedData>
      <Point>
        <coordinates>
          172.5568769,-43.5109827,0
        </coordinates>
      </Point>
    </Placemark>
    <Placemark>
      <name>Coach Corner Takeaways</name>
      <description><![CDATA[type: fast_food<br>Source: Open Street Map: http://www.openstreetmap.org.nz/<br>Update: 21/01/2019<br>x: 172.55375590000<br>y: -43.52650260000]]></description>
      <styleUrl>#icon-1577-795548</styleUrl>
      <ExtendedData>
        <Data name="type">
          <value>fast_food</value>
        </Data>
        <Data name="Source">
          <value>Open Street Map: http://www.openstreetmap.org.nz/</value>
        </Data>
        <Data name="Update">
          <value>21/01/2019</value>
        </Data>
        <Data name="x">
          <value>172.55375590000</value>
        </Data>
        <Data name="y">
          <value>-43.52650260000</value>
        </Data>
      </ExtendedData>
      <Point>
        <coordinates>
          172.5537559,-43.5265026,0
        </coordinates>
      </Point>
    </Placemark>
    <Placemark>
      <name><![CDATA[Auntie Dai's Dumplings]]></name>
      <description><![CDATA[type: fast_food<br>Source: Open Street Map: http://www.openstreetmap.org.nz/<br>Update: 21/01/2019<br>x: 172.63691240000<br>y: -43.53482300000]]></description>
      <styleUrl>#icon-1577-795548</styleUrl>
      <ExtendedData>
        <Data name="type">
          <value>fast_food</value>
        </Data>
        <Data name="Source">
          <value>Open Street Map: http://www.openstreetmap.org.nz/</value>
        </Data>
        <Data name="Update">
          <value>21/01/2019</value>
        </Data>
        <Data name="x">
          <value>172.63691240000</value>
        </Data>
        <Data name="y">
          <value>-43.53482300000</value>
        </Data>
      </ExtendedData>
      <Point>
        <coordinates>
          172.6369124,-43.534823,0
        </coordinates>
      </Point>
    </Placemark>
    <Placemark>
      <name>Sura sushi</name>
      <description><![CDATA[type: fast_food<br>Source: Open Street Map: http://www.openstreetmap.org.nz/<br>Update: 21/01/2019<br>x: 172.63743670000<br>y: -43.53236530000]]></description>
      <styleUrl>#icon-1577-795548</styleUrl>
      <ExtendedData>
        <Data name="type">
          <value>fast_food</value>
        </Data>
        <Data name="Source">
          <value>Open Street Map: http://www.openstreetmap.org.nz/</value>
        </Data>
        <Data name="Update">
          <value>21/01/2019</value>
        </Data>
        <Data name="x">
          <value>172.63743670000</value>
        </Data>
        <Data name="y">
          <value>-43.53236530000</value>
        </Data>
      </ExtendedData>
      <Point>
        <coordinates>
          172.6374367,-43.5323653,0
        </coordinates>
      </Point>
    </Placemark>
    <Placemark>
      <name>Sura Sushi</name>
      <description><![CDATA[type: fast_food<br>Source: Open Street Map: http://www.openstreetmap.org.nz/<br>Update: 21/01/2019<br>x: 172.63418130000<br>y: -43.53193530000]]></description>
      <styleUrl>#icon-1577-795548</styleUrl>
      <ExtendedData>
        <Data name="type">
          <value>fast_food</value>
        </Data>
        <Data name="Source">
          <value>Open Street Map: http://www.openstreetmap.org.nz/</value>
        </Data>
        <Data name="Update">
          <value>21/01/2019</value>
        </Data>
        <Data name="x">
          <value>172.63418130000</value>
        </Data>
        <Data name="y">
          <value>-43.53193530000</value>
        </Data>
      </ExtendedData>
      <Point>
        <coordinates>
          172.6341813,-43.5319353,0
        </coordinates>
      </Point>
    </Placemark>
    <Placemark>
      <name>Subway</name>
      <description><![CDATA[type: fast_food<br>Source: Open Street Map: http://www.openstreetmap.org.nz/<br>Update: 21/01/2019<br>x: 172.60807800000<br>y: -43.52932970000]]></description>
      <styleUrl>#icon-1577-795548</styleUrl>
      <ExtendedData>
        <Data name="type">
          <value>fast_food</value>
        </Data>
        <Data name="Source">
          <value>Open Street Map: http://www.openstreetmap.org.nz/</value>
        </Data>
        <Data name="Update">
          <value>21/01/2019</value>
        </Data>
        <Data name="x">
          <value>172.60807800000</value>
        </Data>
        <Data name="y">
          <value>-43.52932970000</value>
        </Data>
      </ExtendedData>
      <Point>
        <coordinates>
          172.608078,-43.5293297,0
        </coordinates>
      </Point>
    </Placemark>
    <Placemark>
      <name>Sushi Van</name>
      <description><![CDATA[type: fast_food<br>Source: Open Street Map: http://www.openstreetmap.org.nz/<br>Update: 21/01/2019<br>x: 172.58090160000<br>y: -43.54503800000]]></description>
      <styleUrl>#icon-1577-795548</styleUrl>
      <ExtendedData>
        <Data name="type">
          <value>fast_food</value>
        </Data>
        <Data name="Source">
          <value>Open Street Map: http://www.openstreetmap.org.nz/</value>
        </Data>
        <Data name="Update">
          <value>21/01/2019</value>
        </Data>
        <Data name="x">
          <value>172.58090160000</value>
        </Data>
        <Data name="y">
          <value>-43.54503800000</value>
        </Data>
      </ExtendedData>
      <Point>
        <coordinates>
          172.5809016,-43.545038,0
        </coordinates>
      </Point>
    </Placemark>
    <Placemark>
      <name>Wok on In</name>
      <description><![CDATA[type: fast_food<br>Source: Open Street Map: http://www.openstreetmap.org.nz/<br>Update: 21/01/2019<br>x: 172.56420940000<br>y: -43.50060130000]]></description>
      <styleUrl>#icon-1577-795548</styleUrl>
      <ExtendedData>
        <Data name="type">
          <value>fast_food</value>
        </Data>
        <Data name="Source">
          <value>Open Street Map: http://www.openstreetmap.org.nz/</value>
        </Data>
        <Data name="Update">
          <value>21/01/2019</value>
        </Data>
        <Data name="x">
          <value>172.56420940000</value>
        </Data>
        <Data name="y">
          <value>-43.50060130000</value>
        </Data>
      </ExtendedData>
      <Point>
        <coordinates>
          172.5642094,-43.5006013,0
        </coordinates>
      </Point>
    </Placemark>
    <Placemark>
      <name>Thai Box</name>
      <description><![CDATA[type: fast_food<br>Source: Open Street Map: http://www.openstreetmap.org.nz/<br>Update: 21/01/2019<br>x: 172.64205580000<br>y: -43.53650200000]]></description>
      <styleUrl>#icon-1577-795548</styleUrl>
      <ExtendedData>
        <Data name="type">
          <value>fast_food</value>
        </Data>
        <Data name="Source">
          <value>Open Street Map: http://www.openstreetmap.org.nz/</value>
        </Data>
        <Data name="Update">
          <value>21/01/2019</value>
        </Data>
        <Data name="x">
          <value>172.64205580000</value>
        </Data>
        <Data name="y">
          <value>-43.53650200000</value>
        </Data>
      </ExtendedData>
      <Point>
        <coordinates>
          172.6420558,-43.536502,0
        </coordinates>
      </Point>
    </Placemark>
    <Placemark>
      <name>Korean Noodle Lounge</name>
      <description><![CDATA[type: fast_food<br>Source: Open Street Map: http://www.openstreetmap.org.nz/<br>Update: 21/01/2019<br>x: 172.60256680000<br>y: -43.52983400000]]></description>
      <styleUrl>#icon-1577-795548</styleUrl>
      <ExtendedData>
        <Data name="type">
          <value>fast_food</value>
        </Data>
        <Data name="Source">
          <value>Open Street Map: http://www.openstreetmap.org.nz/</value>
        </Data>
        <Data name="Update">
          <value>21/01/2019</value>
        </Data>
        <Data name="x">
          <value>172.60256680000</value>
        </Data>
        <Data name="y">
          <value>-43.52983400000</value>
        </Data>
      </ExtendedData>
      <Point>
        <coordinates>
          172.6025668,-43.529834,0
        </coordinates>
      </Point>
    </Placemark>
    <Placemark>
      <name>North Road Fish</name>
      <description><![CDATA[type: fast_food<br>Source: Open Street Map: http://www.openstreetmap.org.nz/<br>Update: 21/01/2019<br>x: 172.61243190000<br>y: -43.49142950000]]></description>
      <styleUrl>#icon-1577-795548</styleUrl>
      <ExtendedData>
        <Data name="type">
          <value>fast_food</value>
        </Data>
        <Data name="Source">
          <value>Open Street Map: http://www.openstreetmap.org.nz/</value>
        </Data>
        <Data name="Update">
          <value>21/01/2019</value>
        </Data>
        <Data name="x">
          <value>172.61243190000</value>
        </Data>
        <Data name="y">
          <value>-43.49142950000</value>
        </Data>
      </ExtendedData>
      <Point>
        <coordinates>
          172.6124319,-43.4914295,0
        </coordinates>
      </Point>
    </Placemark>
    <Placemark>
      <name>Pita Pit</name>
      <description><![CDATA[type: fast_food<br>Source: Open Street Map: http://www.openstreetmap.org.nz/<br>Update: 21/01/2019<br>x: 172.69875620000<br>y: -43.55608140000]]></description>
      <styleUrl>#icon-1577-795548</styleUrl>
      <ExtendedData>
        <Data name="type">
          <value>fast_food</value>
        </Data>
        <Data name="Source">
          <value>Open Street Map: http://www.openstreetmap.org.nz/</value>
        </Data>
        <Data name="Update">
          <value>21/01/2019</value>
        </Data>
        <Data name="x">
          <value>172.69875620000</value>
        </Data>
        <Data name="y">
          <value>-43.55608140000</value>
        </Data>
      </ExtendedData>
      <Point>
        <coordinates>
          172.6987562,-43.5560814,0
        </coordinates>
      </Point>
    </Placemark>
    <Placemark>
      <name>Wings Takeaway</name>
      <description><![CDATA[type: fast_food<br>Source: Open Street Map: http://www.openstreetmap.org.nz/<br>Update: 21/01/2019<br>x: 172.66746070000<br>y: -43.54355200000]]></description>
      <styleUrl>#icon-1577-795548</styleUrl>
      <ExtendedData>
        <Data name="type">
          <value>fast_food</value>
        </Data>
        <Data name="Source">
          <value>Open Street Map: http://www.openstreetmap.org.nz/</value>
        </Data>
        <Data name="Update">
          <value>21/01/2019</value>
        </Data>
        <Data name="x">
          <value>172.66746070000</value>
        </Data>
        <Data name="y">
          <value>-43.54355200000</value>
        </Data>
      </ExtendedData>
      <Point>
        <coordinates>
          172.6674607,-43.543552,0
        </coordinates>
      </Point>
    </Placemark>
    <Placemark>
      <name>Steampunk</name>
      <description><![CDATA[type: fast_food<br>Source: Open Street Map: http://www.openstreetmap.org.nz/<br>Update: 21/01/2019<br>x: 172.64189940000<br>y: -43.53649820000]]></description>
      <styleUrl>#icon-1577-795548</styleUrl>
      <ExtendedData>
        <Data name="type">
          <value>fast_food</value>
        </Data>
        <Data name="Source">
          <value>Open Street Map: http://www.openstreetmap.org.nz/</value>
        </Data>
        <Data name="Update">
          <value>21/01/2019</value>
        </Data>
        <Data name="x">
          <value>172.64189940000</value>
        </Data>
        <Data name="y">
          <value>-43.53649820000</value>
        </Data>
      </ExtendedData>
      <Point>
        <coordinates>
          172.6418994,-43.5364982,0
        </coordinates>
      </Point>
    </Placemark>
    <Placemark>
      <name>Fish on the Ferry</name>
      <description><![CDATA[type: fast_food<br>Source: Open Street Map: http://www.openstreetmap.org.nz/<br>Update: 21/01/2019<br>x: 172.68255410000<br>y: -43.54856780000]]></description>
      <styleUrl>#icon-1577-795548</styleUrl>
      <ExtendedData>
        <Data name="type">
          <value>fast_food</value>
        </Data>
        <Data name="Source">
          <value>Open Street Map: http://www.openstreetmap.org.nz/</value>
        </Data>
        <Data name="Update">
          <value>21/01/2019</value>
        </Data>
        <Data name="x">
          <value>172.68255410000</value>
        </Data>
        <Data name="y">
          <value>-43.54856780000</value>
        </Data>
      </ExtendedData>
      <Point>
        <coordinates>
          172.6825541,-43.5485678,0
        </coordinates>
      </Point>
    </Placemark>
    <Placemark>
      <name>Ceylon Kitchen</name>
      <description><![CDATA[type: fast_food<br>Source: Open Street Map: http://www.openstreetmap.org.nz/<br>Update: 21/01/2019<br>x: 172.63683550000<br>y: -43.53550640000]]></description>
      <styleUrl>#icon-1577-795548</styleUrl>
      <ExtendedData>
        <Data name="type">
          <value>fast_food</value>
        </Data>
        <Data name="Source">
          <value>Open Street Map: http://www.openstreetmap.org.nz/</value>
        </Data>
        <Data name="Update">
          <value>21/01/2019</value>
        </Data>
        <Data name="x">
          <value>172.63683550000</value>
        </Data>
        <Data name="y">
          <value>-43.53550640000</value>
        </Data>
      </ExtendedData>
      <Point>
        <coordinates>
          172.6368355,-43.5355064,0
        </coordinates>
      </Point>
    </Placemark>
    <Placemark>
      <name>Subway</name>
      <description><![CDATA[type: fast_food<br>Source: Open Street Map: http://www.openstreetmap.org.nz/<br>Update: 21/01/2019<br>x: 172.54804810000<br>y: -43.49085610000]]></description>
      <styleUrl>#icon-1577-795548</styleUrl>
      <ExtendedData>
        <Data name="type">
          <value>fast_food</value>
        </Data>
        <Data name="Source">
          <value>Open Street Map: http://www.openstreetmap.org.nz/</value>
        </Data>
        <Data name="Update">
          <value>21/01/2019</value>
        </Data>
        <Data name="x">
          <value>172.54804810000</value>
        </Data>
        <Data name="y">
          <value>-43.49085610000</value>
        </Data>
      </ExtendedData>
      <Point>
        <coordinates>
          172.5480481,-43.4908561,0
        </coordinates>
      </Point>
    </Placemark>
    <Placemark>
      <name>Burger Fuel</name>
      <description><![CDATA[type: fast_food<br>Source: Open Street Map: http://www.openstreetmap.org.nz/<br>Update: 21/01/2019<br>x: 172.54811580000<br>y: -43.49079990000]]></description>
      <styleUrl>#icon-1577-795548</styleUrl>
      <ExtendedData>
        <Data name="type">
          <value>fast_food</value>
        </Data>
        <Data name="Source">
          <value>Open Street Map: http://www.openstreetmap.org.nz/</value>
        </Data>
        <Data name="Update">
          <value>21/01/2019</value>
        </Data>
        <Data name="x">
          <value>172.54811580000</value>
        </Data>
        <Data name="y">
          <value>-43.49079990000</value>
        </Data>
      </ExtendedData>
      <Point>
        <coordinates>
          172.5481158,-43.4907999,0
        </coordinates>
      </Point>
    </Placemark>
    <Placemark>
      <name><![CDATA[Zen Sushi & Dumplings]]></name>
      <description><![CDATA[type: fast_food<br>Source: Open Street Map: http://www.openstreetmap.org.nz/<br>Update: 21/01/2019<br>x: 172.63025780000<br>y: -43.53123800000]]></description>
      <styleUrl>#icon-1577-795548</styleUrl>
      <ExtendedData>
        <Data name="type">
          <value>fast_food</value>
        </Data>
        <Data name="Source">
          <value>Open Street Map: http://www.openstreetmap.org.nz/</value>
        </Data>
        <Data name="Update">
          <value>21/01/2019</value>
        </Data>
        <Data name="x">
          <value>172.63025780000</value>
        </Data>
        <Data name="y">
          <value>-43.53123800000</value>
        </Data>
      </ExtendedData>
      <Point>
        <coordinates>
          172.6302578,-43.531238,0
        </coordinates>
      </Point>
    </Placemark>
    <Placemark>
      <name>Pizza Hut</name>
      <description><![CDATA[type: fast_food<br>Source: Open Street Map: http://www.openstreetmap.org.nz/<br>Update: 21/01/2019<br>x: 172.58576050000<br>y: -43.49982600000]]></description>
      <styleUrl>#icon-1577-795548</styleUrl>
      <ExtendedData>
        <Data name="type">
          <value>fast_food</value>
        </Data>
        <Data name="Source">
          <value>Open Street Map: http://www.openstreetmap.org.nz/</value>
        </Data>
        <Data name="Update">
          <value>21/01/2019</value>
        </Data>
        <Data name="x">
          <value>172.58576050000</value>
        </Data>
        <Data name="y">
          <value>-43.49982600000</value>
        </Data>
      </ExtendedData>
      <Point>
        <coordinates>
          172.5857605,-43.499826,0
        </coordinates>
      </Point>
    </Placemark>
    <Placemark>
      <name><![CDATA[Waimairi Chinese Takeaway & Fish & Chips]]></name>
      <description><![CDATA[type: fast_food<br>Source: Open Street Map: http://www.openstreetmap.org.nz/<br>Update: 21/01/2019<br>x: 172.58566120000<br>y: -43.49992960000]]></description>
      <styleUrl>#icon-1577-795548</styleUrl>
      <ExtendedData>
        <Data name="type">
          <value>fast_food</value>
        </Data>
        <Data name="Source">
          <value>Open Street Map: http://www.openstreetmap.org.nz/</value>
        </Data>
        <Data name="Update">
          <value>21/01/2019</value>
        </Data>
        <Data name="x">
          <value>172.58566120000</value>
        </Data>
        <Data name="y">
          <value>-43.49992960000</value>
        </Data>
      </ExtendedData>
      <Point>
        <coordinates>
          172.5856612,-43.4999296,0
        </coordinates>
      </Point>
    </Placemark>
    <Placemark>
      <name>Burwood Fish and Chips</name>
      <description><![CDATA[type: fast_food<br>Source: Open Street Map: http://www.openstreetmap.org.nz/<br>Update: 21/01/2019<br>x: 172.68087030000<br>y: -43.48349320000]]></description>
      <styleUrl>#icon-1577-795548</styleUrl>
      <ExtendedData>
        <Data name="type">
          <value>fast_food</value>
        </Data>
        <Data name="Source">
          <value>Open Street Map: http://www.openstreetmap.org.nz/</value>
        </Data>
        <Data name="Update">
          <value>21/01/2019</value>
        </Data>
        <Data name="x">
          <value>172.68087030000</value>
        </Data>
        <Data name="y">
          <value>-43.48349320000</value>
        </Data>
      </ExtendedData>
      <Point>
        <coordinates>
          172.6808703,-43.4834932,0
        </coordinates>
      </Point>
    </Placemark>
    <Placemark>
      <name><![CDATA[Greenhaven Fish & Chips]]></name>
      <description><![CDATA[type: fast_food<br>Source: Open Street Map: http://www.openstreetmap.org.nz/<br>Update: 21/01/2019<br>x: 172.68087440000<br>y: -43.48362830000]]></description>
      <styleUrl>#icon-1577-795548</styleUrl>
      <ExtendedData>
        <Data name="type">
          <value>fast_food</value>
        </Data>
        <Data name="Source">
          <value>Open Street Map: http://www.openstreetmap.org.nz/</value>
        </Data>
        <Data name="Update">
          <value>21/01/2019</value>
        </Data>
        <Data name="x">
          <value>172.68087440000</value>
        </Data>
        <Data name="y">
          <value>-43.48362830000</value>
        </Data>
      </ExtendedData>
      <Point>
        <coordinates>
          172.6808744,-43.4836283,0
        </coordinates>
      </Point>
    </Placemark>
    <Placemark>
      <name>Cinnamon Spice</name>
      <description><![CDATA[type: fast_food<br>Source: Open Street Map: http://www.openstreetmap.org.nz/<br>Update: 21/01/2019<br>x: 172.68087200000<br>y: -43.48358250000]]></description>
      <styleUrl>#icon-1577-795548</styleUrl>
      <ExtendedData>
        <Data name="type">
          <value>fast_food</value>
        </Data>
        <Data name="Source">
          <value>Open Street Map: http://www.openstreetmap.org.nz/</value>
        </Data>
        <Data name="Update">
          <value>21/01/2019</value>
        </Data>
        <Data name="x">
          <value>172.68087200000</value>
        </Data>
        <Data name="y">
          <value>-43.48358250000</value>
        </Data>
      </ExtendedData>
      <Point>
        <coordinates>
          172.680872,-43.4835825,0
        </coordinates>
      </Point>
    </Placemark>
    <Placemark>
      <name>Hell</name>
      <description><![CDATA[type: fast_food<br>Source: Open Street Map: http://www.openstreetmap.org.nz/<br>Update: 21/01/2019<br>x: 172.63731750000<br>y: -43.53215390000]]></description>
      <styleUrl>#icon-1577-795548</styleUrl>
      <ExtendedData>
        <Data name="type">
          <value>fast_food</value>
        </Data>
        <Data name="Source">
          <value>Open Street Map: http://www.openstreetmap.org.nz/</value>
        </Data>
        <Data name="Update">
          <value>21/01/2019</value>
        </Data>
        <Data name="x">
          <value>172.63731750000</value>
        </Data>
        <Data name="y">
          <value>-43.53215390000</value>
        </Data>
      </ExtendedData>
      <Point>
        <coordinates>
          172.6373175,-43.5321539,0
        </coordinates>
      </Point>
    </Placemark>
    <Placemark>
      <name>Bacon Brothers</name>
      <description><![CDATA[type: fast_food<br>Source: Open Street Map: http://www.openstreetmap.org.nz/<br>Update: 21/01/2019<br>x: 172.64086510000<br>y: -43.53573300000]]></description>
      <styleUrl>#icon-1577-795548</styleUrl>
      <ExtendedData>
        <Data name="type">
          <value>fast_food</value>
        </Data>
        <Data name="Source">
          <value>Open Street Map: http://www.openstreetmap.org.nz/</value>
        </Data>
        <Data name="Update">
          <value>21/01/2019</value>
        </Data>
        <Data name="x">
          <value>172.64086510000</value>
        </Data>
        <Data name="y">
          <value>-43.53573300000</value>
        </Data>
      </ExtendedData>
      <Point>
        <coordinates>
          172.6408651,-43.535733,0
        </coordinates>
      </Point>
    </Placemark>
    <Placemark>
      <name>NORTH ROAD FISH AND CHIPS</name>
      <description><![CDATA[type: fast_food<br>Source: Open Street Map: http://www.openstreetmap.org.nz/<br>Update: 21/01/2019<br>x: 172.61252800000<br>y: -43.49130230000]]></description>
      <styleUrl>#icon-1577-795548</styleUrl>
      <ExtendedData>
        <Data name="type">
          <value>fast_food</value>
        </Data>
        <Data name="Source">
          <value>Open Street Map: http://www.openstreetmap.org.nz/</value>
        </Data>
        <Data name="Update">
          <value>21/01/2019</value>
        </Data>
        <Data name="x">
          <value>172.61252800000</value>
        </Data>
        <Data name="y">
          <value>-43.49130230000</value>
        </Data>
      </ExtendedData>
      <Point>
        <coordinates>
          172.612528,-43.4913023,0
        </coordinates>
      </Point>
    </Placemark>
    <Placemark>
      <name><![CDATA[It's all Greek to me]]></name>
      <description><![CDATA[type: fast_food<br>Source: Open Street Map: http://www.openstreetmap.org.nz/<br>Update: 21/01/2019<br>x: 172.64774060000<br>y: -43.54490170000]]></description>
      <styleUrl>#icon-1577-795548</styleUrl>
      <ExtendedData>
        <Data name="type">
          <value>fast_food</value>
        </Data>
        <Data name="Source">
          <value>Open Street Map: http://www.openstreetmap.org.nz/</value>
        </Data>
        <Data name="Update">
          <value>21/01/2019</value>
        </Data>
        <Data name="x">
          <value>172.64774060000</value>
        </Data>
        <Data name="y">
          <value>-43.54490170000</value>
        </Data>
      </ExtendedData>
      <Point>
        <coordinates>
          172.6477406,-43.5449017,0
        </coordinates>
      </Point>
    </Placemark>
    <Placemark>
      <name>St Pierres</name>
      <description><![CDATA[type: fast_food<br>Source: Open Street Map: http://www.openstreetmap.org.nz/<br>Update: 21/01/2019<br>x: 172.63694300000<br>y: -43.54987710000]]></description>
      <styleUrl>#icon-1577-795548</styleUrl>
      <ExtendedData>
        <Data name="type">
          <value>fast_food</value>
        </Data>
        <Data name="Source">
          <value>Open Street Map: http://www.openstreetmap.org.nz/</value>
        </Data>
        <Data name="Update">
          <value>21/01/2019</value>
        </Data>
        <Data name="x">
          <value>172.63694300000</value>
        </Data>
        <Data name="y">
          <value>-43.54987710000</value>
        </Data>
      </ExtendedData>
      <Point>
        <coordinates>
          172.636943,-43.5498771,0
        </coordinates>
      </Point>
    </Placemark>
    <Placemark>
      <name>Pita Pit</name>
      <description><![CDATA[type: fast_food<br>Source: Open Street Map: http://www.openstreetmap.org.nz/<br>Update: 21/01/2019<br>x: 172.63707530000<br>y: -43.54985040000]]></description>
      <styleUrl>#icon-1577-795548</styleUrl>
      <ExtendedData>
        <Data name="type">
          <value>fast_food</value>
        </Data>
        <Data name="Source">
          <value>Open Street Map: http://www.openstreetmap.org.nz/</value>
        </Data>
        <Data name="Update">
          <value>21/01/2019</value>
        </Data>
        <Data name="x">
          <value>172.63707530000</value>
        </Data>
        <Data name="y">
          <value>-43.54985040000</value>
        </Data>
      </ExtendedData>
      <Point>
        <coordinates>
          172.6370753,-43.5498504,0
        </coordinates>
      </Point>
    </Placemark>
    <Placemark>
      <name><![CDATA[Pedro's House of Lamb]]></name>
      <description><![CDATA[type: fast_food<br>Source: Open Street Map: http://www.openstreetmap.org.nz/<br>Update: 21/01/2019<br>x: 172.63744070000<br>y: -43.54983230000]]></description>
      <styleUrl>#icon-1577-795548</styleUrl>
      <ExtendedData>
        <Data name="type">
          <value>fast_food</value>
        </Data>
        <Data name="Source">
          <value>Open Street Map: http://www.openstreetmap.org.nz/</value>
        </Data>
        <Data name="Update">
          <value>21/01/2019</value>
        </Data>
        <Data name="x">
          <value>172.63744070000</value>
        </Data>
        <Data name="y">
          <value>-43.54983230000</value>
        </Data>
      </ExtendedData>
      <Point>
        <coordinates>
          172.6374407,-43.5498323,0
        </coordinates>
      </Point>
    </Placemark>
    <Placemark>
      <name>Burger Fuel</name>
      <description><![CDATA[type: fast_food<br>Source: Open Street Map: http://www.openstreetmap.org.nz/<br>Update: 21/01/2019<br>x: 172.63729460000<br>y: -43.54985320000]]></description>
      <styleUrl>#icon-1577-795548</styleUrl>
      <ExtendedData>
        <Data name="type">
          <value>fast_food</value>
        </Data>
        <Data name="Source">
          <value>Open Street Map: http://www.openstreetmap.org.nz/</value>
        </Data>
        <Data name="Update">
          <value>21/01/2019</value>
        </Data>
        <Data name="x">
          <value>172.63729460000</value>
        </Data>
        <Data name="y">
          <value>-43.54985320000</value>
        </Data>
      </ExtendedData>
      <Point>
        <coordinates>
          172.6372946,-43.5498532,0
        </coordinates>
      </Point>
    </Placemark>
    <Placemark>
      <name/>
      <description><![CDATA[type: fast_food<br>Source: Open Street Map: http://www.openstreetmap.org.nz/<br>Update: 21/01/2019<br>x: 172.63689640000<br>y: -43.55065660000]]></description>
      <styleUrl>#icon-1577-795548</styleUrl>
      <ExtendedData>
        <Data name="type">
          <value>fast_food</value>
        </Data>
        <Data name="Source">
          <value>Open Street Map: http://www.openstreetmap.org.nz/</value>
        </Data>
        <Data name="Update">
          <value>21/01/2019</value>
        </Data>
        <Data name="x">
          <value>172.63689640000</value>
        </Data>
        <Data name="y">
          <value>-43.55065660000</value>
        </Data>
      </ExtendedData>
      <Point>
        <coordinates>
          172.6368964,-43.5506566,0
        </coordinates>
      </Point>
    </Placemark>
    <Placemark>
      <name>Red Elephant</name>
      <description><![CDATA[type: fast_food<br>Source: Open Street Map: http://www.openstreetmap.org.nz/<br>Update: 21/01/2019<br>x: 172.63708870000<br>y: -43.55049910000]]></description>
      <styleUrl>#icon-1577-795548</styleUrl>
      <ExtendedData>
        <Data name="type">
          <value>fast_food</value>
        </Data>
        <Data name="Source">
          <value>Open Street Map: http://www.openstreetmap.org.nz/</value>
        </Data>
        <Data name="Update">
          <value>21/01/2019</value>
        </Data>
        <Data name="x">
          <value>172.63708870000</value>
        </Data>
        <Data name="y">
          <value>-43.55049910000</value>
        </Data>
      </ExtendedData>
      <Point>
        <coordinates>
          172.6370887,-43.5504991,0
        </coordinates>
      </Point>
    </Placemark>
    <Placemark>
      <name>Burger Wisconsin</name>
      <description><![CDATA[type: fast_food<br>Source: Open Street Map: http://www.openstreetmap.org.nz/<br>Update: 21/01/2019<br>x: 172.63553670000<br>y: -43.56708390000]]></description>
      <styleUrl>#icon-1577-795548</styleUrl>
      <ExtendedData>
        <Data name="type">
          <value>fast_food</value>
        </Data>
        <Data name="Source">
          <value>Open Street Map: http://www.openstreetmap.org.nz/</value>
        </Data>
        <Data name="Update">
          <value>21/01/2019</value>
        </Data>
        <Data name="x">
          <value>172.63553670000</value>
        </Data>
        <Data name="y">
          <value>-43.56708390000</value>
        </Data>
      </ExtendedData>
      <Point>
        <coordinates>
          172.6355367,-43.5670839,0
        </coordinates>
      </Point>
    </Placemark>
    <Placemark>
      <name>Majors Takeaways</name>
      <description><![CDATA[type: fast_food<br>Source: Open Street Map: http://www.openstreetmap.org.nz/<br>Update: 21/01/2019<br>x: 172.65718430000<br>y: -43.53002630000]]></description>
      <styleUrl>#icon-1577-795548</styleUrl>
      <ExtendedData>
        <Data name="type">
          <value>fast_food</value>
        </Data>
        <Data name="Source">
          <value>Open Street Map: http://www.openstreetmap.org.nz/</value>
        </Data>
        <Data name="Update">
          <value>21/01/2019</value>
        </Data>
        <Data name="x">
          <value>172.65718430000</value>
        </Data>
        <Data name="y">
          <value>-43.53002630000</value>
        </Data>
      </ExtendedData>
      <Point>
        <coordinates>
          172.6571843,-43.5300263,0
        </coordinates>
      </Point>
    </Placemark>
    <Placemark>
      <name>Lewis Street Food Bar</name>
      <description><![CDATA[type: fast_food<br>Source: Open Street Map: http://www.openstreetmap.org.nz/<br>Update: 21/01/2019<br>x: 172.60292350000<br>y: -43.55964230000]]></description>
      <styleUrl>#icon-1577-795548</styleUrl>
      <ExtendedData>
        <Data name="type">
          <value>fast_food</value>
        </Data>
        <Data name="Source">
          <value>Open Street Map: http://www.openstreetmap.org.nz/</value>
        </Data>
        <Data name="Update">
          <value>21/01/2019</value>
        </Data>
        <Data name="x">
          <value>172.60292350000</value>
        </Data>
        <Data name="y">
          <value>-43.55964230000</value>
        </Data>
      </ExtendedData>
      <Point>
        <coordinates>
          172.6029235,-43.5596423,0
        </coordinates>
      </Point>
    </Placemark>
    <Placemark>
      <name>Dallington Seafood Centre</name>
      <description><![CDATA[type: fast_food<br>Source: Open Street Map: http://www.openstreetmap.org.nz/<br>Update: 21/01/2019<br>x: 172.67230700000<br>y: -43.52530420000]]></description>
      <styleUrl>#icon-1577-795548</styleUrl>
      <ExtendedData>
        <Data name="type">
          <value>fast_food</value>
        </Data>
        <Data name="Source">
          <value>Open Street Map: http://www.openstreetmap.org.nz/</value>
        </Data>
        <Data name="Update">
          <value>21/01/2019</value>
        </Data>
        <Data name="x">
          <value>172.67230700000</value>
        </Data>
        <Data name="y">
          <value>-43.52530420000</value>
        </Data>
      </ExtendedData>
      <Point>
        <coordinates>
          172.672307,-43.5253042,0
        </coordinates>
      </Point>
    </Placemark>
    <Placemark>
      <name>Commi, Beckenham</name>
      <description><![CDATA[type: fast_food<br>Source: Open Street Map: http://www.openstreetmap.org.nz/<br>Update: 21/01/2019<br>x: 172.63666600000<br>y: -43.55741680000]]></description>
      <styleUrl>#icon-1577-795548</styleUrl>
      <ExtendedData>
        <Data name="type">
          <value>fast_food</value>
        </Data>
        <Data name="Source">
          <value>Open Street Map: http://www.openstreetmap.org.nz/</value>
        </Data>
        <Data name="Update">
          <value>21/01/2019</value>
        </Data>
        <Data name="x">
          <value>172.63666600000</value>
        </Data>
        <Data name="y">
          <value>-43.55741680000</value>
        </Data>
      </ExtendedData>
      <Point>
        <coordinates>
          172.636666,-43.5574168,0
        </coordinates>
      </Point>
    </Placemark>
    <Placemark>
      <name>Mr Sushi</name>
      <description><![CDATA[type: fast_food<br>Source: Open Street Map: http://www.openstreetmap.org.nz/<br>Update: 21/01/2019<br>x: 172.63143600000<br>y: -43.52523250000]]></description>
      <styleUrl>#icon-1577-795548</styleUrl>
      <ExtendedData>
        <Data name="type">
          <value>fast_food</value>
        </Data>
        <Data name="Source">
          <value>Open Street Map: http://www.openstreetmap.org.nz/</value>
        </Data>
        <Data name="Update">
          <value>21/01/2019</value>
        </Data>
        <Data name="x">
          <value>172.63143600000</value>
        </Data>
        <Data name="y">
          <value>-43.52523250000</value>
        </Data>
      </ExtendedData>
      <Point>
        <coordinates>
          172.631436,-43.5252325,0
        </coordinates>
      </Point>
    </Placemark>
    <Placemark>
      <name>Wainoni Fish and Chips</name>
      <description><![CDATA[type: fast_food<br>Source: Open Street Map: http://www.openstreetmap.org.nz/<br>Update: 21/01/2019<br>x: 172.68757900000<br>y: -43.51633610000]]></description>
      <styleUrl>#icon-1577-795548</styleUrl>
      <ExtendedData>
        <Data name="type">
          <value>fast_food</value>
        </Data>
        <Data name="Source">
          <value>Open Street Map: http://www.openstreetmap.org.nz/</value>
        </Data>
        <Data name="Update">
          <value>21/01/2019</value>
        </Data>
        <Data name="x">
          <value>172.68757900000</value>
        </Data>
        <Data name="y">
          <value>-43.51633610000</value>
        </Data>
      </ExtendedData>
      <Point>
        <coordinates>
          172.687579,-43.5163361,0
        </coordinates>
      </Point>
    </Placemark>
    <Placemark>
      <name>Chicken To Go</name>
      <description><![CDATA[type: fast_food<br>Source: Open Street Map: http://www.openstreetmap.org.nz/<br>Update: 21/01/2019<br>x: 172.68753220000<br>y: -43.54188900000]]></description>
      <styleUrl>#icon-1577-795548</styleUrl>
      <ExtendedData>
        <Data name="type">
          <value>fast_food</value>
        </Data>
        <Data name="Source">
          <value>Open Street Map: http://www.openstreetmap.org.nz/</value>
        </Data>
        <Data name="Update">
          <value>21/01/2019</value>
        </Data>
        <Data name="x">
          <value>172.68753220000</value>
        </Data>
        <Data name="y">
          <value>-43.54188900000</value>
        </Data>
      </ExtendedData>
      <Point>
        <coordinates>
          172.6875322,-43.541889,0
        </coordinates>
      </Point>
    </Placemark>
    <Placemark>
      <name>Fendalton Takeaways</name>
      <description><![CDATA[type: fast_food<br>Source: Open Street Map: http://www.openstreetmap.org.nz/<br>Update: 21/01/2019<br>x: 172.58960890000<br>y: -43.51832330000]]></description>
      <styleUrl>#icon-1577-795548</styleUrl>
      <ExtendedData>
        <Data name="type">
          <value>fast_food</value>
        </Data>
        <Data name="Source">
          <value>Open Street Map: http://www.openstreetmap.org.nz/</value>
        </Data>
        <Data name="Update">
          <value>21/01/2019</value>
        </Data>
        <Data name="x">
          <value>172.58960890000</value>
        </Data>
        <Data name="y">
          <value>-43.51832330000</value>
        </Data>
      </ExtendedData>
      <Point>
        <coordinates>
          172.5896089,-43.5183233,0
        </coordinates>
      </Point>
    </Placemark>
    <Placemark>
      <name><![CDATA[Stanmore Fish & Chips]]></name>
      <description><![CDATA[type: fast_food<br>Source: Open Street Map: http://www.openstreetmap.org.nz/<br>Update: 21/01/2019<br>x: 172.65718430000<br>y: -43.53013990000]]></description>
      <styleUrl>#icon-1577-795548</styleUrl>
      <ExtendedData>
        <Data name="type">
          <value>fast_food</value>
        </Data>
        <Data name="Source">
          <value>Open Street Map: http://www.openstreetmap.org.nz/</value>
        </Data>
        <Data name="Update">
          <value>21/01/2019</value>
        </Data>
        <Data name="x">
          <value>172.65718430000</value>
        </Data>
        <Data name="y">
          <value>-43.53013990000</value>
        </Data>
      </ExtendedData>
      <Point>
        <coordinates>
          172.6571843,-43.5301399,0
        </coordinates>
      </Point>
    </Placemark>
    <Placemark>
      <name>Subway</name>
      <description><![CDATA[type: fast_food<br>Source: Open Street Map: http://www.openstreetmap.org.nz/<br>Update: 21/01/2019<br>x: 172.65691790000<br>y: -43.52995150000]]></description>
      <styleUrl>#icon-1577-795548</styleUrl>
      <ExtendedData>
        <Data name="type">
          <value>fast_food</value>
        </Data>
        <Data name="Source">
          <value>Open Street Map: http://www.openstreetmap.org.nz/</value>
        </Data>
        <Data name="Update">
          <value>21/01/2019</value>
        </Data>
        <Data name="x">
          <value>172.65691790000</value>
        </Data>
        <Data name="y">
          <value>-43.52995150000</value>
        </Data>
      </ExtendedData>
      <Point>
        <coordinates>
          172.6569179,-43.5299515,0
        </coordinates>
      </Point>
    </Placemark>
    <Placemark>
      <name>Hooked Fish and Chips</name>
      <description><![CDATA[type: fast_food<br>Source: Open Street Map: http://www.openstreetmap.org.nz/<br>Update: 21/01/2019<br>x: 172.38901160000<br>y: -43.61677810000]]></description>
      <styleUrl>#icon-1577-795548</styleUrl>
      <ExtendedData>
        <Data name="type">
          <value>fast_food</value>
        </Data>
        <Data name="Source">
          <value>Open Street Map: http://www.openstreetmap.org.nz/</value>
        </Data>
        <Data name="Update">
          <value>21/01/2019</value>
        </Data>
        <Data name="x">
          <value>172.38901160000</value>
        </Data>
        <Data name="y">
          <value>-43.61677810000</value>
        </Data>
      </ExtendedData>
      <Point>
        <coordinates>
          172.3890116,-43.6167781,0
        </coordinates>
      </Point>
    </Placemark>
    <Placemark>
      <name>Mexicali Fresh</name>
      <description><![CDATA[type: fast_food<br>Source: Open Street Map: http://www.openstreetmap.org.nz/<br>Update: 21/01/2019<br>x: 172.54819120000<br>y: -43.49071190000]]></description>
      <styleUrl>#icon-1577-795548</styleUrl>
      <ExtendedData>
        <Data name="type">
          <value>fast_food</value>
        </Data>
        <Data name="Source">
          <value>Open Street Map: http://www.openstreetmap.org.nz/</value>
        </Data>
        <Data name="Update">
          <value>21/01/2019</value>
        </Data>
        <Data name="x">
          <value>172.54819120000</value>
        </Data>
        <Data name="y">
          <value>-43.49071190000</value>
        </Data>
      </ExtendedData>
      <Point>
        <coordinates>
          172.5481912,-43.4907119,0
        </coordinates>
      </Point>
    </Placemark>
    <Placemark>
      <name>Burger King</name>
      <description><![CDATA[type: fast_food<br>Source: Open Street Map: http://www.openstreetmap.org.nz/<br>Update: 21/01/2019<br>x: 172.57064600000<br>y: -43.47082500000]]></description>
      <styleUrl>#icon-1577-795548</styleUrl>
      <ExtendedData>
        <Data name="type">
          <value>fast_food</value>
        </Data>
        <Data name="Source">
          <value>Open Street Map: http://www.openstreetmap.org.nz/</value>
        </Data>
        <Data name="Update">
          <value>21/01/2019</value>
        </Data>
        <Data name="x">
          <value>172.57064600000</value>
        </Data>
        <Data name="y">
          <value>-43.47082500000</value>
        </Data>
      </ExtendedData>
      <Point>
        <coordinates>
          172.570646,-43.470825,0
        </coordinates>
      </Point>
    </Placemark>
    <Placemark>
      <name><![CDATA[Domino's]]></name>
      <description><![CDATA[type: fast_food<br>Source: Open Street Map: http://www.openstreetmap.org.nz/<br>Update: 21/01/2019<br>x: 172.72681320000<br>y: -43.50768630000]]></description>
      <styleUrl>#icon-1577-795548</styleUrl>
      <ExtendedData>
        <Data name="type">
          <value>fast_food</value>
        </Data>
        <Data name="Source">
          <value>Open Street Map: http://www.openstreetmap.org.nz/</value>
        </Data>
        <Data name="Update">
          <value>21/01/2019</value>
        </Data>
        <Data name="x">
          <value>172.72681320000</value>
        </Data>
        <Data name="y">
          <value>-43.50768630000</value>
        </Data>
      </ExtendedData>
      <Point>
        <coordinates>
          172.7268132,-43.5076863,0
        </coordinates>
      </Point>
    </Placemark>
    <Placemark>
      <name><![CDATA[Domino's]]></name>
      <description><![CDATA[type: fast_food<br>Source: Open Street Map: http://www.openstreetmap.org.nz/<br>Update: 21/01/2019<br>x: 172.67536450000<br>y: -43.53318620000]]></description>
      <styleUrl>#icon-1577-795548</styleUrl>
      <ExtendedData>
        <Data name="type">
          <value>fast_food</value>
        </Data>
        <Data name="Source">
          <value>Open Street Map: http://www.openstreetmap.org.nz/</value>
        </Data>
        <Data name="Update">
          <value>21/01/2019</value>
        </Data>
        <Data name="x">
          <value>172.67536450000</value>
        </Data>
        <Data name="y">
          <value>-43.53318620000</value>
        </Data>
      </ExtendedData>
      <Point>
        <coordinates>
          172.6753645,-43.5331862,0
        </coordinates>
      </Point>
    </Placemark>
    <Placemark>
      <name><![CDATA[Mandeville Village Fish & Chips]]></name>
      <description><![CDATA[type: fast_food<br>Source: Open Street Map: http://www.openstreetmap.org.nz/<br>Update: 21/01/2019<br>x: 172.53569430000<br>y: -43.38006980000]]></description>
      <styleUrl>#icon-1577-795548</styleUrl>
      <ExtendedData>
        <Data name="type">
          <value>fast_food</value>
        </Data>
        <Data name="Source">
          <value>Open Street Map: http://www.openstreetmap.org.nz/</value>
        </Data>
        <Data name="Update">
          <value>21/01/2019</value>
        </Data>
        <Data name="x">
          <value>172.53569430000</value>
        </Data>
        <Data name="y">
          <value>-43.38006980000</value>
        </Data>
      </ExtendedData>
      <Point>
        <coordinates>
          172.5356943,-43.3800698,0
        </coordinates>
      </Point>
    </Placemark>
    <Placemark>
      <name><![CDATA[Fish&Chips]]></name>
      <description><![CDATA[type: fast_food<br>Source: Open Street Map: http://www.openstreetmap.org.nz/<br>Update: 21/01/2019<br>x: 172.72645310000<br>y: -43.50788120000]]></description>
      <styleUrl>#icon-1577-795548</styleUrl>
      <ExtendedData>
        <Data name="type">
          <value>fast_food</value>
        </Data>
        <Data name="Source">
          <value>Open Street Map: http://www.openstreetmap.org.nz/</value>
        </Data>
        <Data name="Update">
          <value>21/01/2019</value>
        </Data>
        <Data name="x">
          <value>172.72645310000</value>
        </Data>
        <Data name="y">
          <value>-43.50788120000</value>
        </Data>
      </ExtendedData>
      <Point>
        <coordinates>
          172.7264531,-43.5078812,0
        </coordinates>
      </Point>
    </Placemark>
    <Placemark>
      <name><![CDATA[Fish&Chips Chinese Meals]]></name>
      <description><![CDATA[type: fast_food<br>Source: Open Street Map: http://www.openstreetmap.org.nz/<br>Update: 21/01/2019<br>x: 172.72639410000<br>y: -43.50808020000]]></description>
      <styleUrl>#icon-1577-795548</styleUrl>
      <ExtendedData>
        <Data name="type">
          <value>fast_food</value>
        </Data>
        <Data name="Source">
          <value>Open Street Map: http://www.openstreetmap.org.nz/</value>
        </Data>
        <Data name="Update">
          <value>21/01/2019</value>
        </Data>
        <Data name="x">
          <value>172.72639410000</value>
        </Data>
        <Data name="y">
          <value>-43.50808020000</value>
        </Data>
      </ExtendedData>
      <Point>
        <coordinates>
          172.7263941,-43.5080802,0
        </coordinates>
      </Point>
    </Placemark>
    <Placemark>
      <name><![CDATA[Fish&Chips]]></name>
      <description><![CDATA[type: fast_food<br>Source: Open Street Map: http://www.openstreetmap.org.nz/<br>Update: 21/01/2019<br>x: 172.72674700000<br>y: -43.50755810000]]></description>
      <styleUrl>#icon-1577-795548</styleUrl>
      <ExtendedData>
        <Data name="type">
          <value>fast_food</value>
        </Data>
        <Data name="Source">
          <value>Open Street Map: http://www.openstreetmap.org.nz/</value>
        </Data>
        <Data name="Update">
          <value>21/01/2019</value>
        </Data>
        <Data name="x">
          <value>172.72674700000</value>
        </Data>
        <Data name="y">
          <value>-43.50755810000</value>
        </Data>
      </ExtendedData>
      <Point>
        <coordinates>
          172.726747,-43.5075581,0
        </coordinates>
      </Point>
    </Placemark>
    <Placemark>
      <name><![CDATA[Fish & Chips]]></name>
      <description><![CDATA[type: fast_food<br>Source: Open Street Map: http://www.openstreetmap.org.nz/<br>Update: 21/01/2019<br>x: 172.73030790000<br>y: -43.50695050000]]></description>
      <styleUrl>#icon-1577-795548</styleUrl>
      <ExtendedData>
        <Data name="type">
          <value>fast_food</value>
        </Data>
        <Data name="Source">
          <value>Open Street Map: http://www.openstreetmap.org.nz/</value>
        </Data>
        <Data name="Update">
          <value>21/01/2019</value>
        </Data>
        <Data name="x">
          <value>172.73030790000</value>
        </Data>
        <Data name="y">
          <value>-43.50695050000</value>
        </Data>
      </ExtendedData>
      <Point>
        <coordinates>
          172.7303079,-43.5069505,0
        </coordinates>
      </Point>
    </Placemark>
    <Placemark>
      <name><![CDATA[Fish 'n' Chicken]]></name>
      <description><![CDATA[type: fast_food<br>Source: Open Street Map: http://www.openstreetmap.org.nz/<br>Update: 21/01/2019<br>x: 172.72844640000<br>y: -43.50689410000]]></description>
      <styleUrl>#icon-1577-795548</styleUrl>
      <ExtendedData>
        <Data name="type">
          <value>fast_food</value>
        </Data>
        <Data name="Source">
          <value>Open Street Map: http://www.openstreetmap.org.nz/</value>
        </Data>
        <Data name="Update">
          <value>21/01/2019</value>
        </Data>
        <Data name="x">
          <value>172.72844640000</value>
        </Data>
        <Data name="y">
          <value>-43.50689410000</value>
        </Data>
      </ExtendedData>
      <Point>
        <coordinates>
          172.7284464,-43.5068941,0
        </coordinates>
      </Point>
    </Placemark>
    <Placemark>
      <name>Sichuan Kitchen</name>
      <description><![CDATA[type: fast_food<br>Source: Open Street Map: http://www.openstreetmap.org.nz/<br>Update: 21/01/2019<br>x: 172.64196080000<br>y: -43.53674120000]]></description>
      <styleUrl>#icon-1577-795548</styleUrl>
      <ExtendedData>
        <Data name="type">
          <value>fast_food</value>
        </Data>
        <Data name="Source">
          <value>Open Street Map: http://www.openstreetmap.org.nz/</value>
        </Data>
        <Data name="Update">
          <value>21/01/2019</value>
        </Data>
        <Data name="x">
          <value>172.64196080000</value>
        </Data>
        <Data name="y">
          <value>-43.53674120000</value>
        </Data>
      </ExtendedData>
      <Point>
        <coordinates>
          172.6419608,-43.5367412,0
        </coordinates>
      </Point>
    </Placemark>
    <Placemark>
      <name>Vietnam to go</name>
      <description><![CDATA[type: fast_food<br>Source: Open Street Map: http://www.openstreetmap.org.nz/<br>Update: 21/01/2019<br>x: 172.64188840000<br>y: -43.53668480000]]></description>
      <styleUrl>#icon-1577-795548</styleUrl>
      <ExtendedData>
        <Data name="type">
          <value>fast_food</value>
        </Data>
        <Data name="Source">
          <value>Open Street Map: http://www.openstreetmap.org.nz/</value>
        </Data>
        <Data name="Update">
          <value>21/01/2019</value>
        </Data>
        <Data name="x">
          <value>172.64188840000</value>
        </Data>
        <Data name="y">
          <value>-43.53668480000</value>
        </Data>
      </ExtendedData>
      <Point>
        <coordinates>
          172.6418884,-43.5366848,0
        </coordinates>
      </Point>
    </Placemark>
    <Placemark>
      <name>Japanese</name>
      <description><![CDATA[type: fast_food<br>Source: Open Street Map: http://www.openstreetmap.org.nz/<br>Update: 21/01/2019<br>x: 172.64189110000<br>y: -43.53658180000]]></description>
      <styleUrl>#icon-1577-795548</styleUrl>
      <ExtendedData>
        <Data name="type">
          <value>fast_food</value>
        </Data>
        <Data name="Source">
          <value>Open Street Map: http://www.openstreetmap.org.nz/</value>
        </Data>
        <Data name="Update">
          <value>21/01/2019</value>
        </Data>
        <Data name="x">
          <value>172.64189110000</value>
        </Data>
        <Data name="y">
          <value>-43.53658180000</value>
        </Data>
      </ExtendedData>
      <Point>
        <coordinates>
          172.6418911,-43.5365818,0
        </coordinates>
      </Point>
    </Placemark>
    <Placemark>
      <name>Chichi Kitchen</name>
      <description><![CDATA[type: fast_food<br>Source: Open Street Map: http://www.openstreetmap.org.nz/<br>Update: 21/01/2019<br>x: 172.64210030000<br>y: -43.53666540000]]></description>
      <styleUrl>#icon-1577-795548</styleUrl>
      <ExtendedData>
        <Data name="type">
          <value>fast_food</value>
        </Data>
        <Data name="Source">
          <value>Open Street Map: http://www.openstreetmap.org.nz/</value>
        </Data>
        <Data name="Update">
          <value>21/01/2019</value>
        </Data>
        <Data name="x">
          <value>172.64210030000</value>
        </Data>
        <Data name="y">
          <value>-43.53666540000</value>
        </Data>
      </ExtendedData>
      <Point>
        <coordinates>
          172.6421003,-43.5366654,0
        </coordinates>
      </Point>
    </Placemark>
    <Placemark>
      <name>Viti Takeaways</name>
      <description><![CDATA[type: fast_food<br>Source: Open Street Map: http://www.openstreetmap.org.nz/<br>Update: 21/01/2019<br>x: 172.65725870000<br>y: -43.53024040000]]></description>
      <styleUrl>#icon-1577-795548</styleUrl>
      <ExtendedData>
        <Data name="type">
          <value>fast_food</value>
        </Data>
        <Data name="Source">
          <value>Open Street Map: http://www.openstreetmap.org.nz/</value>
        </Data>
        <Data name="Update">
          <value>21/01/2019</value>
        </Data>
        <Data name="x">
          <value>172.65725870000</value>
        </Data>
        <Data name="y">
          <value>-43.53024040000</value>
        </Data>
      </ExtendedData>
      <Point>
        <coordinates>
          172.6572587,-43.5302404,0
        </coordinates>
      </Point>
    </Placemark>
    <Placemark>
      <name>North Avon Fish Fry</name>
      <description><![CDATA[type: fast_food<br>Source: Open Street Map: http://www.openstreetmap.org.nz/<br>Update: 21/01/2019<br>x: 172.65588970000<br>y: -43.51804000000]]></description>
      <styleUrl>#icon-1577-795548</styleUrl>
      <ExtendedData>
        <Data name="type">
          <value>fast_food</value>
        </Data>
        <Data name="Source">
          <value>Open Street Map: http://www.openstreetmap.org.nz/</value>
        </Data>
        <Data name="Update">
          <value>21/01/2019</value>
        </Data>
        <Data name="x">
          <value>172.65588970000</value>
        </Data>
        <Data name="y">
          <value>-43.51804000000</value>
        </Data>
      </ExtendedData>
      <Point>
        <coordinates>
          172.6558897,-43.51804,0
        </coordinates>
      </Point>
    </Placemark>
    <Placemark>
      <name>The Silk Road Food Post</name>
      <description><![CDATA[type: fast_food<br>Source: Open Street Map: http://www.openstreetmap.org.nz/<br>Update: 21/01/2019<br>x: 172.65615190000<br>y: -43.51817570000]]></description>
      <styleUrl>#icon-1577-795548</styleUrl>
      <ExtendedData>
        <Data name="type">
          <value>fast_food</value>
        </Data>
        <Data name="Source">
          <value>Open Street Map: http://www.openstreetmap.org.nz/</value>
        </Data>
        <Data name="Update">
          <value>21/01/2019</value>
        </Data>
        <Data name="x">
          <value>172.65615190000</value>
        </Data>
        <Data name="y">
          <value>-43.51817570000</value>
        </Data>
      </ExtendedData>
      <Point>
        <coordinates>
          172.6561519,-43.5181757,0
        </coordinates>
      </Point>
    </Placemark>
    <Placemark>
      <name>Burger Station</name>
      <description><![CDATA[type: fast_food<br>Source: Open Street Map: http://www.openstreetmap.org.nz/<br>Update: 21/01/2019<br>x: 172.65631860000<br>y: -43.52255040000]]></description>
      <styleUrl>#icon-1577-795548</styleUrl>
      <ExtendedData>
        <Data name="type">
          <value>fast_food</value>
        </Data>
        <Data name="Source">
          <value>Open Street Map: http://www.openstreetmap.org.nz/</value>
        </Data>
        <Data name="Update">
          <value>21/01/2019</value>
        </Data>
        <Data name="x">
          <value>172.65631860000</value>
        </Data>
        <Data name="y">
          <value>-43.52255040000</value>
        </Data>
      </ExtendedData>
      <Point>
        <coordinates>
          172.6563186,-43.5225504,0
        </coordinates>
      </Point>
    </Placemark>
    <Placemark>
      <name>Country Fried Chicken</name>
      <description><![CDATA[type: fast_food<br>Source: Open Street Map: http://www.openstreetmap.org.nz/<br>Update: 21/01/2019<br>x: 172.63616170000<br>y: -43.38131230000]]></description>
      <styleUrl>#icon-1577-795548</styleUrl>
      <ExtendedData>
        <Data name="type">
          <value>fast_food</value>
        </Data>
        <Data name="Source">
          <value>Open Street Map: http://www.openstreetmap.org.nz/</value>
        </Data>
        <Data name="Update">
          <value>21/01/2019</value>
        </Data>
        <Data name="x">
          <value>172.63616170000</value>
        </Data>
        <Data name="y">
          <value>-43.38131230000</value>
        </Data>
      </ExtendedData>
      <Point>
        <coordinates>
          172.6361617,-43.3813123,0
        </coordinates>
      </Point>
    </Placemark>
    <Placemark>
      <name>Super Wok</name>
      <description><![CDATA[type: fast_food<br>Source: Open Street Map: http://www.openstreetmap.org.nz/<br>Update: 21/01/2019<br>x: 172.64578740000<br>y: -43.51368560000]]></description>
      <styleUrl>#icon-1577-795548</styleUrl>
      <ExtendedData>
        <Data name="type">
          <value>fast_food</value>
        </Data>
        <Data name="Source">
          <value>Open Street Map: http://www.openstreetmap.org.nz/</value>
        </Data>
        <Data name="Update">
          <value>21/01/2019</value>
        </Data>
        <Data name="x">
          <value>172.64578740000</value>
        </Data>
        <Data name="y">
          <value>-43.51368560000</value>
        </Data>
      </ExtendedData>
      <Point>
        <coordinates>
          172.6457874,-43.5136856,0
        </coordinates>
      </Point>
    </Placemark>
    <Placemark>
      <name>Burger Wisconsin</name>
      <description><![CDATA[type: fast_food<br>Source: Open Street Map: http://www.openstreetmap.org.nz/<br>Update: 21/01/2019<br>x: 172.60918490000<br>y: -43.49864280000]]></description>
      <styleUrl>#icon-1577-795548</styleUrl>
      <ExtendedData>
        <Data name="type">
          <value>fast_food</value>
        </Data>
        <Data name="Source">
          <value>Open Street Map: http://www.openstreetmap.org.nz/</value>
        </Data>
        <Data name="Update">
          <value>21/01/2019</value>
        </Data>
        <Data name="x">
          <value>172.60918490000</value>
        </Data>
        <Data name="y">
          <value>-43.49864280000</value>
        </Data>
      </ExtendedData>
      <Point>
        <coordinates>
          172.6091849,-43.4986428,0
        </coordinates>
      </Point>
    </Placemark>
    <Placemark>
      <name>Taste of Egypt</name>
      <description><![CDATA[type: fast_food<br>Source: Open Street Map: http://www.openstreetmap.org.nz/<br>Update: 21/01/2019<br>x: 172.60921240000<br>y: -43.49867070000]]></description>
      <styleUrl>#icon-1577-795548</styleUrl>
      <ExtendedData>
        <Data name="type">
          <value>fast_food</value>
        </Data>
        <Data name="Source">
          <value>Open Street Map: http://www.openstreetmap.org.nz/</value>
        </Data>
        <Data name="Update">
          <value>21/01/2019</value>
        </Data>
        <Data name="x">
          <value>172.60921240000</value>
        </Data>
        <Data name="y">
          <value>-43.49867070000</value>
        </Data>
      </ExtendedData>
      <Point>
        <coordinates>
          172.6092124,-43.4986707,0
        </coordinates>
      </Point>
    </Placemark>
    <Placemark>
      <name>Egyptian Kebab House</name>
      <description><![CDATA[type: fast_food<br>Source: Open Street Map: http://www.openstreetmap.org.nz/<br>Update: 21/01/2019<br>x: 172.60891160000<br>y: -43.49835800000]]></description>
      <styleUrl>#icon-1577-795548</styleUrl>
      <ExtendedData>
        <Data name="type">
          <value>fast_food</value>
        </Data>
        <Data name="Source">
          <value>Open Street Map: http://www.openstreetmap.org.nz/</value>
        </Data>
        <Data name="Update">
          <value>21/01/2019</value>
        </Data>
        <Data name="x">
          <value>172.60891160000</value>
        </Data>
        <Data name="y">
          <value>-43.49835800000</value>
        </Data>
      </ExtendedData>
      <Point>
        <coordinates>
          172.6089116,-43.498358,0
        </coordinates>
      </Point>
    </Placemark>
    <Placemark>
      <name>BurgerFuel</name>
      <description><![CDATA[type: fast_food<br>Source: Open Street Map: http://www.openstreetmap.org.nz/<br>Update: 21/01/2019<br>x: 172.60857180000<br>y: -43.49810490000]]></description>
      <styleUrl>#icon-1577-795548</styleUrl>
      <ExtendedData>
        <Data name="type">
          <value>fast_food</value>
        </Data>
        <Data name="Source">
          <value>Open Street Map: http://www.openstreetmap.org.nz/</value>
        </Data>
        <Data name="Update">
          <value>21/01/2019</value>
        </Data>
        <Data name="x">
          <value>172.60857180000</value>
        </Data>
        <Data name="y">
          <value>-43.49810490000</value>
        </Data>
      </ExtendedData>
      <Point>
        <coordinates>
          172.6085718,-43.4981049,0
        </coordinates>
      </Point>
    </Placemark>
    <Placemark>
      <name>Linwood Seafoods</name>
      <description><![CDATA[type: fast_food<br>Source: Open Street Map: http://www.openstreetmap.org.nz/<br>Update: 21/01/2019<br>x: 172.67275020000<br>y: -43.53312910000]]></description>
      <styleUrl>#icon-1577-795548</styleUrl>
      <ExtendedData>
        <Data name="type">
          <value>fast_food</value>
        </Data>
        <Data name="Source">
          <value>Open Street Map: http://www.openstreetmap.org.nz/</value>
        </Data>
        <Data name="Update">
          <value>21/01/2019</value>
        </Data>
        <Data name="x">
          <value>172.67275020000</value>
        </Data>
        <Data name="y">
          <value>-43.53312910000</value>
        </Data>
      </ExtendedData>
      <Point>
        <coordinates>
          172.6727502,-43.5331291,0
        </coordinates>
      </Point>
    </Placemark>
    <Placemark>
      <name>Sherpa Kai</name>
      <description><![CDATA[type: fast_food<br>Source: Open Street Map: http://www.openstreetmap.org.nz/<br>Update: 21/01/2019<br>x: 172.72253410000<br>y: -43.60387560000]]></description>
      <styleUrl>#icon-1577-795548</styleUrl>
      <ExtendedData>
        <Data name="type">
          <value>fast_food</value>
        </Data>
        <Data name="Source">
          <value>Open Street Map: http://www.openstreetmap.org.nz/</value>
        </Data>
        <Data name="Update">
          <value>21/01/2019</value>
        </Data>
        <Data name="x">
          <value>172.72253410000</value>
        </Data>
        <Data name="y">
          <value>-43.60387560000</value>
        </Data>
      </ExtendedData>
      <Point>
        <coordinates>
          172.7225341,-43.6038756,0
        </coordinates>
      </Point>
    </Placemark>
    <Placemark>
      <name>New York Deli</name>
      <description><![CDATA[type: fast_food<br>Source: Open Street Map: http://www.openstreetmap.org.nz/<br>Update: 21/01/2019<br>x: 172.63575940000<br>y: -43.53245050000]]></description>
      <styleUrl>#icon-1577-795548</styleUrl>
      <ExtendedData>
        <Data name="type">
          <value>fast_food</value>
        </Data>
        <Data name="Source">
          <value>Open Street Map: http://www.openstreetmap.org.nz/</value>
        </Data>
        <Data name="Update">
          <value>21/01/2019</value>
        </Data>
        <Data name="x">
          <value>172.63575940000</value>
        </Data>
        <Data name="y">
          <value>-43.53245050000</value>
        </Data>
      </ExtendedData>
      <Point>
        <coordinates>
          172.6357594,-43.5324505,0
        </coordinates>
      </Point>
    </Placemark>
    <Placemark>
      <name>Village Foods</name>
      <description><![CDATA[type: fast_food<br>Source: Open Street Map: http://www.openstreetmap.org.nz/<br>Update: 21/01/2019<br>x: 172.19232310000<br>y: -43.29783410000]]></description>
      <styleUrl>#icon-1577-795548</styleUrl>
      <ExtendedData>
        <Data name="type">
          <value>fast_food</value>
        </Data>
        <Data name="Source">
          <value>Open Street Map: http://www.openstreetmap.org.nz/</value>
        </Data>
        <Data name="Update">
          <value>21/01/2019</value>
        </Data>
        <Data name="x">
          <value>172.19232310000</value>
        </Data>
        <Data name="y">
          <value>-43.29783410000</value>
        </Data>
      </ExtendedData>
      <Point>
        <coordinates>
          172.1923231,-43.2978341,0
        </coordinates>
      </Point>
    </Placemark>
    <Placemark>
      <name>Annex Pantry</name>
      <description><![CDATA[type: fast_food<br>Source: Open Street Map: http://www.openstreetmap.org.nz/<br>Update: 21/01/2019<br>x: 172.58248620000<br>y: -43.54371370000]]></description>
      <styleUrl>#icon-1577-795548</styleUrl>
      <ExtendedData>
        <Data name="type">
          <value>fast_food</value>
        </Data>
        <Data name="Source">
          <value>Open Street Map: http://www.openstreetmap.org.nz/</value>
        </Data>
        <Data name="Update">
          <value>21/01/2019</value>
        </Data>
        <Data name="x">
          <value>172.58248620000</value>
        </Data>
        <Data name="y">
          <value>-43.54371370000</value>
        </Data>
      </ExtendedData>
      <Point>
        <coordinates>
          172.5824862,-43.5437137,0
        </coordinates>
      </Point>
    </Placemark>
    <Placemark>
      <name><![CDATA[CJ's Takeways]]></name>
      <description><![CDATA[type: fast_food<br>Source: Open Street Map: http://www.openstreetmap.org.nz/<br>Update: 21/01/2019<br>x: 172.59378140000<br>y: -43.54444880000]]></description>
      <styleUrl>#icon-1577-795548</styleUrl>
      <ExtendedData>
        <Data name="type">
          <value>fast_food</value>
        </Data>
        <Data name="Source">
          <value>Open Street Map: http://www.openstreetmap.org.nz/</value>
        </Data>
        <Data name="Update">
          <value>21/01/2019</value>
        </Data>
        <Data name="x">
          <value>172.59378140000</value>
        </Data>
        <Data name="y">
          <value>-43.54444880000</value>
        </Data>
      </ExtendedData>
      <Point>
        <coordinates>
          172.5937814,-43.5444488,0
        </coordinates>
      </Point>
    </Placemark>
    <Placemark>
      <name>Sushi Ball House</name>
      <description><![CDATA[type: fast_food<br>Source: Open Street Map: http://www.openstreetmap.org.nz/<br>Update: 21/01/2019<br>x: 172.59412700000<br>y: -43.55439380000]]></description>
      <styleUrl>#icon-1577-795548</styleUrl>
      <ExtendedData>
        <Data name="type">
          <value>fast_food</value>
        </Data>
        <Data name="Source">
          <value>Open Street Map: http://www.openstreetmap.org.nz/</value>
        </Data>
        <Data name="Update">
          <value>21/01/2019</value>
        </Data>
        <Data name="x">
          <value>172.59412700000</value>
        </Data>
        <Data name="y">
          <value>-43.55439380000</value>
        </Data>
      </ExtendedData>
      <Point>
        <coordinates>
          172.594127,-43.5543938,0
        </coordinates>
      </Point>
    </Placemark>
    <Placemark>
      <name>Tasty Pizza</name>
      <description><![CDATA[type: fast_food<br>Source: Open Street Map: http://www.openstreetmap.org.nz/<br>Update: 21/01/2019<br>x: 172.59401900000<br>y: -43.55433130000]]></description>
      <styleUrl>#icon-1577-795548</styleUrl>
      <ExtendedData>
        <Data name="type">
          <value>fast_food</value>
        </Data>
        <Data name="Source">
          <value>Open Street Map: http://www.openstreetmap.org.nz/</value>
        </Data>
        <Data name="Update">
          <value>21/01/2019</value>
        </Data>
        <Data name="x">
          <value>172.59401900000</value>
        </Data>
        <Data name="y">
          <value>-43.55433130000</value>
        </Data>
      </ExtendedData>
      <Point>
        <coordinates>
          172.594019,-43.5543313,0
        </coordinates>
      </Point>
    </Placemark>
    <Placemark>
      <name><![CDATA[McDonald's]]></name>
      <description><![CDATA[type: fast_food<br>Source: Open Street Map: http://www.openstreetmap.org.nz/<br>Update: 21/01/2019<br>x: 172.67327170000<br>y: -43.30849960000]]></description>
      <styleUrl>#icon-1577-795548</styleUrl>
      <ExtendedData>
        <Data name="type">
          <value>fast_food</value>
        </Data>
        <Data name="Source">
          <value>Open Street Map: http://www.openstreetmap.org.nz/</value>
        </Data>
        <Data name="Update">
          <value>21/01/2019</value>
        </Data>
        <Data name="x">
          <value>172.67327170000</value>
        </Data>
        <Data name="y">
          <value>-43.30849960000</value>
        </Data>
      </ExtendedData>
      <Point>
        <coordinates>
          172.6732717,-43.3084996,0
        </coordinates>
      </Point>
    </Placemark>
    <Placemark>
      <name/>
      <description><![CDATA[type: food_court<br>Source: Open Street Map: http://www.openstreetmap.org.nz/<br>Update: 21/01/2019<br>x: 172.63634310000<br>y: -43.53473330000]]></description>
      <styleUrl>#icon-1577-795548</styleUrl>
      <ExtendedData>
        <Data name="type">
          <value>food_court</value>
        </Data>
        <Data name="Source">
          <value>Open Street Map: http://www.openstreetmap.org.nz/</value>
        </Data>
        <Data name="Update">
          <value>21/01/2019</value>
        </Data>
        <Data name="x">
          <value>172.63634310000</value>
        </Data>
        <Data name="y">
          <value>-43.53473330000</value>
        </Data>
      </ExtendedData>
      <Point>
        <coordinates>
          172.6363431,-43.5347333,0
        </coordinates>
      </Point>
    </Placemark>
    <Placemark>
      <name>Equestrian Hotel</name>
      <description><![CDATA[type: pub<br>Source: Open Street Map: http://www.openstreetmap.org.nz/<br>Update: 21/01/2019<br>x: 172.52617936800<br>y: -43.54439547210]]></description>
      <styleUrl>#icon-1577-795548</styleUrl>
      <ExtendedData>
        <Data name="type">
          <value>pub</value>
        </Data>
        <Data name="Source">
          <value>Open Street Map: http://www.openstreetmap.org.nz/</value>
        </Data>
        <Data name="Update">
          <value>21/01/2019</value>
        </Data>
        <Data name="x">
          <value>172.52617936800</value>
        </Data>
        <Data name="y">
          <value>-43.54439547210</value>
        </Data>
      </ExtendedData>
      <Point>
        <coordinates>
          172.526179368,-43.5443954721,0
        </coordinates>
      </Point>
    </Placemark>
    <Placemark>
      <name>Becks Southern Alehouse</name>
      <description><![CDATA[type: pub<br>Source: Open Street Map: http://www.openstreetmap.org.nz/<br>Update: 21/01/2019<br>x: 172.63656395900<br>y: -43.55666866140]]></description>
      <styleUrl>#icon-1577-795548</styleUrl>
      <ExtendedData>
        <Data name="type">
          <value>pub</value>
        </Data>
        <Data name="Source">
          <value>Open Street Map: http://www.openstreetmap.org.nz/</value>
        </Data>
        <Data name="Update">
          <value>21/01/2019</value>
        </Data>
        <Data name="x">
          <value>172.63656395900</value>
        </Data>
        <Data name="y">
          <value>-43.55666866140</value>
        </Data>
      </ExtendedData>
      <Point>
        <coordinates>
          172.636563959,-43.5566686614,0
        </coordinates>
      </Point>
    </Placemark>
    <Placemark>
      <name>The Institution</name>
      <description><![CDATA[type: pub<br>Source: Open Street Map: http://www.openstreetmap.org.nz/<br>Update: 21/01/2019<br>x: 172.63883115000<br>y: -43.52919030000]]></description>
      <styleUrl>#icon-1577-795548</styleUrl>
      <ExtendedData>
        <Data name="type">
          <value>pub</value>
        </Data>
        <Data name="Source">
          <value>Open Street Map: http://www.openstreetmap.org.nz/</value>
        </Data>
        <Data name="Update">
          <value>21/01/2019</value>
        </Data>
        <Data name="x">
          <value>172.63883115000</value>
        </Data>
        <Data name="y">
          <value>-43.52919030000</value>
        </Data>
      </ExtendedData>
      <Point>
        <coordinates>
          172.63883115,-43.5291903,0
        </coordinates>
      </Point>
    </Placemark>
    <Placemark>
      <name>Eruption Brewing</name>
      <description><![CDATA[type: pub<br>Source: Open Street Map: http://www.openstreetmap.org.nz/<br>Update: 21/01/2019<br>x: 172.72150284900<br>y: -43.60251218420]]></description>
      <styleUrl>#icon-1577-795548</styleUrl>
      <ExtendedData>
        <Data name="type">
          <value>pub</value>
        </Data>
        <Data name="Source">
          <value>Open Street Map: http://www.openstreetmap.org.nz/</value>
        </Data>
        <Data name="Update">
          <value>21/01/2019</value>
        </Data>
        <Data name="x">
          <value>172.72150284900</value>
        </Data>
        <Data name="y">
          <value>-43.60251218420</value>
        </Data>
      </ExtendedData>
      <Point>
        <coordinates>
          172.721502849,-43.6025121842,0
        </coordinates>
      </Point>
    </Placemark>
    <Placemark>
      <name>The Lyttelton Arms</name>
      <description><![CDATA[type: pub<br>Source: Open Street Map: http://www.openstreetmap.org.nz/<br>Update: 21/01/2019<br>x: 172.72166730000<br>y: -43.60292745000]]></description>
      <styleUrl>#icon-1577-795548</styleUrl>
      <ExtendedData>
        <Data name="type">
          <value>pub</value>
        </Data>
        <Data name="Source">
          <value>Open Street Map: http://www.openstreetmap.org.nz/</value>
        </Data>
        <Data name="Update">
          <value>21/01/2019</value>
        </Data>
        <Data name="x">
          <value>172.72166730000</value>
        </Data>
        <Data name="y">
          <value>-43.60292745000</value>
        </Data>
      </ExtendedData>
      <Point>
        <coordinates>
          172.7216673,-43.60292745,0
        </coordinates>
      </Point>
    </Placemark>
    <Placemark>
      <name>Pegasus Arms</name>
      <description><![CDATA[type: pub<br>Source: Open Street Map: http://www.openstreetmap.org.nz/<br>Update: 21/01/2019<br>x: 172.62844889500<br>y: -43.53478330090]]></description>
      <styleUrl>#icon-1577-795548</styleUrl>
      <ExtendedData>
        <Data name="type">
          <value>pub</value>
        </Data>
        <Data name="Source">
          <value>Open Street Map: http://www.openstreetmap.org.nz/</value>
        </Data>
        <Data name="Update">
          <value>21/01/2019</value>
        </Data>
        <Data name="x">
          <value>172.62844889500</value>
        </Data>
        <Data name="y">
          <value>-43.53478330090</value>
        </Data>
      </ExtendedData>
      <Point>
        <coordinates>
          172.628448895,-43.5347833009,0
        </coordinates>
      </Point>
    </Placemark>
    <Placemark>
      <name>Speights Ale House</name>
      <description><![CDATA[type: pub<br>Source: Open Street Map: http://www.openstreetmap.org.nz/<br>Update: 21/01/2019<br>x: 172.69780390000<br>y: -43.55593050000]]></description>
      <styleUrl>#icon-1577-795548</styleUrl>
      <ExtendedData>
        <Data name="type">
          <value>pub</value>
        </Data>
        <Data name="Source">
          <value>Open Street Map: http://www.openstreetmap.org.nz/</value>
        </Data>
        <Data name="Update">
          <value>21/01/2019</value>
        </Data>
        <Data name="x">
          <value>172.69780390000</value>
        </Data>
        <Data name="y">
          <value>-43.55593050000</value>
        </Data>
      </ExtendedData>
      <Point>
        <coordinates>
          172.6978039,-43.5559305,0
        </coordinates>
      </Point>
    </Placemark>
    <Placemark>
      <name>The Bog</name>
      <description><![CDATA[type: pub<br>Source: Open Street Map: http://www.openstreetmap.org.nz/<br>Update: 21/01/2019<br>x: 172.63212687200<br>y: -43.52525831020]]></description>
      <styleUrl>#icon-1577-795548</styleUrl>
      <ExtendedData>
        <Data name="type">
          <value>pub</value>
        </Data>
        <Data name="Source">
          <value>Open Street Map: http://www.openstreetmap.org.nz/</value>
        </Data>
        <Data name="Update">
          <value>21/01/2019</value>
        </Data>
        <Data name="x">
          <value>172.63212687200</value>
        </Data>
        <Data name="y">
          <value>-43.52525831020</value>
        </Data>
      </ExtendedData>
      <Point>
        <coordinates>
          172.632126872,-43.5252583102,0
        </coordinates>
      </Point>
    </Placemark>
    <Placemark>
      <name>The Valley Inn</name>
      <description><![CDATA[type: pub<br>Source: Open Street Map: http://www.openstreetmap.org.nz/<br>Update: 21/01/2019<br>x: 172.70849572900<br>y: -43.57733384870]]></description>
      <styleUrl>#icon-1577-795548</styleUrl>
      <ExtendedData>
        <Data name="type">
          <value>pub</value>
        </Data>
        <Data name="Source">
          <value>Open Street Map: http://www.openstreetmap.org.nz/</value>
        </Data>
        <Data name="Update">
          <value>21/01/2019</value>
        </Data>
        <Data name="x">
          <value>172.70849572900</value>
        </Data>
        <Data name="y">
          <value>-43.57733384870</value>
        </Data>
      </ExtendedData>
      <Point>
        <coordinates>
          172.708495729,-43.5773338487,0
        </coordinates>
      </Point>
    </Placemark>
    <Placemark>
      <name>The Brewery</name>
      <description><![CDATA[type: pub<br>Source: Open Street Map: http://www.openstreetmap.org.nz/<br>Update: 21/01/2019<br>x: 172.68036665000<br>y: -43.55679300000]]></description>
      <styleUrl>#icon-1577-795548</styleUrl>
      <ExtendedData>
        <Data name="type">
          <value>pub</value>
        </Data>
        <Data name="Source">
          <value>Open Street Map: http://www.openstreetmap.org.nz/</value>
        </Data>
        <Data name="Update">
          <value>21/01/2019</value>
        </Data>
        <Data name="x">
          <value>172.68036665000</value>
        </Data>
        <Data name="y">
          <value>-43.55679300000</value>
        </Data>
      </ExtendedData>
      <Point>
        <coordinates>
          172.68036665,-43.556793,0
        </coordinates>
      </Point>
    </Placemark>
    <Placemark>
      <name>The Mak Tavern</name>
      <description><![CDATA[type: pub<br>Source: Open Street Map: http://www.openstreetmap.org.nz/<br>Update: 21/01/2019<br>x: 172.65314455200<br>y: -43.41875502110]]></description>
      <styleUrl>#icon-1577-795548</styleUrl>
      <ExtendedData>
        <Data name="type">
          <value>pub</value>
        </Data>
        <Data name="Source">
          <value>Open Street Map: http://www.openstreetmap.org.nz/</value>
        </Data>
        <Data name="Update">
          <value>21/01/2019</value>
        </Data>
        <Data name="x">
          <value>172.65314455200</value>
        </Data>
        <Data name="y">
          <value>-43.41875502110</value>
        </Data>
      </ExtendedData>
      <Point>
        <coordinates>
          172.653144552,-43.4187550211,0
        </coordinates>
      </Point>
    </Placemark>
    <Placemark>
      <name>Forty Two</name>
      <description><![CDATA[type: pub<br>Source: Open Street Map: http://www.openstreetmap.org.nz/<br>Update: 21/01/2019<br>x: 172.72082164900<br>y: -43.60229239670]]></description>
      <styleUrl>#icon-1577-795548</styleUrl>
      <ExtendedData>
        <Data name="type">
          <value>pub</value>
        </Data>
        <Data name="Source">
          <value>Open Street Map: http://www.openstreetmap.org.nz/</value>
        </Data>
        <Data name="Update">
          <value>21/01/2019</value>
        </Data>
        <Data name="x">
          <value>172.72082164900</value>
        </Data>
        <Data name="y">
          <value>-43.60229239670</value>
        </Data>
      </ExtendedData>
      <Point>
        <coordinates>
          172.720821649,-43.6022923967,0
        </coordinates>
      </Point>
    </Placemark>
    <Placemark>
      <name><![CDATA[Pomeroy's]]></name>
      <description><![CDATA[type: pub<br>Source: Open Street Map: http://www.openstreetmap.org.nz/<br>Update: 21/01/2019<br>x: 172.64973151100<br>y: -43.52672175140]]></description>
      <styleUrl>#icon-1577-795548</styleUrl>
      <ExtendedData>
        <Data name="type">
          <value>pub</value>
        </Data>
        <Data name="Source">
          <value>Open Street Map: http://www.openstreetmap.org.nz/</value>
        </Data>
        <Data name="Update">
          <value>21/01/2019</value>
        </Data>
        <Data name="x">
          <value>172.64973151100</value>
        </Data>
        <Data name="y">
          <value>-43.52672175140</value>
        </Data>
      </ExtendedData>
      <Point>
        <coordinates>
          172.649731511,-43.5267217514,0
        </coordinates>
      </Point>
    </Placemark>
    <Placemark>
      <name>Smash Palace</name>
      <description><![CDATA[type: pub<br>Source: Open Street Map: http://www.openstreetmap.org.nz/<br>Update: 21/01/2019<br>x: 172.64089067000<br>y: -43.53467316330]]></description>
      <styleUrl>#icon-1577-795548</styleUrl>
      <ExtendedData>
        <Data name="type">
          <value>pub</value>
        </Data>
        <Data name="Source">
          <value>Open Street Map: http://www.openstreetmap.org.nz/</value>
        </Data>
        <Data name="Update">
          <value>21/01/2019</value>
        </Data>
        <Data name="x">
          <value>172.64089067000</value>
        </Data>
        <Data name="y">
          <value>-43.53467316330</value>
        </Data>
      </ExtendedData>
      <Point>
        <coordinates>
          172.64089067,-43.5346731633,0
        </coordinates>
      </Point>
    </Placemark>
    <Placemark>
      <name>Volstead Trading Company</name>
      <description><![CDATA[type: pub<br>Source: Open Street Map: http://www.openstreetmap.org.nz/<br>Update: 21/01/2019<br>x: 172.60723943700<br>y: -43.52963158290]]></description>
      <styleUrl>#icon-1577-795548</styleUrl>
      <ExtendedData>
        <Data name="type">
          <value>pub</value>
        </Data>
        <Data name="Source">
          <value>Open Street Map: http://www.openstreetmap.org.nz/</value>
        </Data>
        <Data name="Update">
          <value>21/01/2019</value>
        </Data>
        <Data name="x">
          <value>172.60723943700</value>
        </Data>
        <Data name="y">
          <value>-43.52963158290</value>
        </Data>
      </ExtendedData>
      <Point>
        <coordinates>
          172.607239437,-43.5296315829,0
        </coordinates>
      </Point>
    </Placemark>
    <Placemark>
      <name>The Twisted Hop</name>
      <description><![CDATA[type: pub<br>Source: Open Street Map: http://www.openstreetmap.org.nz/<br>Update: 21/01/2019<br>x: 172.68292395200<br>y: -43.54955423110]]></description>
      <styleUrl>#icon-1577-795548</styleUrl>
      <ExtendedData>
        <Data name="type">
          <value>pub</value>
        </Data>
        <Data name="Source">
          <value>Open Street Map: http://www.openstreetmap.org.nz/</value>
        </Data>
        <Data name="Update">
          <value>21/01/2019</value>
        </Data>
        <Data name="x">
          <value>172.68292395200</value>
        </Data>
        <Data name="y">
          <value>-43.54955423110</value>
        </Data>
      </ExtendedData>
      <Point>
        <coordinates>
          172.682923952,-43.5495542311,0
        </coordinates>
      </Point>
    </Placemark>
    <Placemark>
      <name>The Foundry</name>
      <description><![CDATA[type: pub<br>Source: Open Street Map: http://www.openstreetmap.org.nz/<br>Update: 21/01/2019<br>x: 172.58026527000<br>y: -43.52502953530]]></description>
      <styleUrl>#icon-1577-795548</styleUrl>
      <ExtendedData>
        <Data name="type">
          <value>pub</value>
        </Data>
        <Data name="Source">
          <value>Open Street Map: http://www.openstreetmap.org.nz/</value>
        </Data>
        <Data name="Update">
          <value>21/01/2019</value>
        </Data>
        <Data name="x">
          <value>172.58026527000</value>
        </Data>
        <Data name="y">
          <value>-43.52502953530</value>
        </Data>
      </ExtendedData>
      <Point>
        <coordinates>
          172.58026527,-43.5250295353,0
        </coordinates>
      </Point>
    </Placemark>
    <Placemark>
      <name>The Shed (KA01)</name>
      <description><![CDATA[type: pub<br>Source: Open Street Map: http://www.openstreetmap.org.nz/<br>Update: 21/01/2019<br>x: 172.58385103600<br>y: -43.52720273170]]></description>
      <styleUrl>#icon-1577-795548</styleUrl>
      <ExtendedData>
        <Data name="type">
          <value>pub</value>
        </Data>
        <Data name="Source">
          <value>Open Street Map: http://www.openstreetmap.org.nz/</value>
        </Data>
        <Data name="Update">
          <value>21/01/2019</value>
        </Data>
        <Data name="x">
          <value>172.58385103600</value>
        </Data>
        <Data name="y">
          <value>-43.52720273170</value>
        </Data>
      </ExtendedData>
      <Point>
        <coordinates>
          172.583851036,-43.5272027317,0
        </coordinates>
      </Point>
    </Placemark>
    <Placemark>
      <name>The Turf</name>
      <description><![CDATA[type: pub<br>Source: Open Street Map: http://www.openstreetmap.org.nz/<br>Update: 21/01/2019<br>x: 172.69854225600<br>y: -43.48127517240]]></description>
      <styleUrl>#icon-1577-795548</styleUrl>
      <ExtendedData>
        <Data name="type">
          <value>pub</value>
        </Data>
        <Data name="Source">
          <value>Open Street Map: http://www.openstreetmap.org.nz/</value>
        </Data>
        <Data name="Update">
          <value>21/01/2019</value>
        </Data>
        <Data name="x">
          <value>172.69854225600</value>
        </Data>
        <Data name="y">
          <value>-43.48127517240</value>
        </Data>
      </ExtendedData>
      <Point>
        <coordinates>
          172.698542256,-43.4812751724,0
        </coordinates>
      </Point>
    </Placemark>
    <Placemark>
      <name/>
      <description><![CDATA[type: pub<br>Source: Open Street Map: http://www.openstreetmap.org.nz/<br>Update: 21/01/2019<br>x: 172.63880454700<br>y: -43.53407249860]]></description>
      <styleUrl>#icon-1577-795548</styleUrl>
      <ExtendedData>
        <Data name="type">
          <value>pub</value>
        </Data>
        <Data name="Source">
          <value>Open Street Map: http://www.openstreetmap.org.nz/</value>
        </Data>
        <Data name="Update">
          <value>21/01/2019</value>
        </Data>
        <Data name="x">
          <value>172.63880454700</value>
        </Data>
        <Data name="y">
          <value>-43.53407249860</value>
        </Data>
      </ExtendedData>
      <Point>
        <coordinates>
          172.638804547,-43.5340724986,0
        </coordinates>
      </Point>
    </Placemark>
    <Placemark>
      <name><![CDATA[JR's]]></name>
      <description><![CDATA[type: pub<br>Source: Open Street Map: http://www.openstreetmap.org.nz/<br>Update: 21/01/2019<br>x: 172.59727710000<br>y: -43.30328120000]]></description>
      <styleUrl>#icon-1577-795548</styleUrl>
      <ExtendedData>
        <Data name="type">
          <value>pub</value>
        </Data>
        <Data name="Source">
          <value>Open Street Map: http://www.openstreetmap.org.nz/</value>
        </Data>
        <Data name="Update">
          <value>21/01/2019</value>
        </Data>
        <Data name="x">
          <value>172.59727710000</value>
        </Data>
        <Data name="y">
          <value>-43.30328120000</value>
        </Data>
      </ExtendedData>
      <Point>
        <coordinates>
          172.5972771,-43.3032812,0
        </coordinates>
      </Point>
    </Placemark>
    <Placemark>
      <name><![CDATA[Oxford Working Men's Club]]></name>
      <description><![CDATA[type: pub<br>Source: Open Street Map: http://www.openstreetmap.org.nz/<br>Update: 21/01/2019<br>x: 172.19790914100<br>y: -43.29375487120]]></description>
      <styleUrl>#icon-1577-795548</styleUrl>
      <ExtendedData>
        <Data name="type">
          <value>pub</value>
        </Data>
        <Data name="Source">
          <value>Open Street Map: http://www.openstreetmap.org.nz/</value>
        </Data>
        <Data name="Update">
          <value>21/01/2019</value>
        </Data>
        <Data name="x">
          <value>172.19790914100</value>
        </Data>
        <Data name="y">
          <value>-43.29375487120</value>
        </Data>
      </ExtendedData>
      <Point>
        <coordinates>
          172.197909141,-43.2937548712,0
        </coordinates>
      </Point>
    </Placemark>
    <Placemark>
      <name><![CDATA[Jack & Bowl]]></name>
      <description><![CDATA[type: pub<br>Source: Open Street Map: http://www.openstreetmap.org.nz/<br>Update: 21/01/2019<br>x: 172.65502908400<br>y: -43.54778714310]]></description>
      <styleUrl>#icon-1577-795548</styleUrl>
      <ExtendedData>
        <Data name="type">
          <value>pub</value>
        </Data>
        <Data name="Source">
          <value>Open Street Map: http://www.openstreetmap.org.nz/</value>
        </Data>
        <Data name="Update">
          <value>21/01/2019</value>
        </Data>
        <Data name="x">
          <value>172.65502908400</value>
        </Data>
        <Data name="y">
          <value>-43.54778714310</value>
        </Data>
      </ExtendedData>
      <Point>
        <coordinates>
          172.655029084,-43.5477871431,0
        </coordinates>
      </Point>
    </Placemark>
    <Placemark>
      <name>The Fox Hole Cafe</name>
      <description><![CDATA[type: pub<br>Source: Open Street Map: http://www.openstreetmap.org.nz/<br>Update: 21/01/2019<br>x: 172.75831568900<br>y: -43.56763150150]]></description>
      <styleUrl>#icon-1577-795548</styleUrl>
      <ExtendedData>
        <Data name="type">
          <value>pub</value>
        </Data>
        <Data name="Source">
          <value>Open Street Map: http://www.openstreetmap.org.nz/</value>
        </Data>
        <Data name="Update">
          <value>21/01/2019</value>
        </Data>
        <Data name="x">
          <value>172.75831568900</value>
        </Data>
        <Data name="y">
          <value>-43.56763150150</value>
        </Data>
      </ExtendedData>
      <Point>
        <coordinates>
          172.758315689,-43.5676315015,0
        </coordinates>
      </Point>
    </Placemark>
    <Placemark>
      <name>The Brickworks</name>
      <description><![CDATA[type: pub<br>Source: Open Street Map: http://www.openstreetmap.org.nz/<br>Update: 21/01/2019<br>x: 172.64624453800<br>y: -43.56759965450]]></description>
      <styleUrl>#icon-1577-795548</styleUrl>
      <ExtendedData>
        <Data name="type">
          <value>pub</value>
        </Data>
        <Data name="Source">
          <value>Open Street Map: http://www.openstreetmap.org.nz/</value>
        </Data>
        <Data name="Update">
          <value>21/01/2019</value>
        </Data>
        <Data name="x">
          <value>172.64624453800</value>
        </Data>
        <Data name="y">
          <value>-43.56759965450</value>
        </Data>
      </ExtendedData>
      <Point>
        <coordinates>
          172.646244538,-43.5675996545,0
        </coordinates>
      </Point>
    </Placemark>
    <Placemark>
      <name>The Sideline Sports Bar</name>
      <description><![CDATA[type: pub<br>Source: Open Street Map: http://www.openstreetmap.org.nz/<br>Update: 21/01/2019<br>x: 172.65608946400<br>y: -43.51839042960]]></description>
      <styleUrl>#icon-1577-795548</styleUrl>
      <ExtendedData>
        <Data name="type">
          <value>pub</value>
        </Data>
        <Data name="Source">
          <value>Open Street Map: http://www.openstreetmap.org.nz/</value>
        </Data>
        <Data name="Update">
          <value>21/01/2019</value>
        </Data>
        <Data name="x">
          <value>172.65608946400</value>
        </Data>
        <Data name="y">
          <value>-43.51839042960</value>
        </Data>
      </ExtendedData>
      <Point>
        <coordinates>
          172.656089464,-43.5183904296,0
        </coordinates>
      </Point>
    </Placemark>
    <Placemark>
      <name>Sullivans</name>
      <description><![CDATA[type: pub<br>Source: Open Street Map: http://www.openstreetmap.org.nz/<br>Update: 21/01/2019<br>x: 172.61118778300<br>y: -43.54367856930]]></description>
      <styleUrl>#icon-1577-795548</styleUrl>
      <ExtendedData>
        <Data name="type">
          <value>pub</value>
        </Data>
        <Data name="Source">
          <value>Open Street Map: http://www.openstreetmap.org.nz/</value>
        </Data>
        <Data name="Update">
          <value>21/01/2019</value>
        </Data>
        <Data name="x">
          <value>172.61118778300</value>
        </Data>
        <Data name="y">
          <value>-43.54367856930</value>
        </Data>
      </ExtendedData>
      <Point>
        <coordinates>
          172.611187783,-43.5436785693,0
        </coordinates>
      </Point>
    </Placemark>
    <Placemark>
      <name>Smash Palace</name>
      <description><![CDATA[type: pub<br>Source: Open Street Map: http://www.openstreetmap.org.nz/<br>Update: 21/01/2019<br>x: 172.64066097000<br>y: -43.53456639200]]></description>
      <styleUrl>#icon-1577-795548</styleUrl>
      <ExtendedData>
        <Data name="type">
          <value>pub</value>
        </Data>
        <Data name="Source">
          <value>Open Street Map: http://www.openstreetmap.org.nz/</value>
        </Data>
        <Data name="Update">
          <value>21/01/2019</value>
        </Data>
        <Data name="x">
          <value>172.64066097000</value>
        </Data>
        <Data name="y">
          <value>-43.53456639200</value>
        </Data>
      </ExtendedData>
      <Point>
        <coordinates>
          172.64066097,-43.534566392,0
        </coordinates>
      </Point>
    </Placemark>
    <Placemark>
      <name>Nuggets</name>
      <description><![CDATA[type: pub<br>Source: Open Street Map: http://www.openstreetmap.org.nz/<br>Update: 21/01/2019<br>x: 172.67275810700<br>y: -43.53299146700]]></description>
      <styleUrl>#icon-1577-795548</styleUrl>
      <ExtendedData>
        <Data name="type">
          <value>pub</value>
        </Data>
        <Data name="Source">
          <value>Open Street Map: http://www.openstreetmap.org.nz/</value>
        </Data>
        <Data name="Update">
          <value>21/01/2019</value>
        </Data>
        <Data name="x">
          <value>172.67275810700</value>
        </Data>
        <Data name="y">
          <value>-43.53299146700</value>
        </Data>
      </ExtendedData>
      <Point>
        <coordinates>
          172.672758107,-43.532991467,0
        </coordinates>
      </Point>
    </Placemark>
    <Placemark>
      <name>Ashley Hotel</name>
      <description><![CDATA[type: pub<br>Source: Open Street Map: http://www.openstreetmap.org.nz/<br>Update: 21/01/2019<br>x: 172.59942830000<br>y: -43.27575110000]]></description>
      <styleUrl>#icon-1577-795548</styleUrl>
      <ExtendedData>
        <Data name="type">
          <value>pub</value>
        </Data>
        <Data name="Source">
          <value>Open Street Map: http://www.openstreetmap.org.nz/</value>
        </Data>
        <Data name="Update">
          <value>21/01/2019</value>
        </Data>
        <Data name="x">
          <value>172.59942830000</value>
        </Data>
        <Data name="y">
          <value>-43.27575110000</value>
        </Data>
      </ExtendedData>
      <Point>
        <coordinates>
          172.5994283,-43.2757511,0
        </coordinates>
      </Point>
    </Placemark>
    <Placemark>
      <name>Anglers Arms Tavern</name>
      <description><![CDATA[type: pub<br>Source: Open Street Map: http://www.openstreetmap.org.nz/<br>Update: 21/01/2019<br>x: 172.66883590000<br>y: -43.24838770000]]></description>
      <styleUrl>#icon-1577-795548</styleUrl>
      <ExtendedData>
        <Data name="type">
          <value>pub</value>
        </Data>
        <Data name="Source">
          <value>Open Street Map: http://www.openstreetmap.org.nz/</value>
        </Data>
        <Data name="Update">
          <value>21/01/2019</value>
        </Data>
        <Data name="x">
          <value>172.66883590000</value>
        </Data>
        <Data name="y">
          <value>-43.24838770000</value>
        </Data>
      </ExtendedData>
      <Point>
        <coordinates>
          172.6688359,-43.2483877,0
        </coordinates>
      </Point>
    </Placemark>
    <Placemark>
      <name><![CDATA[Craythorne's Public House]]></name>
      <description><![CDATA[type: pub<br>Source: Open Street Map: http://www.openstreetmap.org.nz/<br>Update: 21/01/2019<br>x: 172.56649190000<br>y: -43.57946030000]]></description>
      <styleUrl>#icon-1577-795548</styleUrl>
      <ExtendedData>
        <Data name="type">
          <value>pub</value>
        </Data>
        <Data name="Source">
          <value>Open Street Map: http://www.openstreetmap.org.nz/</value>
        </Data>
        <Data name="Update">
          <value>21/01/2019</value>
        </Data>
        <Data name="x">
          <value>172.56649190000</value>
        </Data>
        <Data name="y">
          <value>-43.57946030000</value>
        </Data>
      </ExtendedData>
      <Point>
        <coordinates>
          172.5664919,-43.5794603,0
        </coordinates>
      </Point>
    </Placemark>
    <Placemark>
      <name/>
      <description><![CDATA[type: pub<br>Source: Open Street Map: http://www.openstreetmap.org.nz/<br>Update: 21/01/2019<br>x: 172.56775250000<br>y: -43.57441440000]]></description>
      <styleUrl>#icon-1577-795548</styleUrl>
      <ExtendedData>
        <Data name="type">
          <value>pub</value>
        </Data>
        <Data name="Source">
          <value>Open Street Map: http://www.openstreetmap.org.nz/</value>
        </Data>
        <Data name="Update">
          <value>21/01/2019</value>
        </Data>
        <Data name="x">
          <value>172.56775250000</value>
        </Data>
        <Data name="y">
          <value>-43.57441440000</value>
        </Data>
      </ExtendedData>
      <Point>
        <coordinates>
          172.5677525,-43.5744144,0
        </coordinates>
      </Point>
    </Placemark>
    <Placemark>
      <name/>
      <description><![CDATA[type: pub<br>Source: Open Street Map: http://www.openstreetmap.org.nz/<br>Update: 21/01/2019<br>x: 172.47437060000<br>y: -43.55566820000]]></description>
      <styleUrl>#icon-1577-795548</styleUrl>
      <ExtendedData>
        <Data name="type">
          <value>pub</value>
        </Data>
        <Data name="Source">
          <value>Open Street Map: http://www.openstreetmap.org.nz/</value>
        </Data>
        <Data name="Update">
          <value>21/01/2019</value>
        </Data>
        <Data name="x">
          <value>172.47437060000</value>
        </Data>
        <Data name="y">
          <value>-43.55566820000</value>
        </Data>
      </ExtendedData>
      <Point>
        <coordinates>
          172.4743706,-43.5556682,0
        </coordinates>
      </Point>
    </Placemark>
    <Placemark>
      <name>West Melton Hotel</name>
      <description><![CDATA[type: pub<br>Source: Open Street Map: http://www.openstreetmap.org.nz/<br>Update: 21/01/2019<br>x: 172.36925600000<br>y: -43.52435890000]]></description>
      <styleUrl>#icon-1577-795548</styleUrl>
      <ExtendedData>
        <Data name="type">
          <value>pub</value>
        </Data>
        <Data name="Source">
          <value>Open Street Map: http://www.openstreetmap.org.nz/</value>
        </Data>
        <Data name="Update">
          <value>21/01/2019</value>
        </Data>
        <Data name="x">
          <value>172.36925600000</value>
        </Data>
        <Data name="y">
          <value>-43.52435890000</value>
        </Data>
      </ExtendedData>
      <Point>
        <coordinates>
          172.369256,-43.5243589,0
        </coordinates>
      </Point>
    </Placemark>
    <Placemark>
      <name><![CDATA[Elevate Bar & Restaurant]]></name>
      <description><![CDATA[type: pub<br>Source: Open Street Map: http://www.openstreetmap.org.nz/<br>Update: 21/01/2019<br>x: 172.63540540000<br>y: -43.56742790000]]></description>
      <styleUrl>#icon-1577-795548</styleUrl>
      <ExtendedData>
        <Data name="type">
          <value>pub</value>
        </Data>
        <Data name="Source">
          <value>Open Street Map: http://www.openstreetmap.org.nz/</value>
        </Data>
        <Data name="Update">
          <value>21/01/2019</value>
        </Data>
        <Data name="x">
          <value>172.63540540000</value>
        </Data>
        <Data name="y">
          <value>-43.56742790000</value>
        </Data>
      </ExtendedData>
      <Point>
        <coordinates>
          172.6354054,-43.5674279,0
        </coordinates>
      </Point>
    </Placemark>
    <Placemark>
      <name>Amberley Hotel</name>
      <description><![CDATA[type: pub<br>Source: Open Street Map: http://www.openstreetmap.org.nz/<br>Update: 21/01/2019<br>x: 172.72950520000<br>y: -43.15299730000]]></description>
      <styleUrl>#icon-1577-795548</styleUrl>
      <ExtendedData>
        <Data name="type">
          <value>pub</value>
        </Data>
        <Data name="Source">
          <value>Open Street Map: http://www.openstreetmap.org.nz/</value>
        </Data>
        <Data name="Update">
          <value>21/01/2019</value>
        </Data>
        <Data name="x">
          <value>172.72950520000</value>
        </Data>
        <Data name="y">
          <value>-43.15299730000</value>
        </Data>
      </ExtendedData>
      <Point>
        <coordinates>
          172.7295052,-43.1529973,0
        </coordinates>
      </Point>
    </Placemark>
    <Placemark>
      <name>Fox and Ferret</name>
      <description><![CDATA[type: pub<br>Source: Open Street Map: http://www.openstreetmap.org.nz/<br>Update: 21/01/2019<br>x: 172.60058040000<br>y: -43.53038450000]]></description>
      <styleUrl>#icon-1577-795548</styleUrl>
      <ExtendedData>
        <Data name="type">
          <value>pub</value>
        </Data>
        <Data name="Source">
          <value>Open Street Map: http://www.openstreetmap.org.nz/</value>
        </Data>
        <Data name="Update">
          <value>21/01/2019</value>
        </Data>
        <Data name="x">
          <value>172.60058040000</value>
        </Data>
        <Data name="y">
          <value>-43.53038450000</value>
        </Data>
      </ExtendedData>
      <Point>
        <coordinates>
          172.6005804,-43.5303845,0
        </coordinates>
      </Point>
    </Placemark>
    <Placemark>
      <name>Waipara Hotel</name>
      <description><![CDATA[type: pub<br>Source: Open Street Map: http://www.openstreetmap.org.nz/<br>Update: 21/01/2019<br>x: 172.75396100000<br>y: -43.06507760000]]></description>
      <styleUrl>#icon-1577-795548</styleUrl>
      <ExtendedData>
        <Data name="type">
          <value>pub</value>
        </Data>
        <Data name="Source">
          <value>Open Street Map: http://www.openstreetmap.org.nz/</value>
        </Data>
        <Data name="Update">
          <value>21/01/2019</value>
        </Data>
        <Data name="x">
          <value>172.75396100000</value>
        </Data>
        <Data name="y">
          <value>-43.06507760000</value>
        </Data>
      </ExtendedData>
      <Point>
        <coordinates>
          172.753961,-43.0650776,0
        </coordinates>
      </Point>
    </Placemark>
    <Placemark>
      <name>McKenzies Hotel</name>
      <description><![CDATA[type: pub<br>Source: Open Street Map: http://www.openstreetmap.org.nz/<br>Update: 21/01/2019<br>x: 172.68582850000<br>y: -43.52379960000]]></description>
      <styleUrl>#icon-1577-795548</styleUrl>
      <ExtendedData>
        <Data name="type">
          <value>pub</value>
        </Data>
        <Data name="Source">
          <value>Open Street Map: http://www.openstreetmap.org.nz/</value>
        </Data>
        <Data name="Update">
          <value>21/01/2019</value>
        </Data>
        <Data name="x">
          <value>172.68582850000</value>
        </Data>
        <Data name="y">
          <value>-43.52379960000</value>
        </Data>
      </ExtendedData>
      <Point>
        <coordinates>
          172.6858285,-43.5237996,0
        </coordinates>
      </Point>
    </Placemark>
    <Placemark>
      <name>Watershed</name>
      <description><![CDATA[type: pub<br>Source: Open Street Map: http://www.openstreetmap.org.nz/<br>Update: 21/01/2019<br>x: 172.70502760000<br>y: -43.55676910000]]></description>
      <styleUrl>#icon-1577-795548</styleUrl>
      <ExtendedData>
        <Data name="type">
          <value>pub</value>
        </Data>
        <Data name="Source">
          <value>Open Street Map: http://www.openstreetmap.org.nz/</value>
        </Data>
        <Data name="Update">
          <value>21/01/2019</value>
        </Data>
        <Data name="x">
          <value>172.70502760000</value>
        </Data>
        <Data name="y">
          <value>-43.55676910000</value>
        </Data>
      </ExtendedData>
      <Point>
        <coordinates>
          172.7050276,-43.5567691,0
        </coordinates>
      </Point>
    </Placemark>
    <Placemark>
      <name>Claddagh</name>
      <description><![CDATA[type: pub<br>Source: Open Street Map: http://www.openstreetmap.org.nz/<br>Update: 21/01/2019<br>x: 172.70713740000<br>y: -43.55852140000]]></description>
      <styleUrl>#icon-1577-795548</styleUrl>
      <ExtendedData>
        <Data name="type">
          <value>pub</value>
        </Data>
        <Data name="Source">
          <value>Open Street Map: http://www.openstreetmap.org.nz/</value>
        </Data>
        <Data name="Update">
          <value>21/01/2019</value>
        </Data>
        <Data name="x">
          <value>172.70713740000</value>
        </Data>
        <Data name="y">
          <value>-43.55852140000</value>
        </Data>
      </ExtendedData>
      <Point>
        <coordinates>
          172.7071374,-43.5585214,0
        </coordinates>
      </Point>
    </Placemark>
    <Placemark>
      <name>Avonhead tavern</name>
      <description><![CDATA[type: pub<br>Source: Open Street Map: http://www.openstreetmap.org.nz/<br>Update: 21/01/2019<br>x: 172.55379490000<br>y: -43.51697690000]]></description>
      <styleUrl>#icon-1577-795548</styleUrl>
      <ExtendedData>
        <Data name="type">
          <value>pub</value>
        </Data>
        <Data name="Source">
          <value>Open Street Map: http://www.openstreetmap.org.nz/</value>
        </Data>
        <Data name="Update">
          <value>21/01/2019</value>
        </Data>
        <Data name="x">
          <value>172.55379490000</value>
        </Data>
        <Data name="y">
          <value>-43.51697690000</value>
        </Data>
      </ExtendedData>
      <Point>
        <coordinates>
          172.5537949,-43.5169769,0
        </coordinates>
      </Point>
    </Placemark>
    <Placemark>
      <name/>
      <description><![CDATA[type: pub<br>Source: Open Street Map: http://www.openstreetmap.org.nz/<br>Update: 21/01/2019<br>x: 172.66542990000<br>y: -43.32335500000]]></description>
      <styleUrl>#icon-1577-795548</styleUrl>
      <ExtendedData>
        <Data name="type">
          <value>pub</value>
        </Data>
        <Data name="Source">
          <value>Open Street Map: http://www.openstreetmap.org.nz/</value>
        </Data>
        <Data name="Update">
          <value>21/01/2019</value>
        </Data>
        <Data name="x">
          <value>172.66542990000</value>
        </Data>
        <Data name="y">
          <value>-43.32335500000</value>
        </Data>
      </ExtendedData>
      <Point>
        <coordinates>
          172.6654299,-43.323355,0
        </coordinates>
      </Point>
    </Placemark>
    <Placemark>
      <name/>
      <description><![CDATA[type: pub<br>Source: Open Street Map: http://www.openstreetmap.org.nz/<br>Update: 21/01/2019<br>x: 172.66656450000<br>y: -43.32846420000]]></description>
      <styleUrl>#icon-1577-795548</styleUrl>
      <ExtendedData>
        <Data name="type">
          <value>pub</value>
        </Data>
        <Data name="Source">
          <value>Open Street Map: http://www.openstreetmap.org.nz/</value>
        </Data>
        <Data name="Update">
          <value>21/01/2019</value>
        </Data>
        <Data name="x">
          <value>172.66656450000</value>
        </Data>
        <Data name="y">
          <value>-43.32846420000</value>
        </Data>
      </ExtendedData>
      <Point>
        <coordinates>
          172.6665645,-43.3284642,0
        </coordinates>
      </Point>
    </Placemark>
    <Placemark>
      <name/>
      <description><![CDATA[type: pub<br>Source: Open Street Map: http://www.openstreetmap.org.nz/<br>Update: 21/01/2019<br>x: 172.72454000000<br>y: -43.15263280000]]></description>
      <styleUrl>#icon-1577-795548</styleUrl>
      <ExtendedData>
        <Data name="type">
          <value>pub</value>
        </Data>
        <Data name="Source">
          <value>Open Street Map: http://www.openstreetmap.org.nz/</value>
        </Data>
        <Data name="Update">
          <value>21/01/2019</value>
        </Data>
        <Data name="x">
          <value>172.72454000000</value>
        </Data>
        <Data name="y">
          <value>-43.15263280000</value>
        </Data>
      </ExtendedData>
      <Point>
        <coordinates>
          172.72454,-43.1526328,0
        </coordinates>
      </Point>
    </Placemark>
    <Placemark>
      <name><![CDATA[Chats Bar & Cafe]]></name>
      <description><![CDATA[type: pub<br>Source: Open Street Map: http://www.openstreetmap.org.nz/<br>Update: 21/01/2019<br>x: 172.71056370000<br>y: -43.49485350000]]></description>
      <styleUrl>#icon-1577-795548</styleUrl>
      <ExtendedData>
        <Data name="type">
          <value>pub</value>
        </Data>
        <Data name="Source">
          <value>Open Street Map: http://www.openstreetmap.org.nz/</value>
        </Data>
        <Data name="Update">
          <value>21/01/2019</value>
        </Data>
        <Data name="x">
          <value>172.71056370000</value>
        </Data>
        <Data name="y">
          <value>-43.49485350000</value>
        </Data>
      </ExtendedData>
      <Point>
        <coordinates>
          172.7105637,-43.4948535,0
        </coordinates>
      </Point>
    </Placemark>
    <Placemark>
      <name>Little Brown Jug</name>
      <description><![CDATA[type: pub<br>Source: Open Street Map: http://www.openstreetmap.org.nz/<br>Update: 21/01/2019<br>x: 172.58599820000<br>y: -43.49928840000]]></description>
      <styleUrl>#icon-1577-795548</styleUrl>
      <ExtendedData>
        <Data name="type">
          <value>pub</value>
        </Data>
        <Data name="Source">
          <value>Open Street Map: http://www.openstreetmap.org.nz/</value>
        </Data>
        <Data name="Update">
          <value>21/01/2019</value>
        </Data>
        <Data name="x">
          <value>172.58599820000</value>
        </Data>
        <Data name="y">
          <value>-43.49928840000</value>
        </Data>
      </ExtendedData>
      <Point>
        <coordinates>
          172.5859982,-43.4992884,0
        </coordinates>
      </Point>
    </Placemark>
    <Placemark>
      <name>Bush Inn Tavern</name>
      <description><![CDATA[type: pub<br>Source: Open Street Map: http://www.openstreetmap.org.nz/<br>Update: 21/01/2019<br>x: 172.57440860000<br>y: -43.53119160000]]></description>
      <styleUrl>#icon-1577-795548</styleUrl>
      <ExtendedData>
        <Data name="type">
          <value>pub</value>
        </Data>
        <Data name="Source">
          <value>Open Street Map: http://www.openstreetmap.org.nz/</value>
        </Data>
        <Data name="Update">
          <value>21/01/2019</value>
        </Data>
        <Data name="x">
          <value>172.57440860000</value>
        </Data>
        <Data name="y">
          <value>-43.53119160000</value>
        </Data>
      </ExtendedData>
      <Point>
        <coordinates>
          172.5744086,-43.5311916,0
        </coordinates>
      </Point>
    </Placemark>
    <Placemark>
      <name>The Plough Hotel</name>
      <description><![CDATA[type: pub<br>Source: Open Street Map: http://www.openstreetmap.org.nz/<br>Update: 21/01/2019<br>x: 172.58396430000<br>y: -43.30465610000]]></description>
      <styleUrl>#icon-1577-795548</styleUrl>
      <ExtendedData>
        <Data name="type">
          <value>pub</value>
        </Data>
        <Data name="Source">
          <value>Open Street Map: http://www.openstreetmap.org.nz/</value>
        </Data>
        <Data name="Update">
          <value>21/01/2019</value>
        </Data>
        <Data name="x">
          <value>172.58396430000</value>
        </Data>
        <Data name="y">
          <value>-43.30465610000</value>
        </Data>
      </ExtendedData>
      <Point>
        <coordinates>
          172.5839643,-43.3046561,0
        </coordinates>
      </Point>
    </Placemark>
    <Placemark>
      <name>Endeavour Tavern</name>
      <description><![CDATA[type: pub<br>Source: Open Street Map: http://www.openstreetmap.org.nz/<br>Update: 21/01/2019<br>x: 172.71808130000<br>y: -43.49055420000]]></description>
      <styleUrl>#icon-1577-795548</styleUrl>
      <ExtendedData>
        <Data name="type">
          <value>pub</value>
        </Data>
        <Data name="Source">
          <value>Open Street Map: http://www.openstreetmap.org.nz/</value>
        </Data>
        <Data name="Update">
          <value>21/01/2019</value>
        </Data>
        <Data name="x">
          <value>172.71808130000</value>
        </Data>
        <Data name="y">
          <value>-43.49055420000</value>
        </Data>
      </ExtendedData>
      <Point>
        <coordinates>
          172.7180813,-43.4905542,0
        </coordinates>
      </Point>
    </Placemark>
    <Placemark>
      <name>The Famous Grouse</name>
      <description><![CDATA[type: pub<br>Source: Open Street Map: http://www.openstreetmap.org.nz/<br>Update: 21/01/2019<br>x: 172.48458140000<br>y: -43.64002320000]]></description>
      <styleUrl>#icon-1577-795548</styleUrl>
      <ExtendedData>
        <Data name="type">
          <value>pub</value>
        </Data>
        <Data name="Source">
          <value>Open Street Map: http://www.openstreetmap.org.nz/</value>
        </Data>
        <Data name="Update">
          <value>21/01/2019</value>
        </Data>
        <Data name="x">
          <value>172.48458140000</value>
        </Data>
        <Data name="y">
          <value>-43.64002320000</value>
        </Data>
      </ExtendedData>
      <Point>
        <coordinates>
          172.4845814,-43.6400232,0
        </coordinates>
      </Point>
    </Placemark>
    <Placemark>
      <name><![CDATA[Wilson's Sports Bar]]></name>
      <description><![CDATA[type: pub<br>Source: Open Street Map: http://www.openstreetmap.org.nz/<br>Update: 21/01/2019<br>x: 172.60962460000<br>y: -43.52916450000]]></description>
      <styleUrl>#icon-1577-795548</styleUrl>
      <ExtendedData>
        <Data name="type">
          <value>pub</value>
        </Data>
        <Data name="Source">
          <value>Open Street Map: http://www.openstreetmap.org.nz/</value>
        </Data>
        <Data name="Update">
          <value>21/01/2019</value>
        </Data>
        <Data name="x">
          <value>172.60962460000</value>
        </Data>
        <Data name="y">
          <value>-43.52916450000</value>
        </Data>
      </ExtendedData>
      <Point>
        <coordinates>
          172.6096246,-43.5291645,0
        </coordinates>
      </Point>
    </Placemark>
    <Placemark>
      <name>The Craic</name>
      <description><![CDATA[type: pub<br>Source: Open Street Map: http://www.openstreetmap.org.nz/<br>Update: 21/01/2019<br>x: 172.60255160000<br>y: -43.52943960000]]></description>
      <styleUrl>#icon-1577-795548</styleUrl>
      <ExtendedData>
        <Data name="type">
          <value>pub</value>
        </Data>
        <Data name="Source">
          <value>Open Street Map: http://www.openstreetmap.org.nz/</value>
        </Data>
        <Data name="Update">
          <value>21/01/2019</value>
        </Data>
        <Data name="x">
          <value>172.60255160000</value>
        </Data>
        <Data name="y">
          <value>-43.52943960000</value>
        </Data>
      </ExtendedData>
      <Point>
        <coordinates>
          172.6025516,-43.5294396,0
        </coordinates>
      </Point>
    </Placemark>
    <Placemark>
      <name>Paint and Sip</name>
      <description><![CDATA[type: pub<br>Source: Open Street Map: http://www.openstreetmap.org.nz/<br>Update: 21/01/2019<br>x: 172.57932540000<br>y: -43.51951860000]]></description>
      <styleUrl>#icon-1577-795548</styleUrl>
      <ExtendedData>
        <Data name="type">
          <value>pub</value>
        </Data>
        <Data name="Source">
          <value>Open Street Map: http://www.openstreetmap.org.nz/</value>
        </Data>
        <Data name="Update">
          <value>21/01/2019</value>
        </Data>
        <Data name="x">
          <value>172.57932540000</value>
        </Data>
        <Data name="y">
          <value>-43.51951860000</value>
        </Data>
      </ExtendedData>
      <Point>
        <coordinates>
          172.5793254,-43.5195186,0
        </coordinates>
      </Point>
    </Placemark>
    <Placemark>
      <name>Kirwee Tavern</name>
      <description><![CDATA[type: pub<br>Source: Open Street Map: http://www.openstreetmap.org.nz/<br>Update: 21/01/2019<br>x: 172.21463250000<br>y: -43.49946870000]]></description>
      <styleUrl>#icon-1577-795548</styleUrl>
      <ExtendedData>
        <Data name="type">
          <value>pub</value>
        </Data>
        <Data name="Source">
          <value>Open Street Map: http://www.openstreetmap.org.nz/</value>
        </Data>
        <Data name="Update">
          <value>21/01/2019</value>
        </Data>
        <Data name="x">
          <value>172.21463250000</value>
        </Data>
        <Data name="y">
          <value>-43.49946870000</value>
        </Data>
      </ExtendedData>
      <Point>
        <coordinates>
          172.2146325,-43.4994687,0
        </coordinates>
      </Point>
    </Placemark>
    <Placemark>
      <name>The Embankment</name>
      <description><![CDATA[type: pub<br>Source: Open Street Map: http://www.openstreetmap.org.nz/<br>Update: 21/01/2019<br>x: 172.65391100000<br>y: -43.53892740000]]></description>
      <styleUrl>#icon-1577-795548</styleUrl>
      <ExtendedData>
        <Data name="type">
          <value>pub</value>
        </Data>
        <Data name="Source">
          <value>Open Street Map: http://www.openstreetmap.org.nz/</value>
        </Data>
        <Data name="Update">
          <value>21/01/2019</value>
        </Data>
        <Data name="x">
          <value>172.65391100000</value>
        </Data>
        <Data name="y">
          <value>-43.53892740000</value>
        </Data>
      </ExtendedData>
      <Point>
        <coordinates>
          172.653911,-43.5389274,0
        </coordinates>
      </Point>
    </Placemark>
    <Placemark>
      <name>The Tavern</name>
      <description><![CDATA[type: pub<br>Source: Open Street Map: http://www.openstreetmap.org.nz/<br>Update: 21/01/2019<br>x: 172.66039590000<br>y: -43.66818460000]]></description>
      <styleUrl>#icon-1577-795548</styleUrl>
      <ExtendedData>
        <Data name="type">
          <value>pub</value>
        </Data>
        <Data name="Source">
          <value>Open Street Map: http://www.openstreetmap.org.nz/</value>
        </Data>
        <Data name="Update">
          <value>21/01/2019</value>
        </Data>
        <Data name="x">
          <value>172.66039590000</value>
        </Data>
        <Data name="y">
          <value>-43.66818460000</value>
        </Data>
      </ExtendedData>
      <Point>
        <coordinates>
          172.6603959,-43.6681846,0
        </coordinates>
      </Point>
    </Placemark>
    <Placemark>
      <name>The Good Goat</name>
      <description><![CDATA[type: pub<br>Source: Open Street Map: http://www.openstreetmap.org.nz/<br>Update: 21/01/2019<br>x: 172.63309490000<br>y: -43.52642650000]]></description>
      <styleUrl>#icon-1577-795548</styleUrl>
      <ExtendedData>
        <Data name="type">
          <value>pub</value>
        </Data>
        <Data name="Source">
          <value>Open Street Map: http://www.openstreetmap.org.nz/</value>
        </Data>
        <Data name="Update">
          <value>21/01/2019</value>
        </Data>
        <Data name="x">
          <value>172.63309490000</value>
        </Data>
        <Data name="y">
          <value>-43.52642650000</value>
        </Data>
      </ExtendedData>
      <Point>
        <coordinates>
          172.6330949,-43.5264265,0
        </coordinates>
      </Point>
    </Placemark>
    <Placemark>
      <name><![CDATA[Bridie's Bar & Bistro]]></name>
      <description><![CDATA[type: pub<br>Source: Open Street Map: http://www.openstreetmap.org.nz/<br>Update: 21/01/2019<br>x: 172.65730310000<br>y: -43.53072020000]]></description>
      <styleUrl>#icon-1577-795548</styleUrl>
      <ExtendedData>
        <Data name="type">
          <value>pub</value>
        </Data>
        <Data name="Source">
          <value>Open Street Map: http://www.openstreetmap.org.nz/</value>
        </Data>
        <Data name="Update">
          <value>21/01/2019</value>
        </Data>
        <Data name="x">
          <value>172.65730310000</value>
        </Data>
        <Data name="y">
          <value>-43.53072020000</value>
        </Data>
      </ExtendedData>
      <Point>
        <coordinates>
          172.6573031,-43.5307202,0
        </coordinates>
      </Point>
    </Placemark>
    <Placemark>
      <name>Garage Beer Project</name>
      <description><![CDATA[type: pub<br>Source: Open Street Map: http://www.openstreetmap.org.nz/<br>Update: 21/01/2019<br>x: 172.62837780000<br>y: -43.52225040000]]></description>
      <styleUrl>#icon-1577-795548</styleUrl>
      <ExtendedData>
        <Data name="type">
          <value>pub</value>
        </Data>
        <Data name="Source">
          <value>Open Street Map: http://www.openstreetmap.org.nz/</value>
        </Data>
        <Data name="Update">
          <value>21/01/2019</value>
        </Data>
        <Data name="x">
          <value>172.62837780000</value>
        </Data>
        <Data name="y">
          <value>-43.52225040000</value>
        </Data>
      </ExtendedData>
      <Point>
        <coordinates>
          172.6283778,-43.5222504,0
        </coordinates>
      </Point>
    </Placemark>
    <Placemark>
      <name>The Little Fiddle</name>
      <description><![CDATA[type: pub<br>Source: Open Street Map: http://www.openstreetmap.org.nz/<br>Update: 21/01/2019<br>x: 172.63442720000<br>y: -43.53259100000]]></description>
      <styleUrl>#icon-1577-795548</styleUrl>
      <ExtendedData>
        <Data name="type">
          <value>pub</value>
        </Data>
        <Data name="Source">
          <value>Open Street Map: http://www.openstreetmap.org.nz/</value>
        </Data>
        <Data name="Update">
          <value>21/01/2019</value>
        </Data>
        <Data name="x">
          <value>172.63442720000</value>
        </Data>
        <Data name="y">
          <value>-43.53259100000</value>
        </Data>
      </ExtendedData>
      <Point>
        <coordinates>
          172.6344272,-43.532591,0
        </coordinates>
      </Point>
    </Placemark>
    <Placemark>
      <name><![CDATA[Hornby Working Men's Club]]></name>
      <description><![CDATA[type: restaurant<br>Source: Open Street Map: http://www.openstreetmap.org.nz/<br>Update: 21/01/2019<br>x: 172.52546200300<br>y: -43.54200467250]]></description>
      <styleUrl>#icon-1577-795548</styleUrl>
      <ExtendedData>
        <Data name="type">
          <value>restaurant</value>
        </Data>
        <Data name="Source">
          <value>Open Street Map: http://www.openstreetmap.org.nz/</value>
        </Data>
        <Data name="Update">
          <value>21/01/2019</value>
        </Data>
        <Data name="x">
          <value>172.52546200300</value>
        </Data>
        <Data name="y">
          <value>-43.54200467250</value>
        </Data>
      </ExtendedData>
      <Point>
        <coordinates>
          172.525462003,-43.5420046725,0
        </coordinates>
      </Point>
    </Placemark>
    <Placemark>
      <name>Zaffron</name>
      <description><![CDATA[type: restaurant<br>Source: Open Street Map: http://www.openstreetmap.org.nz/<br>Update: 21/01/2019<br>x: 172.63666730100<br>y: -43.55697615300]]></description>
      <styleUrl>#icon-1577-795548</styleUrl>
      <ExtendedData>
        <Data name="type">
          <value>restaurant</value>
        </Data>
        <Data name="Source">
          <value>Open Street Map: http://www.openstreetmap.org.nz/</value>
        </Data>
        <Data name="Update">
          <value>21/01/2019</value>
        </Data>
        <Data name="x">
          <value>172.63666730100</value>
        </Data>
        <Data name="y">
          <value>-43.55697615300</value>
        </Data>
      </ExtendedData>
      <Point>
        <coordinates>
          172.636667301,-43.556976153,0
        </coordinates>
      </Point>
    </Placemark>
    <Placemark>
      <name><![CDATA[Formaggio's]]></name>
      <description><![CDATA[type: restaurant<br>Source: Open Street Map: http://www.openstreetmap.org.nz/<br>Update: 21/01/2019<br>x: 172.63718809800<br>y: -43.55704759960]]></description>
      <styleUrl>#icon-1577-795548</styleUrl>
      <ExtendedData>
        <Data name="type">
          <value>restaurant</value>
        </Data>
        <Data name="Source">
          <value>Open Street Map: http://www.openstreetmap.org.nz/</value>
        </Data>
        <Data name="Update">
          <value>21/01/2019</value>
        </Data>
        <Data name="x">
          <value>172.63718809800</value>
        </Data>
        <Data name="y">
          <value>-43.55704759960</value>
        </Data>
      </ExtendedData>
      <Point>
        <coordinates>
          172.637188098,-43.5570475996,0
        </coordinates>
      </Point>
    </Placemark>
    <Placemark>
      <name>Sampan House</name>
      <description><![CDATA[type: restaurant<br>Source: Open Street Map: http://www.openstreetmap.org.nz/<br>Update: 21/01/2019<br>x: 172.63930382500<br>y: -43.53004024480]]></description>
      <styleUrl>#icon-1577-795548</styleUrl>
      <ExtendedData>
        <Data name="type">
          <value>restaurant</value>
        </Data>
        <Data name="Source">
          <value>Open Street Map: http://www.openstreetmap.org.nz/</value>
        </Data>
        <Data name="Update">
          <value>21/01/2019</value>
        </Data>
        <Data name="x">
          <value>172.63930382500</value>
        </Data>
        <Data name="y">
          <value>-43.53004024480</value>
        </Data>
      </ExtendedData>
      <Point>
        <coordinates>
          172.639303825,-43.5300402448,0
        </coordinates>
      </Point>
    </Placemark>
    <Placemark>
      <name><![CDATA[Cook 'N' With Gas]]></name>
      <description><![CDATA[type: restaurant<br>Source: Open Street Map: http://www.openstreetmap.org.nz/<br>Update: 21/01/2019<br>x: 172.62919179900<br>y: -43.53069955870]]></description>
      <styleUrl>#icon-1577-795548</styleUrl>
      <ExtendedData>
        <Data name="type">
          <value>restaurant</value>
        </Data>
        <Data name="Source">
          <value>Open Street Map: http://www.openstreetmap.org.nz/</value>
        </Data>
        <Data name="Update">
          <value>21/01/2019</value>
        </Data>
        <Data name="x">
          <value>172.62919179900</value>
        </Data>
        <Data name="y">
          <value>-43.53069955870</value>
        </Data>
      </ExtendedData>
      <Point>
        <coordinates>
          172.629191799,-43.5306995587,0
        </coordinates>
      </Point>
    </Placemark>
    <Placemark>
      <name>Casa Publica</name>
      <description><![CDATA[type: restaurant<br>Source: Open Street Map: http://www.openstreetmap.org.nz/<br>Update: 21/01/2019<br>x: 172.63888705000<br>y: -43.52890990570]]></description>
      <styleUrl>#icon-1577-795548</styleUrl>
      <ExtendedData>
        <Data name="type">
          <value>restaurant</value>
        </Data>
        <Data name="Source">
          <value>Open Street Map: http://www.openstreetmap.org.nz/</value>
        </Data>
        <Data name="Update">
          <value>21/01/2019</value>
        </Data>
        <Data name="x">
          <value>172.63888705000</value>
        </Data>
        <Data name="y">
          <value>-43.52890990570</value>
        </Data>
      </ExtendedData>
      <Point>
        <coordinates>
          172.63888705,-43.5289099057,0
        </coordinates>
      </Point>
    </Placemark>
    <Placemark>
      <name>Shop Eight</name>
      <description><![CDATA[type: restaurant<br>Source: Open Street Map: http://www.openstreetmap.org.nz/<br>Update: 21/01/2019<br>x: 172.63883190000<br>y: -43.52958105000]]></description>
      <styleUrl>#icon-1577-795548</styleUrl>
      <ExtendedData>
        <Data name="type">
          <value>restaurant</value>
        </Data>
        <Data name="Source">
          <value>Open Street Map: http://www.openstreetmap.org.nz/</value>
        </Data>
        <Data name="Update">
          <value>21/01/2019</value>
        </Data>
        <Data name="x">
          <value>172.63883190000</value>
        </Data>
        <Data name="y">
          <value>-43.52958105000</value>
        </Data>
      </ExtendedData>
      <Point>
        <coordinates>
          172.6388319,-43.52958105,0
        </coordinates>
      </Point>
    </Placemark>
    <Placemark>
      <name>Sushi Sachi</name>
      <description><![CDATA[type: restaurant<br>Source: Open Street Map: http://www.openstreetmap.org.nz/<br>Update: 21/01/2019<br>x: 172.63858159400<br>y: -43.52930872860]]></description>
      <styleUrl>#icon-1577-795548</styleUrl>
      <ExtendedData>
        <Data name="type">
          <value>restaurant</value>
        </Data>
        <Data name="Source">
          <value>Open Street Map: http://www.openstreetmap.org.nz/</value>
        </Data>
        <Data name="Update">
          <value>21/01/2019</value>
        </Data>
        <Data name="x">
          <value>172.63858159400</value>
        </Data>
        <Data name="y">
          <value>-43.52930872860</value>
        </Data>
      </ExtendedData>
      <Point>
        <coordinates>
          172.638581594,-43.5293087286,0
        </coordinates>
      </Point>
    </Placemark>
    <Placemark>
      <name>Spagalimis</name>
      <description><![CDATA[type: restaurant<br>Source: Open Street Map: http://www.openstreetmap.org.nz/<br>Update: 21/01/2019<br>x: 172.63034744300<br>y: -43.52466517020]]></description>
      <styleUrl>#icon-1577-795548</styleUrl>
      <ExtendedData>
        <Data name="type">
          <value>restaurant</value>
        </Data>
        <Data name="Source">
          <value>Open Street Map: http://www.openstreetmap.org.nz/</value>
        </Data>
        <Data name="Update">
          <value>21/01/2019</value>
        </Data>
        <Data name="x">
          <value>172.63034744300</value>
        </Data>
        <Data name="y">
          <value>-43.52466517020</value>
        </Data>
      </ExtendedData>
      <Point>
        <coordinates>
          172.630347443,-43.5246651702,0
        </coordinates>
      </Point>
    </Placemark>
    <Placemark>
      <name>Roots</name>
      <description><![CDATA[type: restaurant<br>Source: Open Street Map: http://www.openstreetmap.org.nz/<br>Update: 21/01/2019<br>x: 172.72223206500<br>y: -43.60273007280]]></description>
      <styleUrl>#icon-1577-795548</styleUrl>
      <ExtendedData>
        <Data name="type">
          <value>restaurant</value>
        </Data>
        <Data name="Source">
          <value>Open Street Map: http://www.openstreetmap.org.nz/</value>
        </Data>
        <Data name="Update">
          <value>21/01/2019</value>
        </Data>
        <Data name="x">
          <value>172.72223206500</value>
        </Data>
        <Data name="y">
          <value>-43.60273007280</value>
        </Data>
      </ExtendedData>
      <Point>
        <coordinates>
          172.722232065,-43.6027300728,0
        </coordinates>
      </Point>
    </Placemark>
    <Placemark>
      <name>Nom Nom Kitchen</name>
      <description><![CDATA[type: restaurant<br>Source: Open Street Map: http://www.openstreetmap.org.nz/<br>Update: 21/01/2019<br>x: 172.72026128400<br>y: -43.60249865270]]></description>
      <styleUrl>#icon-1577-795548</styleUrl>
      <ExtendedData>
        <Data name="type">
          <value>restaurant</value>
        </Data>
        <Data name="Source">
          <value>Open Street Map: http://www.openstreetmap.org.nz/</value>
        </Data>
        <Data name="Update">
          <value>21/01/2019</value>
        </Data>
        <Data name="x">
          <value>172.72026128400</value>
        </Data>
        <Data name="y">
          <value>-43.60249865270</value>
        </Data>
      </ExtendedData>
      <Point>
        <coordinates>
          172.720261284,-43.6024986527,0
        </coordinates>
      </Point>
    </Placemark>
    <Placemark>
      <name>Everest</name>
      <description><![CDATA[type: restaurant<br>Source: Open Street Map: http://www.openstreetmap.org.nz/<br>Update: 21/01/2019<br>x: 172.72247720000<br>y: -43.60282595000]]></description>
      <styleUrl>#icon-1577-795548</styleUrl>
      <ExtendedData>
        <Data name="type">
          <value>restaurant</value>
        </Data>
        <Data name="Source">
          <value>Open Street Map: http://www.openstreetmap.org.nz/</value>
        </Data>
        <Data name="Update">
          <value>21/01/2019</value>
        </Data>
        <Data name="x">
          <value>172.72247720000</value>
        </Data>
        <Data name="y">
          <value>-43.60282595000</value>
        </Data>
      </ExtendedData>
      <Point>
        <coordinates>
          172.7224772,-43.60282595,0
        </coordinates>
      </Point>
    </Placemark>
    <Placemark>
      <name>Nama</name>
      <description><![CDATA[type: restaurant<br>Source: Open Street Map: http://www.openstreetmap.org.nz/<br>Update: 21/01/2019<br>x: 172.72177139500<br>y: -43.60258230740]]></description>
      <styleUrl>#icon-1577-795548</styleUrl>
      <ExtendedData>
        <Data name="type">
          <value>restaurant</value>
        </Data>
        <Data name="Source">
          <value>Open Street Map: http://www.openstreetmap.org.nz/</value>
        </Data>
        <Data name="Update">
          <value>21/01/2019</value>
        </Data>
        <Data name="x">
          <value>172.72177139500</value>
        </Data>
        <Data name="y">
          <value>-43.60258230740</value>
        </Data>
      </ExtendedData>
      <Point>
        <coordinates>
          172.721771395,-43.6025823074,0
        </coordinates>
      </Point>
    </Placemark>
    <Placemark>
      <name>Regatta On Avon</name>
      <description><![CDATA[type: restaurant<br>Source: Open Street Map: http://www.openstreetmap.org.nz/<br>Update: 21/01/2019<br>x: 172.63296211600<br>y: -43.53402741450]]></description>
      <styleUrl>#icon-1577-795548</styleUrl>
      <ExtendedData>
        <Data name="type">
          <value>restaurant</value>
        </Data>
        <Data name="Source">
          <value>Open Street Map: http://www.openstreetmap.org.nz/</value>
        </Data>
        <Data name="Update">
          <value>21/01/2019</value>
        </Data>
        <Data name="x">
          <value>172.63296211600</value>
        </Data>
        <Data name="y">
          <value>-43.53402741450</value>
        </Data>
      </ExtendedData>
      <Point>
        <coordinates>
          172.632962116,-43.5340274145,0
        </coordinates>
      </Point>
    </Placemark>
    <Placemark>
      <name>The Lotus Heart</name>
      <description><![CDATA[type: restaurant<br>Source: Open Street Map: http://www.openstreetmap.org.nz/<br>Update: 21/01/2019<br>x: 172.64790660000<br>y: -43.53612574970]]></description>
      <styleUrl>#icon-1577-795548</styleUrl>
      <ExtendedData>
        <Data name="type">
          <value>restaurant</value>
        </Data>
        <Data name="Source">
          <value>Open Street Map: http://www.openstreetmap.org.nz/</value>
        </Data>
        <Data name="Update">
          <value>21/01/2019</value>
        </Data>
        <Data name="x">
          <value>172.64790660000</value>
        </Data>
        <Data name="y">
          <value>-43.53612574970</value>
        </Data>
      </ExtendedData>
      <Point>
        <coordinates>
          172.6479066,-43.5361257497,0
        </coordinates>
      </Point>
    </Placemark>
    <Placemark>
      <name>Winnie Bagoes</name>
      <description><![CDATA[type: restaurant<br>Source: Open Street Map: http://www.openstreetmap.org.nz/<br>Update: 21/01/2019<br>x: 172.64239067900<br>y: -43.53810037710]]></description>
      <styleUrl>#icon-1577-795548</styleUrl>
      <ExtendedData>
        <Data name="type">
          <value>restaurant</value>
        </Data>
        <Data name="Source">
          <value>Open Street Map: http://www.openstreetmap.org.nz/</value>
        </Data>
        <Data name="Update">
          <value>21/01/2019</value>
        </Data>
        <Data name="x">
          <value>172.64239067900</value>
        </Data>
        <Data name="y">
          <value>-43.53810037710</value>
        </Data>
      </ExtendedData>
      <Point>
        <coordinates>
          172.642390679,-43.5381003771,0
        </coordinates>
      </Point>
    </Placemark>
    <Placemark>
      <name>Lone Star</name>
      <description><![CDATA[type: restaurant<br>Source: Open Street Map: http://www.openstreetmap.org.nz/<br>Update: 21/01/2019<br>x: 172.64000337500<br>y: -43.53885910440]]></description>
      <styleUrl>#icon-1577-795548</styleUrl>
      <ExtendedData>
        <Data name="type">
          <value>restaurant</value>
        </Data>
        <Data name="Source">
          <value>Open Street Map: http://www.openstreetmap.org.nz/</value>
        </Data>
        <Data name="Update">
          <value>21/01/2019</value>
        </Data>
        <Data name="x">
          <value>172.64000337500</value>
        </Data>
        <Data name="y">
          <value>-43.53885910440</value>
        </Data>
      </ExtendedData>
      <Point>
        <coordinates>
          172.640003375,-43.5388591044,0
        </coordinates>
      </Point>
    </Placemark>
    <Placemark>
      <name><![CDATA[Baretta Bar & Restaurant]]></name>
      <description><![CDATA[type: restaurant<br>Source: Open Street Map: http://www.openstreetmap.org.nz/<br>Update: 21/01/2019<br>x: 172.63601295000<br>y: -43.53664470000]]></description>
      <styleUrl>#icon-1577-795548</styleUrl>
      <ExtendedData>
        <Data name="type">
          <value>restaurant</value>
        </Data>
        <Data name="Source">
          <value>Open Street Map: http://www.openstreetmap.org.nz/</value>
        </Data>
        <Data name="Update">
          <value>21/01/2019</value>
        </Data>
        <Data name="x">
          <value>172.63601295000</value>
        </Data>
        <Data name="y">
          <value>-43.53664470000</value>
        </Data>
      </ExtendedData>
      <Point>
        <coordinates>
          172.63601295,-43.5366447,0
        </coordinates>
      </Point>
    </Placemark>
    <Placemark>
      <name>Cafe Valentino</name>
      <description><![CDATA[type: restaurant<br>Source: Open Street Map: http://www.openstreetmap.org.nz/<br>Update: 21/01/2019<br>x: 172.63559828200<br>y: -43.53660484380]]></description>
      <styleUrl>#icon-1577-795548</styleUrl>
      <ExtendedData>
        <Data name="type">
          <value>restaurant</value>
        </Data>
        <Data name="Source">
          <value>Open Street Map: http://www.openstreetmap.org.nz/</value>
        </Data>
        <Data name="Update">
          <value>21/01/2019</value>
        </Data>
        <Data name="x">
          <value>172.63559828200</value>
        </Data>
        <Data name="y">
          <value>-43.53660484380</value>
        </Data>
      </ExtendedData>
      <Point>
        <coordinates>
          172.635598282,-43.5366048438,0
        </coordinates>
      </Point>
    </Placemark>
    <Placemark>
      <name>Red Elephant Thai Restaurant</name>
      <description><![CDATA[type: restaurant<br>Source: Open Street Map: http://www.openstreetmap.org.nz/<br>Update: 21/01/2019<br>x: 172.63940493300<br>y: -43.54091354850]]></description>
      <styleUrl>#icon-1577-795548</styleUrl>
      <ExtendedData>
        <Data name="type">
          <value>restaurant</value>
        </Data>
        <Data name="Source">
          <value>Open Street Map: http://www.openstreetmap.org.nz/</value>
        </Data>
        <Data name="Update">
          <value>21/01/2019</value>
        </Data>
        <Data name="x">
          <value>172.63940493300</value>
        </Data>
        <Data name="y">
          <value>-43.54091354850</value>
        </Data>
      </ExtendedData>
      <Point>
        <coordinates>
          172.639404933,-43.5409135485,0
        </coordinates>
      </Point>
    </Placemark>
    <Placemark>
      <name><![CDATA[Denny's]]></name>
      <description><![CDATA[type: restaurant<br>Source: Open Street Map: http://www.openstreetmap.org.nz/<br>Update: 21/01/2019<br>x: 172.63926552200<br>y: -43.54029404800]]></description>
      <styleUrl>#icon-1577-795548</styleUrl>
      <ExtendedData>
        <Data name="type">
          <value>restaurant</value>
        </Data>
        <Data name="Source">
          <value>Open Street Map: http://www.openstreetmap.org.nz/</value>
        </Data>
        <Data name="Update">
          <value>21/01/2019</value>
        </Data>
        <Data name="x">
          <value>172.63926552200</value>
        </Data>
        <Data name="y">
          <value>-43.54029404800</value>
        </Data>
      </ExtendedData>
      <Point>
        <coordinates>
          172.639265522,-43.540294048,0
        </coordinates>
      </Point>
    </Placemark>
    <Placemark>
      <name><![CDATA[Trevino's]]></name>
      <description><![CDATA[type: restaurant<br>Source: Open Street Map: http://www.openstreetmap.org.nz/<br>Update: 21/01/2019<br>x: 172.60915221400<br>y: -43.52879086980]]></description>
      <styleUrl>#icon-1577-795548</styleUrl>
      <ExtendedData>
        <Data name="type">
          <value>restaurant</value>
        </Data>
        <Data name="Source">
          <value>Open Street Map: http://www.openstreetmap.org.nz/</value>
        </Data>
        <Data name="Update">
          <value>21/01/2019</value>
        </Data>
        <Data name="x">
          <value>172.60915221400</value>
        </Data>
        <Data name="y">
          <value>-43.52879086980</value>
        </Data>
      </ExtendedData>
      <Point>
        <coordinates>
          172.609152214,-43.5287908698,0
        </coordinates>
      </Point>
    </Placemark>
    <Placemark>
      <name/>
      <description><![CDATA[type: restaurant<br>Source: Open Street Map: http://www.openstreetmap.org.nz/<br>Update: 21/01/2019<br>x: 172.62807576700<br>y: -43.52024716610]]></description>
      <styleUrl>#icon-1577-795548</styleUrl>
      <ExtendedData>
        <Data name="type">
          <value>restaurant</value>
        </Data>
        <Data name="Source">
          <value>Open Street Map: http://www.openstreetmap.org.nz/</value>
        </Data>
        <Data name="Update">
          <value>21/01/2019</value>
        </Data>
        <Data name="x">
          <value>172.62807576700</value>
        </Data>
        <Data name="y">
          <value>-43.52024716610</value>
        </Data>
      </ExtendedData>
      <Point>
        <coordinates>
          172.628075767,-43.5202471661,0
        </coordinates>
      </Point>
    </Placemark>
    <Placemark>
      <name>Clink Restaurant and Bar</name>
      <description><![CDATA[type: restaurant<br>Source: Open Street Map: http://www.openstreetmap.org.nz/<br>Update: 21/01/2019<br>x: 172.75922783500<br>y: -43.57013260230]]></description>
      <styleUrl>#icon-1577-795548</styleUrl>
      <ExtendedData>
        <Data name="type">
          <value>restaurant</value>
        </Data>
        <Data name="Source">
          <value>Open Street Map: http://www.openstreetmap.org.nz/</value>
        </Data>
        <Data name="Update">
          <value>21/01/2019</value>
        </Data>
        <Data name="x">
          <value>172.75922783500</value>
        </Data>
        <Data name="y">
          <value>-43.57013260230</value>
        </Data>
      </ExtendedData>
      <Point>
        <coordinates>
          172.759227835,-43.5701326023,0
        </coordinates>
      </Point>
    </Placemark>
    <Placemark>
      <name>5th Street</name>
      <description><![CDATA[type: restaurant<br>Source: Open Street Map: http://www.openstreetmap.org.nz/<br>Update: 21/01/2019<br>x: 172.63392990000<br>y: -43.54569520000]]></description>
      <styleUrl>#icon-1577-795548</styleUrl>
      <ExtendedData>
        <Data name="type">
          <value>restaurant</value>
        </Data>
        <Data name="Source">
          <value>Open Street Map: http://www.openstreetmap.org.nz/</value>
        </Data>
        <Data name="Update">
          <value>21/01/2019</value>
        </Data>
        <Data name="x">
          <value>172.63392990000</value>
        </Data>
        <Data name="y">
          <value>-43.54569520000</value>
        </Data>
      </ExtendedData>
      <Point>
        <coordinates>
          172.6339299,-43.5456952,0
        </coordinates>
      </Point>
    </Placemark>
    <Placemark>
      <name><![CDATA[Fisherman's Wharf]]></name>
      <description><![CDATA[type: restaurant<br>Source: Open Street Map: http://www.openstreetmap.org.nz/<br>Update: 21/01/2019<br>x: 172.71885862700<br>y: -43.60335457090]]></description>
      <styleUrl>#icon-1577-795548</styleUrl>
      <ExtendedData>
        <Data name="type">
          <value>restaurant</value>
        </Data>
        <Data name="Source">
          <value>Open Street Map: http://www.openstreetmap.org.nz/</value>
        </Data>
        <Data name="Update">
          <value>21/01/2019</value>
        </Data>
        <Data name="x">
          <value>172.71885862700</value>
        </Data>
        <Data name="y">
          <value>-43.60335457090</value>
        </Data>
      </ExtendedData>
      <Point>
        <coordinates>
          172.718858627,-43.6033545709,0
        </coordinates>
      </Point>
    </Placemark>
    <Placemark>
      <name>KFC</name>
      <description><![CDATA[type: restaurant<br>Source: Open Street Map: http://www.openstreetmap.org.nz/<br>Update: 21/01/2019<br>x: 172.60482038300<br>y: -43.52974087020]]></description>
      <styleUrl>#icon-1577-795548</styleUrl>
      <ExtendedData>
        <Data name="type">
          <value>restaurant</value>
        </Data>
        <Data name="Source">
          <value>Open Street Map: http://www.openstreetmap.org.nz/</value>
        </Data>
        <Data name="Update">
          <value>21/01/2019</value>
        </Data>
        <Data name="x">
          <value>172.60482038300</value>
        </Data>
        <Data name="y">
          <value>-43.52974087020</value>
        </Data>
      </ExtendedData>
      <Point>
        <coordinates>
          172.604820383,-43.5297408702,0
        </coordinates>
      </Point>
    </Placemark>
    <Placemark>
      <name><![CDATA[Morgan's Vinyard Cafe]]></name>
      <description><![CDATA[type: restaurant<br>Source: Open Street Map: http://www.openstreetmap.org.nz/<br>Update: 21/01/2019<br>x: 172.50326516800<br>y: -43.51941495670]]></description>
      <styleUrl>#icon-1577-795548</styleUrl>
      <ExtendedData>
        <Data name="type">
          <value>restaurant</value>
        </Data>
        <Data name="Source">
          <value>Open Street Map: http://www.openstreetmap.org.nz/</value>
        </Data>
        <Data name="Update">
          <value>21/01/2019</value>
        </Data>
        <Data name="x">
          <value>172.50326516800</value>
        </Data>
        <Data name="y">
          <value>-43.51941495670</value>
        </Data>
      </ExtendedData>
      <Point>
        <coordinates>
          172.503265168,-43.5194149567,0
        </coordinates>
      </Point>
    </Placemark>
    <Placemark>
      <name>Super</name>
      <description><![CDATA[type: restaurant<br>Source: Open Street Map: http://www.openstreetmap.org.nz/<br>Update: 21/01/2019<br>x: 172.72233470400<br>y: -43.60418078140]]></description>
      <styleUrl>#icon-1577-795548</styleUrl>
      <ExtendedData>
        <Data name="type">
          <value>restaurant</value>
        </Data>
        <Data name="Source">
          <value>Open Street Map: http://www.openstreetmap.org.nz/</value>
        </Data>
        <Data name="Update">
          <value>21/01/2019</value>
        </Data>
        <Data name="x">
          <value>172.72233470400</value>
        </Data>
        <Data name="y">
          <value>-43.60418078140</value>
        </Data>
      </ExtendedData>
      <Point>
        <coordinates>
          172.722334704,-43.6041807814,0
        </coordinates>
      </Point>
    </Placemark>
    <Placemark>
      <name><![CDATA[Hammersley's Thai]]></name>
      <description><![CDATA[type: restaurant<br>Source: Open Street Map: http://www.openstreetmap.org.nz/<br>Update: 21/01/2019<br>x: 172.65241995900<br>y: -43.50829465060]]></description>
      <styleUrl>#icon-1577-795548</styleUrl>
      <ExtendedData>
        <Data name="type">
          <value>restaurant</value>
        </Data>
        <Data name="Source">
          <value>Open Street Map: http://www.openstreetmap.org.nz/</value>
        </Data>
        <Data name="Update">
          <value>21/01/2019</value>
        </Data>
        <Data name="x">
          <value>172.65241995900</value>
        </Data>
        <Data name="y">
          <value>-43.50829465060</value>
        </Data>
      </ExtendedData>
      <Point>
        <coordinates>
          172.652419959,-43.5082946506,0
        </coordinates>
      </Point>
    </Placemark>
    <Placemark>
      <name><![CDATA[Joe's Garage]]></name>
      <description><![CDATA[type: restaurant<br>Source: Open Street Map: http://www.openstreetmap.org.nz/<br>Update: 21/01/2019<br>x: 172.57344124300<br>y: -43.53094730750]]></description>
      <styleUrl>#icon-1577-795548</styleUrl>
      <ExtendedData>
        <Data name="type">
          <value>restaurant</value>
        </Data>
        <Data name="Source">
          <value>Open Street Map: http://www.openstreetmap.org.nz/</value>
        </Data>
        <Data name="Update">
          <value>21/01/2019</value>
        </Data>
        <Data name="x">
          <value>172.57344124300</value>
        </Data>
        <Data name="y">
          <value>-43.53094730750</value>
        </Data>
      </ExtendedData>
      <Point>
        <coordinates>
          172.573441243,-43.5309473075,0
        </coordinates>
      </Point>
    </Placemark>
    <Placemark>
      <name>Jeepney</name>
      <description><![CDATA[type: restaurant<br>Source: Open Street Map: http://www.openstreetmap.org.nz/<br>Update: 21/01/2019<br>x: 172.71843825000<br>y: -43.60126625220]]></description>
      <styleUrl>#icon-1577-795548</styleUrl>
      <ExtendedData>
        <Data name="type">
          <value>restaurant</value>
        </Data>
        <Data name="Source">
          <value>Open Street Map: http://www.openstreetmap.org.nz/</value>
        </Data>
        <Data name="Update">
          <value>21/01/2019</value>
        </Data>
        <Data name="x">
          <value>172.71843825000</value>
        </Data>
        <Data name="y">
          <value>-43.60126625220</value>
        </Data>
      </ExtendedData>
      <Point>
        <coordinates>
          172.71843825,-43.6012662522,0
        </coordinates>
      </Point>
    </Placemark>
    <Placemark>
      <name/>
      <description><![CDATA[type: restaurant<br>Source: Open Street Map: http://www.openstreetmap.org.nz/<br>Update: 21/01/2019<br>x: 172.73048993000<br>y: -43.50682929520]]></description>
      <styleUrl>#icon-1577-795548</styleUrl>
      <ExtendedData>
        <Data name="type">
          <value>restaurant</value>
        </Data>
        <Data name="Source">
          <value>Open Street Map: http://www.openstreetmap.org.nz/</value>
        </Data>
        <Data name="Update">
          <value>21/01/2019</value>
        </Data>
        <Data name="x">
          <value>172.73048993000</value>
        </Data>
        <Data name="y">
          <value>-43.50682929520</value>
        </Data>
      </ExtendedData>
      <Point>
        <coordinates>
          172.73048993,-43.5068292952,0
        </coordinates>
      </Point>
    </Placemark>
    <Placemark>
      <name/>
      <description><![CDATA[type: restaurant<br>Source: Open Street Map: http://www.openstreetmap.org.nz/<br>Update: 21/01/2019<br>x: 172.70666650200<br>y: -43.48138290610]]></description>
      <styleUrl>#icon-1577-795548</styleUrl>
      <ExtendedData>
        <Data name="type">
          <value>restaurant</value>
        </Data>
        <Data name="Source">
          <value>Open Street Map: http://www.openstreetmap.org.nz/</value>
        </Data>
        <Data name="Update">
          <value>21/01/2019</value>
        </Data>
        <Data name="x">
          <value>172.70666650200</value>
        </Data>
        <Data name="y">
          <value>-43.48138290610</value>
        </Data>
      </ExtendedData>
      <Point>
        <coordinates>
          172.706666502,-43.4813829061,0
        </coordinates>
      </Point>
    </Placemark>
    <Placemark>
      <name>AFG</name>
      <description><![CDATA[type: restaurant<br>Source: Open Street Map: http://www.openstreetmap.org.nz/<br>Update: 21/01/2019<br>x: 172.61257479900<br>y: -43.54331590020]]></description>
      <styleUrl>#icon-1577-795548</styleUrl>
      <ExtendedData>
        <Data name="type">
          <value>restaurant</value>
        </Data>
        <Data name="Source">
          <value>Open Street Map: http://www.openstreetmap.org.nz/</value>
        </Data>
        <Data name="Update">
          <value>21/01/2019</value>
        </Data>
        <Data name="x">
          <value>172.61257479900</value>
        </Data>
        <Data name="y">
          <value>-43.54331590020</value>
        </Data>
      </ExtendedData>
      <Point>
        <coordinates>
          172.612574799,-43.5433159002,0
        </coordinates>
      </Point>
    </Placemark>
    <Placemark>
      <name>Waipara Hills</name>
      <description><![CDATA[type: restaurant<br>Source: Open Street Map: http://www.openstreetmap.org.nz/<br>Update: 21/01/2019<br>x: 172.74877075000<br>y: -43.07854133720]]></description>
      <styleUrl>#icon-1577-795548</styleUrl>
      <ExtendedData>
        <Data name="type">
          <value>restaurant</value>
        </Data>
        <Data name="Source">
          <value>Open Street Map: http://www.openstreetmap.org.nz/</value>
        </Data>
        <Data name="Update">
          <value>21/01/2019</value>
        </Data>
        <Data name="x">
          <value>172.74877075000</value>
        </Data>
        <Data name="y">
          <value>-43.07854133720</value>
        </Data>
      </ExtendedData>
      <Point>
        <coordinates>
          172.74877075,-43.0785413372,0
        </coordinates>
      </Point>
    </Placemark>
    <Placemark>
      <name>Pegasus Bay Winery and Restaurant</name>
      <description><![CDATA[type: restaurant<br>Source: Open Street Map: http://www.openstreetmap.org.nz/<br>Update: 21/01/2019<br>x: 172.76885418000<br>y: -43.09184660520]]></description>
      <styleUrl>#icon-1577-795548</styleUrl>
      <ExtendedData>
        <Data name="type">
          <value>restaurant</value>
        </Data>
        <Data name="Source">
          <value>Open Street Map: http://www.openstreetmap.org.nz/</value>
        </Data>
        <Data name="Update">
          <value>21/01/2019</value>
        </Data>
        <Data name="x">
          <value>172.76885418000</value>
        </Data>
        <Data name="y">
          <value>-43.09184660520</value>
        </Data>
      </ExtendedData>
      <Point>
        <coordinates>
          172.76885418,-43.0918466052,0
        </coordinates>
      </Point>
    </Placemark>
    <Placemark>
      <name>The Bridge</name>
      <description><![CDATA[type: restaurant<br>Source: Open Street Map: http://www.openstreetmap.org.nz/<br>Update: 21/01/2019<br>x: 172.51319781700<br>y: -43.58059454990]]></description>
      <styleUrl>#icon-1577-795548</styleUrl>
      <ExtendedData>
        <Data name="type">
          <value>restaurant</value>
        </Data>
        <Data name="Source">
          <value>Open Street Map: http://www.openstreetmap.org.nz/</value>
        </Data>
        <Data name="Update">
          <value>21/01/2019</value>
        </Data>
        <Data name="x">
          <value>172.51319781700</value>
        </Data>
        <Data name="y">
          <value>-43.58059454990</value>
        </Data>
      </ExtendedData>
      <Point>
        <coordinates>
          172.513197817,-43.5805945499,0
        </coordinates>
      </Point>
    </Placemark>
    <Placemark>
      <name/>
      <description><![CDATA[type: restaurant<br>Source: Open Street Map: http://www.openstreetmap.org.nz/<br>Update: 21/01/2019<br>x: 172.51259717900<br>y: -43.58112197290]]></description>
      <styleUrl>#icon-1577-795548</styleUrl>
      <ExtendedData>
        <Data name="type">
          <value>restaurant</value>
        </Data>
        <Data name="Source">
          <value>Open Street Map: http://www.openstreetmap.org.nz/</value>
        </Data>
        <Data name="Update">
          <value>21/01/2019</value>
        </Data>
        <Data name="x">
          <value>172.51259717900</value>
        </Data>
        <Data name="y">
          <value>-43.58112197290</value>
        </Data>
      </ExtendedData>
      <Point>
        <coordinates>
          172.512597179,-43.5811219729,0
        </coordinates>
      </Point>
    </Placemark>
    <Placemark>
      <name>Curators House</name>
      <description><![CDATA[type: restaurant<br>Source: Open Street Map: http://www.openstreetmap.org.nz/<br>Update: 21/01/2019<br>x: 172.62713540000<br>y: -43.53271925410]]></description>
      <styleUrl>#icon-1577-795548</styleUrl>
      <ExtendedData>
        <Data name="type">
          <value>restaurant</value>
        </Data>
        <Data name="Source">
          <value>Open Street Map: http://www.openstreetmap.org.nz/</value>
        </Data>
        <Data name="Update">
          <value>21/01/2019</value>
        </Data>
        <Data name="x">
          <value>172.62713540000</value>
        </Data>
        <Data name="y">
          <value>-43.53271925410</value>
        </Data>
      </ExtendedData>
      <Point>
        <coordinates>
          172.6271354,-43.5327192541,0
        </coordinates>
      </Point>
    </Placemark>
    <Placemark>
      <name>One Good Horse</name>
      <description><![CDATA[type: restaurant<br>Source: Open Street Map: http://www.openstreetmap.org.nz/<br>Update: 21/01/2019<br>x: 172.69830640900<br>y: -43.48124669910]]></description>
      <styleUrl>#icon-1577-795548</styleUrl>
      <ExtendedData>
        <Data name="type">
          <value>restaurant</value>
        </Data>
        <Data name="Source">
          <value>Open Street Map: http://www.openstreetmap.org.nz/</value>
        </Data>
        <Data name="Update">
          <value>21/01/2019</value>
        </Data>
        <Data name="x">
          <value>172.69830640900</value>
        </Data>
        <Data name="y">
          <value>-43.48124669910</value>
        </Data>
      </ExtendedData>
      <Point>
        <coordinates>
          172.698306409,-43.4812466991,0
        </coordinates>
      </Point>
    </Placemark>
    <Placemark>
      <name>The Rock</name>
      <description><![CDATA[type: restaurant<br>Source: Open Street Map: http://www.openstreetmap.org.nz/<br>Update: 21/01/2019<br>x: 172.38416419900<br>y: -43.59640871820]]></description>
      <styleUrl>#icon-1577-795548</styleUrl>
      <ExtendedData>
        <Data name="type">
          <value>restaurant</value>
        </Data>
        <Data name="Source">
          <value>Open Street Map: http://www.openstreetmap.org.nz/</value>
        </Data>
        <Data name="Update">
          <value>21/01/2019</value>
        </Data>
        <Data name="x">
          <value>172.38416419900</value>
        </Data>
        <Data name="y">
          <value>-43.59640871820</value>
        </Data>
      </ExtendedData>
      <Point>
        <coordinates>
          172.384164199,-43.5964087182,0
        </coordinates>
      </Point>
    </Placemark>
    <Placemark>
      <name>She Universe</name>
      <description><![CDATA[type: restaurant<br>Source: Open Street Map: http://www.openstreetmap.org.nz/<br>Update: 21/01/2019<br>x: 172.64855722300<br>y: -43.62393603560]]></description>
      <styleUrl>#icon-1577-795548</styleUrl>
      <ExtendedData>
        <Data name="type">
          <value>restaurant</value>
        </Data>
        <Data name="Source">
          <value>Open Street Map: http://www.openstreetmap.org.nz/</value>
        </Data>
        <Data name="Update">
          <value>21/01/2019</value>
        </Data>
        <Data name="x">
          <value>172.64855722300</value>
        </Data>
        <Data name="y">
          <value>-43.62393603560</value>
        </Data>
      </ExtendedData>
      <Point>
        <coordinates>
          172.648557223,-43.6239360356,0
        </coordinates>
      </Point>
    </Placemark>
    <Placemark>
      <name><![CDATA[Mexicano's]]></name>
      <description><![CDATA[type: restaurant<br>Source: Open Street Map: http://www.openstreetmap.org.nz/<br>Update: 21/01/2019<br>x: 172.62950679600<br>y: -43.52346408790]]></description>
      <styleUrl>#icon-1577-795548</styleUrl>
      <ExtendedData>
        <Data name="type">
          <value>restaurant</value>
        </Data>
        <Data name="Source">
          <value>Open Street Map: http://www.openstreetmap.org.nz/</value>
        </Data>
        <Data name="Update">
          <value>21/01/2019</value>
        </Data>
        <Data name="x">
          <value>172.62950679600</value>
        </Data>
        <Data name="y">
          <value>-43.52346408790</value>
        </Data>
      </ExtendedData>
      <Point>
        <coordinates>
          172.629506796,-43.5234640879,0
        </coordinates>
      </Point>
    </Placemark>
    <Placemark>
      <name><![CDATA[Garden Hotel & Restaurant]]></name>
      <description><![CDATA[type: restaurant<br>Source: Open Street Map: http://www.openstreetmap.org.nz/<br>Update: 21/01/2019<br>x: 172.66291425400<br>y: -43.49980261970]]></description>
      <styleUrl>#icon-1577-795548</styleUrl>
      <ExtendedData>
        <Data name="type">
          <value>restaurant</value>
        </Data>
        <Data name="Source">
          <value>Open Street Map: http://www.openstreetmap.org.nz/</value>
        </Data>
        <Data name="Update">
          <value>21/01/2019</value>
        </Data>
        <Data name="x">
          <value>172.66291425400</value>
        </Data>
        <Data name="y">
          <value>-43.49980261970</value>
        </Data>
      </ExtendedData>
      <Point>
        <coordinates>
          172.662914254,-43.4998026197,0
        </coordinates>
      </Point>
    </Placemark>
    <Placemark>
      <name>Robbies Cranford Street</name>
      <description><![CDATA[type: restaurant<br>Source: Open Street Map: http://www.openstreetmap.org.nz/<br>Update: 21/01/2019<br>x: 172.62867235000<br>y: -43.49873428160]]></description>
      <styleUrl>#icon-1577-795548</styleUrl>
      <ExtendedData>
        <Data name="type">
          <value>restaurant</value>
        </Data>
        <Data name="Source">
          <value>Open Street Map: http://www.openstreetmap.org.nz/</value>
        </Data>
        <Data name="Update">
          <value>21/01/2019</value>
        </Data>
        <Data name="x">
          <value>172.62867235000</value>
        </Data>
        <Data name="y">
          <value>-43.49873428160</value>
        </Data>
      </ExtendedData>
      <Point>
        <coordinates>
          172.62867235,-43.4987342816,0
        </coordinates>
      </Point>
    </Placemark>
    <Placemark>
      <name>Terra Viva</name>
      <description><![CDATA[type: restaurant<br>Source: Open Street Map: http://www.openstreetmap.org.nz/<br>Update: 21/01/2019<br>x: 172.56650766100<br>y: -43.48956846370]]></description>
      <styleUrl>#icon-1577-795548</styleUrl>
      <ExtendedData>
        <Data name="type">
          <value>restaurant</value>
        </Data>
        <Data name="Source">
          <value>Open Street Map: http://www.openstreetmap.org.nz/</value>
        </Data>
        <Data name="Update">
          <value>21/01/2019</value>
        </Data>
        <Data name="x">
          <value>172.56650766100</value>
        </Data>
        <Data name="y">
          <value>-43.48956846370</value>
        </Data>
      </ExtendedData>
      <Point>
        <coordinates>
          172.566507661,-43.4895684637,0
        </coordinates>
      </Point>
    </Placemark>
    <Placemark>
      <name>Ilex</name>
      <description><![CDATA[type: restaurant<br>Source: Open Street Map: http://www.openstreetmap.org.nz/<br>Update: 21/01/2019<br>x: 172.62254065200<br>y: -43.52988563820]]></description>
      <styleUrl>#icon-1577-795548</styleUrl>
      <ExtendedData>
        <Data name="type">
          <value>restaurant</value>
        </Data>
        <Data name="Source">
          <value>Open Street Map: http://www.openstreetmap.org.nz/</value>
        </Data>
        <Data name="Update">
          <value>21/01/2019</value>
        </Data>
        <Data name="x">
          <value>172.62254065200</value>
        </Data>
        <Data name="y">
          <value>-43.52988563820</value>
        </Data>
      </ExtendedData>
      <Point>
        <coordinates>
          172.622540652,-43.5298856382,0
        </coordinates>
      </Point>
    </Placemark>
    <Placemark>
      <name>Governors Bay Hotel</name>
      <description><![CDATA[type: restaurant<br>Source: Open Street Map: http://www.openstreetmap.org.nz/<br>Update: 21/01/2019<br>x: 172.64809240000<br>y: -43.62374735000]]></description>
      <styleUrl>#icon-1577-795548</styleUrl>
      <ExtendedData>
        <Data name="type">
          <value>restaurant</value>
        </Data>
        <Data name="Source">
          <value>Open Street Map: http://www.openstreetmap.org.nz/</value>
        </Data>
        <Data name="Update">
          <value>21/01/2019</value>
        </Data>
        <Data name="x">
          <value>172.64809240000</value>
        </Data>
        <Data name="y">
          <value>-43.62374735000</value>
        </Data>
      </ExtendedData>
      <Point>
        <coordinates>
          172.6480924,-43.62374735,0
        </coordinates>
      </Point>
    </Placemark>
    <Placemark>
      <name><![CDATA[Joe's Garage - Cranford Street]]></name>
      <description><![CDATA[type: restaurant<br>Source: Open Street Map: http://www.openstreetmap.org.nz/<br>Update: 21/01/2019<br>x: 172.62255868900<br>y: -43.49077432940]]></description>
      <styleUrl>#icon-1577-795548</styleUrl>
      <ExtendedData>
        <Data name="type">
          <value>restaurant</value>
        </Data>
        <Data name="Source">
          <value>Open Street Map: http://www.openstreetmap.org.nz/</value>
        </Data>
        <Data name="Update">
          <value>21/01/2019</value>
        </Data>
        <Data name="x">
          <value>172.62255868900</value>
        </Data>
        <Data name="y">
          <value>-43.49077432940</value>
        </Data>
      </ExtendedData>
      <Point>
        <coordinates>
          172.622558689,-43.4907743294,0
        </coordinates>
      </Point>
    </Placemark>
    <Placemark>
      <name>Foo San</name>
      <description><![CDATA[type: restaurant<br>Source: Open Street Map: http://www.openstreetmap.org.nz/<br>Update: 21/01/2019<br>x: 172.57915414700<br>y: -43.52655811570]]></description>
      <styleUrl>#icon-1577-795548</styleUrl>
      <ExtendedData>
        <Data name="type">
          <value>restaurant</value>
        </Data>
        <Data name="Source">
          <value>Open Street Map: http://www.openstreetmap.org.nz/</value>
        </Data>
        <Data name="Update">
          <value>21/01/2019</value>
        </Data>
        <Data name="x">
          <value>172.57915414700</value>
        </Data>
        <Data name="y">
          <value>-43.52655811570</value>
        </Data>
      </ExtendedData>
      <Point>
        <coordinates>
          172.579154147,-43.5265581157,0
        </coordinates>
      </Point>
    </Placemark>
    <Placemark>
      <name>Corianders</name>
      <description><![CDATA[type: restaurant<br>Source: Open Street Map: http://www.openstreetmap.org.nz/<br>Update: 21/01/2019<br>x: 172.63910797600<br>y: -43.53658310950]]></description>
      <styleUrl>#icon-1577-795548</styleUrl>
      <ExtendedData>
        <Data name="type">
          <value>restaurant</value>
        </Data>
        <Data name="Source">
          <value>Open Street Map: http://www.openstreetmap.org.nz/</value>
        </Data>
        <Data name="Update">
          <value>21/01/2019</value>
        </Data>
        <Data name="x">
          <value>172.63910797600</value>
        </Data>
        <Data name="y">
          <value>-43.53658310950</value>
        </Data>
      </ExtendedData>
      <Point>
        <coordinates>
          172.639107976,-43.5365831095,0
        </coordinates>
      </Point>
    </Placemark>
    <Placemark>
      <name>Strawberry Fare</name>
      <description><![CDATA[type: restaurant<br>Source: Open Street Map: http://www.openstreetmap.org.nz/<br>Update: 21/01/2019<br>x: 172.62617556500<br>y: -43.52050920940]]></description>
      <styleUrl>#icon-1577-795548</styleUrl>
      <ExtendedData>
        <Data name="type">
          <value>restaurant</value>
        </Data>
        <Data name="Source">
          <value>Open Street Map: http://www.openstreetmap.org.nz/</value>
        </Data>
        <Data name="Update">
          <value>21/01/2019</value>
        </Data>
        <Data name="x">
          <value>172.62617556500</value>
        </Data>
        <Data name="y">
          <value>-43.52050920940</value>
        </Data>
      </ExtendedData>
      <Point>
        <coordinates>
          172.626175565,-43.5205092094,0
        </coordinates>
      </Point>
    </Placemark>
    <Placemark>
      <name>Hell Pizza</name>
      <description><![CDATA[type: restaurant<br>Source: Open Street Map: http://www.openstreetmap.org.nz/<br>Update: 21/01/2019<br>x: 172.58772424000<br>y: -43.48748877670]]></description>
      <styleUrl>#icon-1577-795548</styleUrl>
      <ExtendedData>
        <Data name="type">
          <value>restaurant</value>
        </Data>
        <Data name="Source">
          <value>Open Street Map: http://www.openstreetmap.org.nz/</value>
        </Data>
        <Data name="Update">
          <value>21/01/2019</value>
        </Data>
        <Data name="x">
          <value>172.58772424000</value>
        </Data>
        <Data name="y">
          <value>-43.48748877670</value>
        </Data>
      </ExtendedData>
      <Point>
        <coordinates>
          172.58772424,-43.4874887767,0
        </coordinates>
      </Point>
    </Placemark>
    <Placemark>
      <name><![CDATA[North & South Gourmet]]></name>
      <description><![CDATA[type: restaurant<br>Source: Open Street Map: http://www.openstreetmap.org.nz/<br>Update: 21/01/2019<br>x: 172.61151272300<br>y: -43.54401298440]]></description>
      <styleUrl>#icon-1577-795548</styleUrl>
      <ExtendedData>
        <Data name="type">
          <value>restaurant</value>
        </Data>
        <Data name="Source">
          <value>Open Street Map: http://www.openstreetmap.org.nz/</value>
        </Data>
        <Data name="Update">
          <value>21/01/2019</value>
        </Data>
        <Data name="x">
          <value>172.61151272300</value>
        </Data>
        <Data name="y">
          <value>-43.54401298440</value>
        </Data>
      </ExtendedData>
      <Point>
        <coordinates>
          172.611512723,-43.5440129844,0
        </coordinates>
      </Point>
    </Placemark>
    <Placemark>
      <name>Spagalimis</name>
      <description><![CDATA[type: restaurant<br>Source: Open Street Map: http://www.openstreetmap.org.nz/<br>Update: 21/01/2019<br>x: 172.57351650700<br>y: -43.53163233090]]></description>
      <styleUrl>#icon-1577-795548</styleUrl>
      <ExtendedData>
        <Data name="type">
          <value>restaurant</value>
        </Data>
        <Data name="Source">
          <value>Open Street Map: http://www.openstreetmap.org.nz/</value>
        </Data>
        <Data name="Update">
          <value>21/01/2019</value>
        </Data>
        <Data name="x">
          <value>172.57351650700</value>
        </Data>
        <Data name="y">
          <value>-43.53163233090</value>
        </Data>
      </ExtendedData>
      <Point>
        <coordinates>
          172.573516507,-43.5316323309,0
        </coordinates>
      </Point>
    </Placemark>
    <Placemark>
      <name>Beach Bar</name>
      <description><![CDATA[type: restaurant<br>Source: Open Street Map: http://www.openstreetmap.org.nz/<br>Update: 21/01/2019<br>x: 172.75903231000<br>y: -43.56665041520]]></description>
      <styleUrl>#icon-1577-795548</styleUrl>
      <ExtendedData>
        <Data name="type">
          <value>restaurant</value>
        </Data>
        <Data name="Source">
          <value>Open Street Map: http://www.openstreetmap.org.nz/</value>
        </Data>
        <Data name="Update">
          <value>21/01/2019</value>
        </Data>
        <Data name="x">
          <value>172.75903231000</value>
        </Data>
        <Data name="y">
          <value>-43.56665041520</value>
        </Data>
      </ExtendedData>
      <Point>
        <coordinates>
          172.75903231,-43.5666504152,0
        </coordinates>
      </Point>
    </Placemark>
    <Placemark>
      <name>The Headless Mexican</name>
      <description><![CDATA[type: restaurant<br>Source: Open Street Map: http://www.openstreetmap.org.nz/<br>Update: 21/01/2019<br>x: 172.75946930400<br>y: -43.56925124380]]></description>
      <styleUrl>#icon-1577-795548</styleUrl>
      <ExtendedData>
        <Data name="type">
          <value>restaurant</value>
        </Data>
        <Data name="Source">
          <value>Open Street Map: http://www.openstreetmap.org.nz/</value>
        </Data>
        <Data name="Update">
          <value>21/01/2019</value>
        </Data>
        <Data name="x">
          <value>172.75946930400</value>
        </Data>
        <Data name="y">
          <value>-43.56925124380</value>
        </Data>
      </ExtendedData>
      <Point>
        <coordinates>
          172.759469304,-43.5692512438,0
        </coordinates>
      </Point>
    </Placemark>
    <Placemark>
      <name>The Cornershop Bistro</name>
      <description><![CDATA[type: restaurant<br>Source: Open Street Map: http://www.openstreetmap.org.nz/<br>Update: 21/01/2019<br>x: 172.75913251200<br>y: -43.56973932680]]></description>
      <styleUrl>#icon-1577-795548</styleUrl>
      <ExtendedData>
        <Data name="type">
          <value>restaurant</value>
        </Data>
        <Data name="Source">
          <value>Open Street Map: http://www.openstreetmap.org.nz/</value>
        </Data>
        <Data name="Update">
          <value>21/01/2019</value>
        </Data>
        <Data name="x">
          <value>172.75913251200</value>
        </Data>
        <Data name="y">
          <value>-43.56973932680</value>
        </Data>
      </ExtendedData>
      <Point>
        <coordinates>
          172.759132512,-43.5697393268,0
        </coordinates>
      </Point>
    </Placemark>
    <Placemark>
      <name>Le Xom</name>
      <description><![CDATA[type: restaurant<br>Source: Open Street Map: http://www.openstreetmap.org.nz/<br>Update: 21/01/2019<br>x: 172.75884803600<br>y: -43.56876953050]]></description>
      <styleUrl>#icon-1577-795548</styleUrl>
      <ExtendedData>
        <Data name="type">
          <value>restaurant</value>
        </Data>
        <Data name="Source">
          <value>Open Street Map: http://www.openstreetmap.org.nz/</value>
        </Data>
        <Data name="Update">
          <value>21/01/2019</value>
        </Data>
        <Data name="x">
          <value>172.75884803600</value>
        </Data>
        <Data name="y">
          <value>-43.56876953050</value>
        </Data>
      </ExtendedData>
      <Point>
        <coordinates>
          172.758848036,-43.5687695305,0
        </coordinates>
      </Point>
    </Placemark>
    <Placemark>
      <name>Indian Sumner</name>
      <description><![CDATA[type: restaurant<br>Source: Open Street Map: http://www.openstreetmap.org.nz/<br>Update: 21/01/2019<br>x: 172.75924640400<br>y: -43.56904287790]]></description>
      <styleUrl>#icon-1577-795548</styleUrl>
      <ExtendedData>
        <Data name="type">
          <value>restaurant</value>
        </Data>
        <Data name="Source">
          <value>Open Street Map: http://www.openstreetmap.org.nz/</value>
        </Data>
        <Data name="Update">
          <value>21/01/2019</value>
        </Data>
        <Data name="x">
          <value>172.75924640400</value>
        </Data>
        <Data name="y">
          <value>-43.56904287790</value>
        </Data>
      </ExtendedData>
      <Point>
        <coordinates>
          172.759246404,-43.5690428779,0
        </coordinates>
      </Point>
    </Placemark>
    <Placemark>
      <name>Chilli Flakes</name>
      <description><![CDATA[type: restaurant<br>Source: Open Street Map: http://www.openstreetmap.org.nz/<br>Update: 21/01/2019<br>x: 172.72221879500<br>y: -43.55800816250]]></description>
      <styleUrl>#icon-1577-795548</styleUrl>
      <ExtendedData>
        <Data name="type">
          <value>restaurant</value>
        </Data>
        <Data name="Source">
          <value>Open Street Map: http://www.openstreetmap.org.nz/</value>
        </Data>
        <Data name="Update">
          <value>21/01/2019</value>
        </Data>
        <Data name="x">
          <value>172.72221879500</value>
        </Data>
        <Data name="y">
          <value>-43.55800816250</value>
        </Data>
      </ExtendedData>
      <Point>
        <coordinates>
          172.722218795,-43.5580081625,0
        </coordinates>
      </Point>
    </Placemark>
    <Placemark>
      <name>Money Bags</name>
      <description><![CDATA[type: restaurant<br>Source: Open Street Map: http://www.openstreetmap.org.nz/<br>Update: 21/01/2019<br>x: 172.73851268600<br>y: -43.56144923490]]></description>
      <styleUrl>#icon-1577-795548</styleUrl>
      <ExtendedData>
        <Data name="type">
          <value>restaurant</value>
        </Data>
        <Data name="Source">
          <value>Open Street Map: http://www.openstreetmap.org.nz/</value>
        </Data>
        <Data name="Update">
          <value>21/01/2019</value>
        </Data>
        <Data name="x">
          <value>172.73851268600</value>
        </Data>
        <Data name="y">
          <value>-43.56144923490</value>
        </Data>
      </ExtendedData>
      <Point>
        <coordinates>
          172.738512686,-43.5614492349,0
        </coordinates>
      </Point>
    </Placemark>
    <Placemark>
      <name>KFC</name>
      <description><![CDATA[type: restaurant<br>Source: Open Street Map: http://www.openstreetmap.org.nz/<br>Update: 21/01/2019<br>x: 172.37985623300<br>y: -43.59133600220]]></description>
      <styleUrl>#icon-1577-795548</styleUrl>
      <ExtendedData>
        <Data name="type">
          <value>restaurant</value>
        </Data>
        <Data name="Source">
          <value>Open Street Map: http://www.openstreetmap.org.nz/</value>
        </Data>
        <Data name="Update">
          <value>21/01/2019</value>
        </Data>
        <Data name="x">
          <value>172.37985623300</value>
        </Data>
        <Data name="y">
          <value>-43.59133600220</value>
        </Data>
      </ExtendedData>
      <Point>
        <coordinates>
          172.379856233,-43.5913360022,0
        </coordinates>
      </Point>
    </Placemark>
    <Placemark>
      <name>Cafe iZone</name>
      <description><![CDATA[type: restaurant<br>Source: Open Street Map: http://www.openstreetmap.org.nz/<br>Update: 21/01/2019<br>x: 172.37006698300<br>y: -43.58219934730]]></description>
      <styleUrl>#icon-1577-795548</styleUrl>
      <ExtendedData>
        <Data name="type">
          <value>restaurant</value>
        </Data>
        <Data name="Source">
          <value>Open Street Map: http://www.openstreetmap.org.nz/</value>
        </Data>
        <Data name="Update">
          <value>21/01/2019</value>
        </Data>
        <Data name="x">
          <value>172.37006698300</value>
        </Data>
        <Data name="y">
          <value>-43.58219934730</value>
        </Data>
      </ExtendedData>
      <Point>
        <coordinates>
          172.370066983,-43.5821993473,0
        </coordinates>
      </Point>
    </Placemark>
    <Placemark>
      <name>The Station</name>
      <description><![CDATA[type: restaurant<br>Source: Open Street Map: http://www.openstreetmap.org.nz/<br>Update: 21/01/2019<br>x: 172.60614695000<br>y: -43.49525240000]]></description>
      <styleUrl>#icon-1577-795548</styleUrl>
      <ExtendedData>
        <Data name="type">
          <value>restaurant</value>
        </Data>
        <Data name="Source">
          <value>Open Street Map: http://www.openstreetmap.org.nz/</value>
        </Data>
        <Data name="Update">
          <value>21/01/2019</value>
        </Data>
        <Data name="x">
          <value>172.60614695000</value>
        </Data>
        <Data name="y">
          <value>-43.49525240000</value>
        </Data>
      </ExtendedData>
      <Point>
        <coordinates>
          172.60614695,-43.4952524,0
        </coordinates>
      </Point>
    </Placemark>
    <Placemark>
      <name>Piccolo</name>
      <description><![CDATA[type: restaurant<br>Source: Open Street Map: http://www.openstreetmap.org.nz/<br>Update: 21/01/2019<br>x: 172.62651685900<br>y: -43.56324993450]]></description>
      <styleUrl>#icon-1577-795548</styleUrl>
      <ExtendedData>
        <Data name="type">
          <value>restaurant</value>
        </Data>
        <Data name="Source">
          <value>Open Street Map: http://www.openstreetmap.org.nz/</value>
        </Data>
        <Data name="Update">
          <value>21/01/2019</value>
        </Data>
        <Data name="x">
          <value>172.62651685900</value>
        </Data>
        <Data name="y">
          <value>-43.56324993450</value>
        </Data>
      </ExtendedData>
      <Point>
        <coordinates>
          172.626516859,-43.5632499345,0
        </coordinates>
      </Point>
    </Placemark>
    <Placemark>
      <name>The Hilltop</name>
      <description><![CDATA[type: restaurant<br>Source: Open Street Map: http://www.openstreetmap.org.nz/<br>Update: 21/01/2019<br>x: 172.86952449900<br>y: -43.74916746420]]></description>
      <styleUrl>#icon-1577-795548</styleUrl>
      <ExtendedData>
        <Data name="type">
          <value>restaurant</value>
        </Data>
        <Data name="Source">
          <value>Open Street Map: http://www.openstreetmap.org.nz/</value>
        </Data>
        <Data name="Update">
          <value>21/01/2019</value>
        </Data>
        <Data name="x">
          <value>172.86952449900</value>
        </Data>
        <Data name="y">
          <value>-43.74916746420</value>
        </Data>
      </ExtendedData>
      <Point>
        <coordinates>
          172.869524499,-43.7491674642,0
        </coordinates>
      </Point>
    </Placemark>
    <Placemark>
      <name>The Little High Eatery</name>
      <description><![CDATA[type: restaurant<br>Source: Open Street Map: http://www.openstreetmap.org.nz/<br>Update: 21/01/2019<br>x: 172.64096846700<br>y: -43.53577893420]]></description>
      <styleUrl>#icon-1577-795548</styleUrl>
      <ExtendedData>
        <Data name="type">
          <value>restaurant</value>
        </Data>
        <Data name="Source">
          <value>Open Street Map: http://www.openstreetmap.org.nz/</value>
        </Data>
        <Data name="Update">
          <value>21/01/2019</value>
        </Data>
        <Data name="x">
          <value>172.64096846700</value>
        </Data>
        <Data name="y">
          <value>-43.53577893420</value>
        </Data>
      </ExtendedData>
      <Point>
        <coordinates>
          172.640968467,-43.5357789342,0
        </coordinates>
      </Point>
    </Placemark>
    <Placemark>
      <name>Papanui Club</name>
      <description><![CDATA[type: restaurant<br>Source: Open Street Map: http://www.openstreetmap.org.nz/<br>Update: 21/01/2019<br>x: 172.59034878500<br>y: -43.47810825560]]></description>
      <styleUrl>#icon-1577-795548</styleUrl>
      <ExtendedData>
        <Data name="type">
          <value>restaurant</value>
        </Data>
        <Data name="Source">
          <value>Open Street Map: http://www.openstreetmap.org.nz/</value>
        </Data>
        <Data name="Update">
          <value>21/01/2019</value>
        </Data>
        <Data name="x">
          <value>172.59034878500</value>
        </Data>
        <Data name="y">
          <value>-43.47810825560</value>
        </Data>
      </ExtendedData>
      <Point>
        <coordinates>
          172.590348785,-43.4781082556,0
        </coordinates>
      </Point>
    </Placemark>
    <Placemark>
      <name>The Sign of the Takahe</name>
      <description><![CDATA[type: restaurant<br>Source: Open Street Map: http://www.openstreetmap.org.nz/<br>Update: 21/01/2019<br>x: 172.63543620000<br>y: -43.58158520000]]></description>
      <styleUrl>#icon-1577-795548</styleUrl>
      <ExtendedData>
        <Data name="type">
          <value>restaurant</value>
        </Data>
        <Data name="Source">
          <value>Open Street Map: http://www.openstreetmap.org.nz/</value>
        </Data>
        <Data name="Update">
          <value>21/01/2019</value>
        </Data>
        <Data name="x">
          <value>172.63543620000</value>
        </Data>
        <Data name="y">
          <value>-43.58158520000</value>
        </Data>
      </ExtendedData>
      <Point>
        <coordinates>
          172.6354362,-43.5815852,0
        </coordinates>
      </Point>
    </Placemark>
    <Placemark>
      <name>Thai Rendezvous</name>
      <description><![CDATA[type: restaurant<br>Source: Open Street Map: http://www.openstreetmap.org.nz/<br>Update: 21/01/2019<br>x: 172.61912730000<br>y: -43.55721670000]]></description>
      <styleUrl>#icon-1577-795548</styleUrl>
      <ExtendedData>
        <Data name="type">
          <value>restaurant</value>
        </Data>
        <Data name="Source">
          <value>Open Street Map: http://www.openstreetmap.org.nz/</value>
        </Data>
        <Data name="Update">
          <value>21/01/2019</value>
        </Data>
        <Data name="x">
          <value>172.61912730000</value>
        </Data>
        <Data name="y">
          <value>-43.55721670000</value>
        </Data>
      </ExtendedData>
      <Point>
        <coordinates>
          172.6191273,-43.5572167,0
        </coordinates>
      </Point>
    </Placemark>
    <Placemark>
      <name>La Porchetta</name>
      <description><![CDATA[type: restaurant<br>Source: Open Street Map: http://www.openstreetmap.org.nz/<br>Update: 21/01/2019<br>x: 172.60059650000<br>y: -43.53051870000]]></description>
      <styleUrl>#icon-1577-795548</styleUrl>
      <ExtendedData>
        <Data name="type">
          <value>restaurant</value>
        </Data>
        <Data name="Source">
          <value>Open Street Map: http://www.openstreetmap.org.nz/</value>
        </Data>
        <Data name="Update">
          <value>21/01/2019</value>
        </Data>
        <Data name="x">
          <value>172.60059650000</value>
        </Data>
        <Data name="y">
          <value>-43.53051870000</value>
        </Data>
      </ExtendedData>
      <Point>
        <coordinates>
          172.6005965,-43.5305187,0
        </coordinates>
      </Point>
    </Placemark>
    <Placemark>
      <name>One Good Horse</name>
      <description><![CDATA[type: restaurant<br>Source: Open Street Map: http://www.openstreetmap.org.nz/<br>Update: 21/01/2019<br>x: 172.55378930000<br>y: -43.51707110000]]></description>
      <styleUrl>#icon-1577-795548</styleUrl>
      <ExtendedData>
        <Data name="type">
          <value>restaurant</value>
        </Data>
        <Data name="Source">
          <value>Open Street Map: http://www.openstreetmap.org.nz/</value>
        </Data>
        <Data name="Update">
          <value>21/01/2019</value>
        </Data>
        <Data name="x">
          <value>172.55378930000</value>
        </Data>
        <Data name="y">
          <value>-43.51707110000</value>
        </Data>
      </ExtendedData>
      <Point>
        <coordinates>
          172.5537893,-43.5170711,0
        </coordinates>
      </Point>
    </Placemark>
    <Placemark>
      <name>The Packingshed Cafe</name>
      <description><![CDATA[type: restaurant<br>Source: Open Street Map: http://www.openstreetmap.org.nz/<br>Update: 21/01/2019<br>x: 172.58874070000<br>y: -43.61654460000]]></description>
      <styleUrl>#icon-1577-795548</styleUrl>
      <ExtendedData>
        <Data name="type">
          <value>restaurant</value>
        </Data>
        <Data name="Source">
          <value>Open Street Map: http://www.openstreetmap.org.nz/</value>
        </Data>
        <Data name="Update">
          <value>21/01/2019</value>
        </Data>
        <Data name="x">
          <value>172.58874070000</value>
        </Data>
        <Data name="y">
          <value>-43.61654460000</value>
        </Data>
      </ExtendedData>
      <Point>
        <coordinates>
          172.5887407,-43.6165446,0
        </coordinates>
      </Point>
    </Placemark>
    <Placemark>
      <name>Rossendale Restaurant</name>
      <description><![CDATA[type: restaurant<br>Source: Open Street Map: http://www.openstreetmap.org.nz/<br>Update: 21/01/2019<br>x: 172.56937430000<br>y: -43.60817840000]]></description>
      <styleUrl>#icon-1577-795548</styleUrl>
      <ExtendedData>
        <Data name="type">
          <value>restaurant</value>
        </Data>
        <Data name="Source">
          <value>Open Street Map: http://www.openstreetmap.org.nz/</value>
        </Data>
        <Data name="Update">
          <value>21/01/2019</value>
        </Data>
        <Data name="x">
          <value>172.56937430000</value>
        </Data>
        <Data name="y">
          <value>-43.60817840000</value>
        </Data>
      </ExtendedData>
      <Point>
        <coordinates>
          172.5693743,-43.6081784,0
        </coordinates>
      </Point>
    </Placemark>
    <Placemark>
      <name><![CDATA[Nando"s, Riccarton]]></name>
      <description><![CDATA[type: restaurant<br>Source: Open Street Map: http://www.openstreetmap.org.nz/<br>Update: 21/01/2019<br>x: 172.60848180000<br>y: -43.52930900000]]></description>
      <styleUrl>#icon-1577-795548</styleUrl>
      <ExtendedData>
        <Data name="type">
          <value>restaurant</value>
        </Data>
        <Data name="Source">
          <value>Open Street Map: http://www.openstreetmap.org.nz/</value>
        </Data>
        <Data name="Update">
          <value>21/01/2019</value>
        </Data>
        <Data name="x">
          <value>172.60848180000</value>
        </Data>
        <Data name="y">
          <value>-43.52930900000</value>
        </Data>
      </ExtendedData>
      <Point>
        <coordinates>
          172.6084818,-43.529309,0
        </coordinates>
      </Point>
    </Placemark>
    <Placemark>
      <name><![CDATA[Nor'wester]]></name>
      <description><![CDATA[type: restaurant<br>Source: Open Street Map: http://www.openstreetmap.org.nz/<br>Update: 21/01/2019<br>x: 172.73036670000<br>y: -43.15378580000]]></description>
      <styleUrl>#icon-1577-795548</styleUrl>
      <ExtendedData>
        <Data name="type">
          <value>restaurant</value>
        </Data>
        <Data name="Source">
          <value>Open Street Map: http://www.openstreetmap.org.nz/</value>
        </Data>
        <Data name="Update">
          <value>21/01/2019</value>
        </Data>
        <Data name="x">
          <value>172.73036670000</value>
        </Data>
        <Data name="y">
          <value>-43.15378580000</value>
        </Data>
      </ExtendedData>
      <Point>
        <coordinates>
          172.7303667,-43.1537858,0
        </coordinates>
      </Point>
    </Placemark>
    <Placemark>
      <name>Ancestral</name>
      <description><![CDATA[type: restaurant<br>Source: Open Street Map: http://www.openstreetmap.org.nz/<br>Update: 21/01/2019<br>x: 172.60845700000<br>y: -43.52968440000]]></description>
      <styleUrl>#icon-1577-795548</styleUrl>
      <ExtendedData>
        <Data name="type">
          <value>restaurant</value>
        </Data>
        <Data name="Source">
          <value>Open Street Map: http://www.openstreetmap.org.nz/</value>
        </Data>
        <Data name="Update">
          <value>21/01/2019</value>
        </Data>
        <Data name="x">
          <value>172.60845700000</value>
        </Data>
        <Data name="y">
          <value>-43.52968440000</value>
        </Data>
      </ExtendedData>
      <Point>
        <coordinates>
          172.608457,-43.5296844,0
        </coordinates>
      </Point>
    </Placemark>
    <Placemark>
      <name>Bailies</name>
      <description><![CDATA[type: restaurant<br>Source: Open Street Map: http://www.openstreetmap.org.nz/<br>Update: 21/01/2019<br>x: 172.63681680000<br>y: -43.51378070000]]></description>
      <styleUrl>#icon-1577-795548</styleUrl>
      <ExtendedData>
        <Data name="type">
          <value>restaurant</value>
        </Data>
        <Data name="Source">
          <value>Open Street Map: http://www.openstreetmap.org.nz/</value>
        </Data>
        <Data name="Update">
          <value>21/01/2019</value>
        </Data>
        <Data name="x">
          <value>172.63681680000</value>
        </Data>
        <Data name="y">
          <value>-43.51378070000</value>
        </Data>
      </ExtendedData>
      <Point>
        <coordinates>
          172.6368168,-43.5137807,0
        </coordinates>
      </Point>
    </Placemark>
    <Placemark>
      <name>Arjee Bhajee</name>
      <description><![CDATA[type: restaurant<br>Source: Open Street Map: http://www.openstreetmap.org.nz/<br>Update: 21/01/2019<br>x: 172.61092820000<br>y: -43.52899530000]]></description>
      <styleUrl>#icon-1577-795548</styleUrl>
      <ExtendedData>
        <Data name="type">
          <value>restaurant</value>
        </Data>
        <Data name="Source">
          <value>Open Street Map: http://www.openstreetmap.org.nz/</value>
        </Data>
        <Data name="Update">
          <value>21/01/2019</value>
        </Data>
        <Data name="x">
          <value>172.61092820000</value>
        </Data>
        <Data name="y">
          <value>-43.52899530000</value>
        </Data>
      </ExtendedData>
      <Point>
        <coordinates>
          172.6109282,-43.5289953,0
        </coordinates>
      </Point>
    </Placemark>
    <Placemark>
      <name>Thai Orchid</name>
      <description><![CDATA[type: restaurant<br>Source: Open Street Map: http://www.openstreetmap.org.nz/<br>Update: 21/01/2019<br>x: 172.61011810000<br>y: -43.52912560000]]></description>
      <styleUrl>#icon-1577-795548</styleUrl>
      <ExtendedData>
        <Data name="type">
          <value>restaurant</value>
        </Data>
        <Data name="Source">
          <value>Open Street Map: http://www.openstreetmap.org.nz/</value>
        </Data>
        <Data name="Update">
          <value>21/01/2019</value>
        </Data>
        <Data name="x">
          <value>172.61011810000</value>
        </Data>
        <Data name="y">
          <value>-43.52912560000</value>
        </Data>
      </ExtendedData>
      <Point>
        <coordinates>
          172.6101181,-43.5291256,0
        </coordinates>
      </Point>
    </Placemark>
    <Placemark>
      <name>Dux Dine Riccarton</name>
      <description><![CDATA[type: restaurant<br>Source: Open Street Map: http://www.openstreetmap.org.nz/<br>Update: 21/01/2019<br>x: 172.60825670000<br>y: -43.52865500000]]></description>
      <styleUrl>#icon-1577-795548</styleUrl>
      <ExtendedData>
        <Data name="type">
          <value>restaurant</value>
        </Data>
        <Data name="Source">
          <value>Open Street Map: http://www.openstreetmap.org.nz/</value>
        </Data>
        <Data name="Update">
          <value>21/01/2019</value>
        </Data>
        <Data name="x">
          <value>172.60825670000</value>
        </Data>
        <Data name="y">
          <value>-43.52865500000</value>
        </Data>
      </ExtendedData>
      <Point>
        <coordinates>
          172.6082567,-43.528655,0
        </coordinates>
      </Point>
    </Placemark>
    <Placemark>
      <name><![CDATA[St. Pierre's Sushi of Japan]]></name>
      <description><![CDATA[type: restaurant<br>Source: Open Street Map: http://www.openstreetmap.org.nz/<br>Update: 21/01/2019<br>x: 172.60719450000<br>y: -43.52934140000]]></description>
      <styleUrl>#icon-1577-795548</styleUrl>
      <ExtendedData>
        <Data name="type">
          <value>restaurant</value>
        </Data>
        <Data name="Source">
          <value>Open Street Map: http://www.openstreetmap.org.nz/</value>
        </Data>
        <Data name="Update">
          <value>21/01/2019</value>
        </Data>
        <Data name="x">
          <value>172.60719450000</value>
        </Data>
        <Data name="y">
          <value>-43.52934140000</value>
        </Data>
      </ExtendedData>
      <Point>
        <coordinates>
          172.6071945,-43.5293414,0
        </coordinates>
      </Point>
    </Placemark>
    <Placemark>
      <name><![CDATA[Domino's Pizza]]></name>
      <description><![CDATA[type: restaurant<br>Source: Open Street Map: http://www.openstreetmap.org.nz/<br>Update: 21/01/2019<br>x: 172.61172770000<br>y: -43.54377160000]]></description>
      <styleUrl>#icon-1577-795548</styleUrl>
      <ExtendedData>
        <Data name="type">
          <value>restaurant</value>
        </Data>
        <Data name="Source">
          <value>Open Street Map: http://www.openstreetmap.org.nz/</value>
        </Data>
        <Data name="Update">
          <value>21/01/2019</value>
        </Data>
        <Data name="x">
          <value>172.61172770000</value>
        </Data>
        <Data name="y">
          <value>-43.54377160000</value>
        </Data>
      </ExtendedData>
      <Point>
        <coordinates>
          172.6117277,-43.5437716,0
        </coordinates>
      </Point>
    </Placemark>
    <Placemark>
      <name>The Birdwood Pizzeria</name>
      <description><![CDATA[type: restaurant<br>Source: Open Street Map: http://www.openstreetmap.org.nz/<br>Update: 21/01/2019<br>x: 172.64289220000<br>y: -43.56516910000]]></description>
      <styleUrl>#icon-1577-795548</styleUrl>
      <ExtendedData>
        <Data name="type">
          <value>restaurant</value>
        </Data>
        <Data name="Source">
          <value>Open Street Map: http://www.openstreetmap.org.nz/</value>
        </Data>
        <Data name="Update">
          <value>21/01/2019</value>
        </Data>
        <Data name="x">
          <value>172.64289220000</value>
        </Data>
        <Data name="y">
          <value>-43.56516910000</value>
        </Data>
      </ExtendedData>
      <Point>
        <coordinates>
          172.6428922,-43.5651691,0
        </coordinates>
      </Point>
    </Placemark>
    <Placemark>
      <name>Newtown Takeaways</name>
      <description><![CDATA[type: restaurant<br>Source: Open Street Map: http://www.openstreetmap.org.nz/<br>Update: 21/01/2019<br>x: 172.64663890000<br>y: -43.56713660000]]></description>
      <styleUrl>#icon-1577-795548</styleUrl>
      <ExtendedData>
        <Data name="type">
          <value>restaurant</value>
        </Data>
        <Data name="Source">
          <value>Open Street Map: http://www.openstreetmap.org.nz/</value>
        </Data>
        <Data name="Update">
          <value>21/01/2019</value>
        </Data>
        <Data name="x">
          <value>172.64663890000</value>
        </Data>
        <Data name="y">
          <value>-43.56713660000</value>
        </Data>
      </ExtendedData>
      <Point>
        <coordinates>
          172.6466389,-43.5671366,0
        </coordinates>
      </Point>
    </Placemark>
    <Placemark>
      <name>Chopsticks</name>
      <description><![CDATA[type: restaurant<br>Source: Open Street Map: http://www.openstreetmap.org.nz/<br>Update: 21/01/2019<br>x: 172.59021590000<br>y: -43.50913230000]]></description>
      <styleUrl>#icon-1577-795548</styleUrl>
      <ExtendedData>
        <Data name="type">
          <value>restaurant</value>
        </Data>
        <Data name="Source">
          <value>Open Street Map: http://www.openstreetmap.org.nz/</value>
        </Data>
        <Data name="Update">
          <value>21/01/2019</value>
        </Data>
        <Data name="x">
          <value>172.59021590000</value>
        </Data>
        <Data name="y">
          <value>-43.50913230000</value>
        </Data>
      </ExtendedData>
      <Point>
        <coordinates>
          172.5902159,-43.5091323,0
        </coordinates>
      </Point>
    </Placemark>
    <Placemark>
      <name>Subway</name>
      <description><![CDATA[type: restaurant<br>Source: Open Street Map: http://www.openstreetmap.org.nz/<br>Update: 21/01/2019<br>x: 172.59518160000<br>y: -43.30412890000]]></description>
      <styleUrl>#icon-1577-795548</styleUrl>
      <ExtendedData>
        <Data name="type">
          <value>restaurant</value>
        </Data>
        <Data name="Source">
          <value>Open Street Map: http://www.openstreetmap.org.nz/</value>
        </Data>
        <Data name="Update">
          <value>21/01/2019</value>
        </Data>
        <Data name="x">
          <value>172.59518160000</value>
        </Data>
        <Data name="y">
          <value>-43.30412890000</value>
        </Data>
      </ExtendedData>
      <Point>
        <coordinates>
          172.5951816,-43.3041289,0
        </coordinates>
      </Point>
    </Placemark>
    <Placemark>
      <name><![CDATA[Coriander's Ethnic Indian Restaurant]]></name>
      <description><![CDATA[type: restaurant<br>Source: Open Street Map: http://www.openstreetmap.org.nz/<br>Update: 21/01/2019<br>x: 172.38486130000<br>y: -43.59561880000]]></description>
      <styleUrl>#icon-1577-795548</styleUrl>
      <ExtendedData>
        <Data name="type">
          <value>restaurant</value>
        </Data>
        <Data name="Source">
          <value>Open Street Map: http://www.openstreetmap.org.nz/</value>
        </Data>
        <Data name="Update">
          <value>21/01/2019</value>
        </Data>
        <Data name="x">
          <value>172.38486130000</value>
        </Data>
        <Data name="y">
          <value>-43.59561880000</value>
        </Data>
      </ExtendedData>
      <Point>
        <coordinates>
          172.3848613,-43.5956188,0
        </coordinates>
      </Point>
    </Placemark>
    <Placemark>
      <name>Monkey Spices</name>
      <description><![CDATA[type: restaurant<br>Source: Open Street Map: http://www.openstreetmap.org.nz/<br>Update: 21/01/2019<br>x: 172.38495620000<br>y: -43.59558270000]]></description>
      <styleUrl>#icon-1577-795548</styleUrl>
      <ExtendedData>
        <Data name="type">
          <value>restaurant</value>
        </Data>
        <Data name="Source">
          <value>Open Street Map: http://www.openstreetmap.org.nz/</value>
        </Data>
        <Data name="Update">
          <value>21/01/2019</value>
        </Data>
        <Data name="x">
          <value>172.38495620000</value>
        </Data>
        <Data name="y">
          <value>-43.59558270000</value>
        </Data>
      </ExtendedData>
      <Point>
        <coordinates>
          172.3849562,-43.5955827,0
        </coordinates>
      </Point>
    </Placemark>
    <Placemark>
      <name>Mitchellis Caf├® Rinato</name>
      <description><![CDATA[type: restaurant<br>Source: Open Street Map: http://www.openstreetmap.org.nz/<br>Update: 21/01/2019<br>x: 172.68015360000<br>y: -43.55783060000]]></description>
      <styleUrl>#icon-1577-795548</styleUrl>
      <ExtendedData>
        <Data name="type">
          <value>restaurant</value>
        </Data>
        <Data name="Source">
          <value>Open Street Map: http://www.openstreetmap.org.nz/</value>
        </Data>
        <Data name="Update">
          <value>21/01/2019</value>
        </Data>
        <Data name="x">
          <value>172.68015360000</value>
        </Data>
        <Data name="y">
          <value>-43.55783060000</value>
        </Data>
      </ExtendedData>
      <Point>
        <coordinates>
          172.6801536,-43.5578306,0
        </coordinates>
      </Point>
    </Placemark>
    <Placemark>
      <name>Duo</name>
      <description><![CDATA[type: restaurant<br>Source: Open Street Map: http://www.openstreetmap.org.nz/<br>Update: 21/01/2019<br>x: 172.62788000000<br>y: -43.53249600000]]></description>
      <styleUrl>#icon-1577-795548</styleUrl>
      <ExtendedData>
        <Data name="type">
          <value>restaurant</value>
        </Data>
        <Data name="Source">
          <value>Open Street Map: http://www.openstreetmap.org.nz/</value>
        </Data>
        <Data name="Update">
          <value>21/01/2019</value>
        </Data>
        <Data name="x">
          <value>172.62788000000</value>
        </Data>
        <Data name="y">
          <value>-43.53249600000</value>
        </Data>
      </ExtendedData>
      <Point>
        <coordinates>
          172.62788,-43.532496,0
        </coordinates>
      </Point>
    </Placemark>
    <Placemark>
      <name>Kaiapoi Club</name>
      <description><![CDATA[type: restaurant<br>Source: Open Street Map: http://www.openstreetmap.org.nz/<br>Update: 21/01/2019<br>x: 172.65573190000<br>y: -43.38243610000]]></description>
      <styleUrl>#icon-1577-795548</styleUrl>
      <ExtendedData>
        <Data name="type">
          <value>restaurant</value>
        </Data>
        <Data name="Source">
          <value>Open Street Map: http://www.openstreetmap.org.nz/</value>
        </Data>
        <Data name="Update">
          <value>21/01/2019</value>
        </Data>
        <Data name="x">
          <value>172.65573190000</value>
        </Data>
        <Data name="y">
          <value>-43.38243610000</value>
        </Data>
      </ExtendedData>
      <Point>
        <coordinates>
          172.6557319,-43.3824361,0
        </coordinates>
      </Point>
    </Placemark>
    <Placemark>
      <name>Sunshine Vietnamese Restaurant</name>
      <description><![CDATA[type: restaurant<br>Source: Open Street Map: http://www.openstreetmap.org.nz/<br>Update: 21/01/2019<br>x: 172.65682370000<br>y: -43.38523990000]]></description>
      <styleUrl>#icon-1577-795548</styleUrl>
      <ExtendedData>
        <Data name="type">
          <value>restaurant</value>
        </Data>
        <Data name="Source">
          <value>Open Street Map: http://www.openstreetmap.org.nz/</value>
        </Data>
        <Data name="Update">
          <value>21/01/2019</value>
        </Data>
        <Data name="x">
          <value>172.65682370000</value>
        </Data>
        <Data name="y">
          <value>-43.38523990000</value>
        </Data>
      </ExtendedData>
      <Point>
        <coordinates>
          172.6568237,-43.3852399,0
        </coordinates>
      </Point>
    </Placemark>
    <Placemark>
      <name>@Tonys Teppan Yaki Restaurant</name>
      <description><![CDATA[type: restaurant<br>Source: Open Street Map: http://www.openstreetmap.org.nz/<br>Update: 21/01/2019<br>x: 172.69837630000<br>y: -43.55604440000]]></description>
      <styleUrl>#icon-1577-795548</styleUrl>
      <ExtendedData>
        <Data name="type">
          <value>restaurant</value>
        </Data>
        <Data name="Source">
          <value>Open Street Map: http://www.openstreetmap.org.nz/</value>
        </Data>
        <Data name="Update">
          <value>21/01/2019</value>
        </Data>
        <Data name="x">
          <value>172.69837630000</value>
        </Data>
        <Data name="y">
          <value>-43.55604440000</value>
        </Data>
      </ExtendedData>
      <Point>
        <coordinates>
          172.6983763,-43.5560444,0
        </coordinates>
      </Point>
    </Placemark>
    <Placemark>
      <name>Winnie Bagoes Restaurant and Bar</name>
      <description><![CDATA[type: restaurant<br>Source: Open Street Map: http://www.openstreetmap.org.nz/<br>Update: 21/01/2019<br>x: 172.69811270000<br>y: -43.55609500000]]></description>
      <styleUrl>#icon-1577-795548</styleUrl>
      <ExtendedData>
        <Data name="type">
          <value>restaurant</value>
        </Data>
        <Data name="Source">
          <value>Open Street Map: http://www.openstreetmap.org.nz/</value>
        </Data>
        <Data name="Update">
          <value>21/01/2019</value>
        </Data>
        <Data name="x">
          <value>172.69811270000</value>
        </Data>
        <Data name="y">
          <value>-43.55609500000</value>
        </Data>
      </ExtendedData>
      <Point>
        <coordinates>
          172.6981127,-43.556095,0
        </coordinates>
      </Point>
    </Placemark>
    <Placemark>
      <name><![CDATA[Speight's Ale House]]></name>
      <description><![CDATA[type: restaurant<br>Source: Open Street Map: http://www.openstreetmap.org.nz/<br>Update: 21/01/2019<br>x: 172.69779660000<br>y: -43.55584170000]]></description>
      <styleUrl>#icon-1577-795548</styleUrl>
      <ExtendedData>
        <Data name="type">
          <value>restaurant</value>
        </Data>
        <Data name="Source">
          <value>Open Street Map: http://www.openstreetmap.org.nz/</value>
        </Data>
        <Data name="Update">
          <value>21/01/2019</value>
        </Data>
        <Data name="x">
          <value>172.69779660000</value>
        </Data>
        <Data name="y">
          <value>-43.55584170000</value>
        </Data>
      </ExtendedData>
      <Point>
        <coordinates>
          172.6977966,-43.5558417,0
        </coordinates>
      </Point>
    </Placemark>
    <Placemark>
      <name>Gorilla bar</name>
      <description><![CDATA[type: restaurant<br>Source: Open Street Map: http://www.openstreetmap.org.nz/<br>Update: 21/01/2019<br>x: 172.69790220000<br>y: -43.55608350000]]></description>
      <styleUrl>#icon-1577-795548</styleUrl>
      <ExtendedData>
        <Data name="type">
          <value>restaurant</value>
        </Data>
        <Data name="Source">
          <value>Open Street Map: http://www.openstreetmap.org.nz/</value>
        </Data>
        <Data name="Update">
          <value>21/01/2019</value>
        </Data>
        <Data name="x">
          <value>172.69790220000</value>
        </Data>
        <Data name="y">
          <value>-43.55608350000</value>
        </Data>
      </ExtendedData>
      <Point>
        <coordinates>
          172.6979022,-43.5560835,0
        </coordinates>
      </Point>
    </Placemark>
    <Placemark>
      <name>Punjabi Dhaba</name>
      <description><![CDATA[type: restaurant<br>Source: Open Street Map: http://www.openstreetmap.org.nz/<br>Update: 21/01/2019<br>x: 172.70458820000<br>y: -43.55692130000]]></description>
      <styleUrl>#icon-1577-795548</styleUrl>
      <ExtendedData>
        <Data name="type">
          <value>restaurant</value>
        </Data>
        <Data name="Source">
          <value>Open Street Map: http://www.openstreetmap.org.nz/</value>
        </Data>
        <Data name="Update">
          <value>21/01/2019</value>
        </Data>
        <Data name="x">
          <value>172.70458820000</value>
        </Data>
        <Data name="y">
          <value>-43.55692130000</value>
        </Data>
      </ExtendedData>
      <Point>
        <coordinates>
          172.7045882,-43.5569213,0
        </coordinates>
      </Point>
    </Placemark>
    <Placemark>
      <name><![CDATA[Pegasus Bay Winery & Restaurant]]></name>
      <description><![CDATA[type: restaurant<br>Source: Open Street Map: http://www.openstreetmap.org.nz/<br>Update: 21/01/2019<br>x: 172.77089590000<br>y: -43.09237110000]]></description>
      <styleUrl>#icon-1577-795548</styleUrl>
      <ExtendedData>
        <Data name="type">
          <value>restaurant</value>
        </Data>
        <Data name="Source">
          <value>Open Street Map: http://www.openstreetmap.org.nz/</value>
        </Data>
        <Data name="Update">
          <value>21/01/2019</value>
        </Data>
        <Data name="x">
          <value>172.77089590000</value>
        </Data>
        <Data name="y">
          <value>-43.09237110000</value>
        </Data>
      </ExtendedData>
      <Point>
        <coordinates>
          172.7708959,-43.0923711,0
        </coordinates>
      </Point>
    </Placemark>
    <Placemark>
      <name><![CDATA[JDV Restaurant & Bar]]></name>
      <description><![CDATA[type: restaurant<br>Source: Open Street Map: http://www.openstreetmap.org.nz/<br>Update: 21/01/2019<br>x: 172.62091390000<br>y: -43.51218790000]]></description>
      <styleUrl>#icon-1577-795548</styleUrl>
      <ExtendedData>
        <Data name="type">
          <value>restaurant</value>
        </Data>
        <Data name="Source">
          <value>Open Street Map: http://www.openstreetmap.org.nz/</value>
        </Data>
        <Data name="Update">
          <value>21/01/2019</value>
        </Data>
        <Data name="x">
          <value>172.62091390000</value>
        </Data>
        <Data name="y">
          <value>-43.51218790000</value>
        </Data>
      </ExtendedData>
      <Point>
        <coordinates>
          172.6209139,-43.5121879,0
        </coordinates>
      </Point>
    </Placemark>
    <Placemark>
      <name>Little Saigon Vietnamese Restaurant</name>
      <description><![CDATA[type: restaurant<br>Source: Open Street Map: http://www.openstreetmap.org.nz/<br>Update: 21/01/2019<br>x: 172.63651080000<br>y: -43.53858470000]]></description>
      <styleUrl>#icon-1577-795548</styleUrl>
      <ExtendedData>
        <Data name="type">
          <value>restaurant</value>
        </Data>
        <Data name="Source">
          <value>Open Street Map: http://www.openstreetmap.org.nz/</value>
        </Data>
        <Data name="Update">
          <value>21/01/2019</value>
        </Data>
        <Data name="x">
          <value>172.63651080000</value>
        </Data>
        <Data name="y">
          <value>-43.53858470000</value>
        </Data>
      </ExtendedData>
      <Point>
        <coordinates>
          172.6365108,-43.5385847,0
        </coordinates>
      </Point>
    </Placemark>
    <Placemark>
      <name>Southern Asian Restaurant</name>
      <description><![CDATA[type: restaurant<br>Source: Open Street Map: http://www.openstreetmap.org.nz/<br>Update: 21/01/2019<br>x: 172.63650850000<br>y: -43.53847370000]]></description>
      <styleUrl>#icon-1577-795548</styleUrl>
      <ExtendedData>
        <Data name="type">
          <value>restaurant</value>
        </Data>
        <Data name="Source">
          <value>Open Street Map: http://www.openstreetmap.org.nz/</value>
        </Data>
        <Data name="Update">
          <value>21/01/2019</value>
        </Data>
        <Data name="x">
          <value>172.63650850000</value>
        </Data>
        <Data name="y">
          <value>-43.53847370000</value>
        </Data>
      </ExtendedData>
      <Point>
        <coordinates>
          172.6365085,-43.5384737,0
        </coordinates>
      </Point>
    </Placemark>
    <Placemark>
      <name>Fiddlesticks</name>
      <description><![CDATA[type: restaurant<br>Source: Open Street Map: http://www.openstreetmap.org.nz/<br>Update: 21/01/2019<br>x: 172.63079000000<br>y: -43.53106770000]]></description>
      <styleUrl>#icon-1577-795548</styleUrl>
      <ExtendedData>
        <Data name="type">
          <value>restaurant</value>
        </Data>
        <Data name="Source">
          <value>Open Street Map: http://www.openstreetmap.org.nz/</value>
        </Data>
        <Data name="Update">
          <value>21/01/2019</value>
        </Data>
        <Data name="x">
          <value>172.63079000000</value>
        </Data>
        <Data name="y">
          <value>-43.53106770000</value>
        </Data>
      </ExtendedData>
      <Point>
        <coordinates>
          172.63079,-43.5310677,0
        </coordinates>
      </Point>
    </Placemark>
    <Placemark>
      <name>Native Thai</name>
      <description><![CDATA[type: restaurant<br>Source: Open Street Map: http://www.openstreetmap.org.nz/<br>Update: 21/01/2019<br>x: 172.59178520000<br>y: -43.30371690000]]></description>
      <styleUrl>#icon-1577-795548</styleUrl>
      <ExtendedData>
        <Data name="type">
          <value>restaurant</value>
        </Data>
        <Data name="Source">
          <value>Open Street Map: http://www.openstreetmap.org.nz/</value>
        </Data>
        <Data name="Update">
          <value>21/01/2019</value>
        </Data>
        <Data name="x">
          <value>172.59178520000</value>
        </Data>
        <Data name="y">
          <value>-43.30371690000</value>
        </Data>
      </ExtendedData>
      <Point>
        <coordinates>
          172.5917852,-43.3037169,0
        </coordinates>
      </Point>
    </Placemark>
    <Placemark>
      <name>sushiya</name>
      <description><![CDATA[type: restaurant<br>Source: Open Street Map: http://www.openstreetmap.org.nz/<br>Update: 21/01/2019<br>x: 172.59203120000<br>y: -43.30369850000]]></description>
      <styleUrl>#icon-1577-795548</styleUrl>
      <ExtendedData>
        <Data name="type">
          <value>restaurant</value>
        </Data>
        <Data name="Source">
          <value>Open Street Map: http://www.openstreetmap.org.nz/</value>
        </Data>
        <Data name="Update">
          <value>21/01/2019</value>
        </Data>
        <Data name="x">
          <value>172.59203120000</value>
        </Data>
        <Data name="y">
          <value>-43.30369850000</value>
        </Data>
      </ExtendedData>
      <Point>
        <coordinates>
          172.5920312,-43.3036985,0
        </coordinates>
      </Point>
    </Placemark>
    <Placemark>
      <name>Stillwater</name>
      <description><![CDATA[type: restaurant<br>Source: Open Street Map: http://www.openstreetmap.org.nz/<br>Update: 21/01/2019<br>x: 172.66501910000<br>y: -43.32115430000]]></description>
      <styleUrl>#icon-1577-795548</styleUrl>
      <ExtendedData>
        <Data name="type">
          <value>restaurant</value>
        </Data>
        <Data name="Source">
          <value>Open Street Map: http://www.openstreetmap.org.nz/</value>
        </Data>
        <Data name="Update">
          <value>21/01/2019</value>
        </Data>
        <Data name="x">
          <value>172.66501910000</value>
        </Data>
        <Data name="y">
          <value>-43.32115430000</value>
        </Data>
      </ExtendedData>
      <Point>
        <coordinates>
          172.6650191,-43.3211543,0
        </coordinates>
      </Point>
    </Placemark>
    <Placemark>
      <name>Native Thai Restaurant</name>
      <description><![CDATA[type: restaurant<br>Source: Open Street Map: http://www.openstreetmap.org.nz/<br>Update: 21/01/2019<br>x: 172.64237320000<br>y: -43.53853960000]]></description>
      <styleUrl>#icon-1577-795548</styleUrl>
      <ExtendedData>
        <Data name="type">
          <value>restaurant</value>
        </Data>
        <Data name="Source">
          <value>Open Street Map: http://www.openstreetmap.org.nz/</value>
        </Data>
        <Data name="Update">
          <value>21/01/2019</value>
        </Data>
        <Data name="x">
          <value>172.64237320000</value>
        </Data>
        <Data name="y">
          <value>-43.53853960000</value>
        </Data>
      </ExtendedData>
      <Point>
        <coordinates>
          172.6423732,-43.5385396,0
        </coordinates>
      </Point>
    </Placemark>
    <Placemark>
      <name>A Pocket Full of Spices</name>
      <description><![CDATA[type: restaurant<br>Source: Open Street Map: http://www.openstreetmap.org.nz/<br>Update: 21/01/2019<br>x: 172.59556290000<br>y: -43.30388470000]]></description>
      <styleUrl>#icon-1577-795548</styleUrl>
      <ExtendedData>
        <Data name="type">
          <value>restaurant</value>
        </Data>
        <Data name="Source">
          <value>Open Street Map: http://www.openstreetmap.org.nz/</value>
        </Data>
        <Data name="Update">
          <value>21/01/2019</value>
        </Data>
        <Data name="x">
          <value>172.59556290000</value>
        </Data>
        <Data name="y">
          <value>-43.30388470000</value>
        </Data>
      </ExtendedData>
      <Point>
        <coordinates>
          172.5955629,-43.3038847,0
        </coordinates>
      </Point>
    </Placemark>
    <Placemark>
      <name>Spice Paragon</name>
      <description><![CDATA[type: restaurant<br>Source: Open Street Map: http://www.openstreetmap.org.nz/<br>Update: 21/01/2019<br>x: 172.63126700000<br>y: -43.52468760000]]></description>
      <styleUrl>#icon-1577-795548</styleUrl>
      <ExtendedData>
        <Data name="type">
          <value>restaurant</value>
        </Data>
        <Data name="Source">
          <value>Open Street Map: http://www.openstreetmap.org.nz/</value>
        </Data>
        <Data name="Update">
          <value>21/01/2019</value>
        </Data>
        <Data name="x">
          <value>172.63126700000</value>
        </Data>
        <Data name="y">
          <value>-43.52468760000</value>
        </Data>
      </ExtendedData>
      <Point>
        <coordinates>
          172.631267,-43.5246876,0
        </coordinates>
      </Point>
    </Placemark>
    <Placemark>
      <name>Little Yummy</name>
      <description><![CDATA[type: restaurant<br>Source: Open Street Map: http://www.openstreetmap.org.nz/<br>Update: 21/01/2019<br>x: 172.59558070000<br>y: -43.31196040000]]></description>
      <styleUrl>#icon-1577-795548</styleUrl>
      <ExtendedData>
        <Data name="type">
          <value>restaurant</value>
        </Data>
        <Data name="Source">
          <value>Open Street Map: http://www.openstreetmap.org.nz/</value>
        </Data>
        <Data name="Update">
          <value>21/01/2019</value>
        </Data>
        <Data name="x">
          <value>172.59558070000</value>
        </Data>
        <Data name="y">
          <value>-43.31196040000</value>
        </Data>
      </ExtendedData>
      <Point>
        <coordinates>
          172.5955807,-43.3119604,0
        </coordinates>
      </Point>
    </Placemark>
    <Placemark>
      <name>Himalayas</name>
      <description><![CDATA[type: restaurant<br>Source: Open Street Map: http://www.openstreetmap.org.nz/<br>Update: 21/01/2019<br>x: 172.63675570000<br>y: -43.52514810000]]></description>
      <styleUrl>#icon-1577-795548</styleUrl>
      <ExtendedData>
        <Data name="type">
          <value>restaurant</value>
        </Data>
        <Data name="Source">
          <value>Open Street Map: http://www.openstreetmap.org.nz/</value>
        </Data>
        <Data name="Update">
          <value>21/01/2019</value>
        </Data>
        <Data name="x">
          <value>172.63675570000</value>
        </Data>
        <Data name="y">
          <value>-43.52514810000</value>
        </Data>
      </ExtendedData>
      <Point>
        <coordinates>
          172.6367557,-43.5251481,0
        </coordinates>
      </Point>
    </Placemark>
    <Placemark>
      <name>Samurai Bowl</name>
      <description><![CDATA[type: restaurant<br>Source: Open Street Map: http://www.openstreetmap.org.nz/<br>Update: 21/01/2019<br>x: 172.63681510000<br>y: -43.53746180000]]></description>
      <styleUrl>#icon-1577-795548</styleUrl>
      <ExtendedData>
        <Data name="type">
          <value>restaurant</value>
        </Data>
        <Data name="Source">
          <value>Open Street Map: http://www.openstreetmap.org.nz/</value>
        </Data>
        <Data name="Update">
          <value>21/01/2019</value>
        </Data>
        <Data name="x">
          <value>172.63681510000</value>
        </Data>
        <Data name="y">
          <value>-43.53746180000</value>
        </Data>
      </ExtendedData>
      <Point>
        <coordinates>
          172.6368151,-43.5374618,0
        </coordinates>
      </Point>
    </Placemark>
    <Placemark>
      <name>Lone Star Cafe</name>
      <description><![CDATA[type: restaurant<br>Source: Open Street Map: http://www.openstreetmap.org.nz/<br>Update: 21/01/2019<br>x: 172.60862090000<br>y: -43.49424310000]]></description>
      <styleUrl>#icon-1577-795548</styleUrl>
      <ExtendedData>
        <Data name="type">
          <value>restaurant</value>
        </Data>
        <Data name="Source">
          <value>Open Street Map: http://www.openstreetmap.org.nz/</value>
        </Data>
        <Data name="Update">
          <value>21/01/2019</value>
        </Data>
        <Data name="x">
          <value>172.60862090000</value>
        </Data>
        <Data name="y">
          <value>-43.49424310000</value>
        </Data>
      </ExtendedData>
      <Point>
        <coordinates>
          172.6086209,-43.4942431,0
        </coordinates>
      </Point>
    </Placemark>
    <Placemark>
      <name>La Porcheta</name>
      <description><![CDATA[type: restaurant<br>Source: Open Street Map: http://www.openstreetmap.org.nz/<br>Update: 21/01/2019<br>x: 172.62176230000<br>y: -43.49028790000]]></description>
      <styleUrl>#icon-1577-795548</styleUrl>
      <ExtendedData>
        <Data name="type">
          <value>restaurant</value>
        </Data>
        <Data name="Source">
          <value>Open Street Map: http://www.openstreetmap.org.nz/</value>
        </Data>
        <Data name="Update">
          <value>21/01/2019</value>
        </Data>
        <Data name="x">
          <value>172.62176230000</value>
        </Data>
        <Data name="y">
          <value>-43.49028790000</value>
        </Data>
      </ExtendedData>
      <Point>
        <coordinates>
          172.6217623,-43.4902879,0
        </coordinates>
      </Point>
    </Placemark>
    <Placemark>
      <name>Punjabi Dhaba</name>
      <description><![CDATA[type: restaurant<br>Source: Open Street Map: http://www.openstreetmap.org.nz/<br>Update: 21/01/2019<br>x: 172.58600800000<br>y: -43.53798680000]]></description>
      <styleUrl>#icon-1577-795548</styleUrl>
      <ExtendedData>
        <Data name="type">
          <value>restaurant</value>
        </Data>
        <Data name="Source">
          <value>Open Street Map: http://www.openstreetmap.org.nz/</value>
        </Data>
        <Data name="Update">
          <value>21/01/2019</value>
        </Data>
        <Data name="x">
          <value>172.58600800000</value>
        </Data>
        <Data name="y">
          <value>-43.53798680000</value>
        </Data>
      </ExtendedData>
      <Point>
        <coordinates>
          172.586008,-43.5379868,0
        </coordinates>
      </Point>
    </Placemark>
    <Placemark>
      <name>Pizza Hut</name>
      <description><![CDATA[type: restaurant<br>Source: Open Street Map: http://www.openstreetmap.org.nz/<br>Update: 21/01/2019<br>x: 172.57502950000<br>y: -43.53009830000]]></description>
      <styleUrl>#icon-1577-795548</styleUrl>
      <ExtendedData>
        <Data name="type">
          <value>restaurant</value>
        </Data>
        <Data name="Source">
          <value>Open Street Map: http://www.openstreetmap.org.nz/</value>
        </Data>
        <Data name="Update">
          <value>21/01/2019</value>
        </Data>
        <Data name="x">
          <value>172.57502950000</value>
        </Data>
        <Data name="y">
          <value>-43.53009830000</value>
        </Data>
      </ExtendedData>
      <Point>
        <coordinates>
          172.5750295,-43.5300983,0
        </coordinates>
      </Point>
    </Placemark>
    <Placemark>
      <name><![CDATA[Simo's Mosaic]]></name>
      <description><![CDATA[type: restaurant<br>Source: Open Street Map: http://www.openstreetmap.org.nz/<br>Update: 21/01/2019<br>x: 172.61184760000<br>y: -43.54388630000]]></description>
      <styleUrl>#icon-1577-795548</styleUrl>
      <ExtendedData>
        <Data name="type">
          <value>restaurant</value>
        </Data>
        <Data name="Source">
          <value>Open Street Map: http://www.openstreetmap.org.nz/</value>
        </Data>
        <Data name="Update">
          <value>21/01/2019</value>
        </Data>
        <Data name="x">
          <value>172.61184760000</value>
        </Data>
        <Data name="y">
          <value>-43.54388630000</value>
        </Data>
      </ExtendedData>
      <Point>
        <coordinates>
          172.6118476,-43.5438863,0
        </coordinates>
      </Point>
    </Placemark>
    <Placemark>
      <name>Spice Paragon</name>
      <description><![CDATA[type: restaurant<br>Source: Open Street Map: http://www.openstreetmap.org.nz/<br>Update: 21/01/2019<br>x: 172.57427510000<br>y: -43.53009590000]]></description>
      <styleUrl>#icon-1577-795548</styleUrl>
      <ExtendedData>
        <Data name="type">
          <value>restaurant</value>
        </Data>
        <Data name="Source">
          <value>Open Street Map: http://www.openstreetmap.org.nz/</value>
        </Data>
        <Data name="Update">
          <value>21/01/2019</value>
        </Data>
        <Data name="x">
          <value>172.57427510000</value>
        </Data>
        <Data name="y">
          <value>-43.53009590000</value>
        </Data>
      </ExtendedData>
      <Point>
        <coordinates>
          172.5742751,-43.5300959,0
        </coordinates>
      </Point>
    </Placemark>
    <Placemark>
      <name><![CDATA[Rashid's Persian Meal]]></name>
      <description><![CDATA[type: restaurant<br>Source: Open Street Map: http://www.openstreetmap.org.nz/<br>Update: 21/01/2019<br>x: 172.62048650000<br>y: -43.55793010000]]></description>
      <styleUrl>#icon-1577-795548</styleUrl>
      <ExtendedData>
        <Data name="type">
          <value>restaurant</value>
        </Data>
        <Data name="Source">
          <value>Open Street Map: http://www.openstreetmap.org.nz/</value>
        </Data>
        <Data name="Update">
          <value>21/01/2019</value>
        </Data>
        <Data name="x">
          <value>172.62048650000</value>
        </Data>
        <Data name="y">
          <value>-43.55793010000</value>
        </Data>
      </ExtendedData>
      <Point>
        <coordinates>
          172.6204865,-43.5579301,0
        </coordinates>
      </Point>
    </Placemark>
    <Placemark>
      <name><![CDATA[Joe's Garage]]></name>
      <description><![CDATA[type: restaurant<br>Source: Open Street Map: http://www.openstreetmap.org.nz/<br>Update: 21/01/2019<br>x: 172.55672090000<br>y: -43.55262780000]]></description>
      <styleUrl>#icon-1577-795548</styleUrl>
      <ExtendedData>
        <Data name="type">
          <value>restaurant</value>
        </Data>
        <Data name="Source">
          <value>Open Street Map: http://www.openstreetmap.org.nz/</value>
        </Data>
        <Data name="Update">
          <value>21/01/2019</value>
        </Data>
        <Data name="x">
          <value>172.55672090000</value>
        </Data>
        <Data name="y">
          <value>-43.55262780000</value>
        </Data>
      </ExtendedData>
      <Point>
        <coordinates>
          172.5567209,-43.5526278,0
        </coordinates>
      </Point>
    </Placemark>
    <Placemark>
      <name>Mexicali Fresh</name>
      <description><![CDATA[type: restaurant<br>Source: Open Street Map: http://www.openstreetmap.org.nz/<br>Update: 21/01/2019<br>x: 172.55658030000<br>y: -43.55269140000]]></description>
      <styleUrl>#icon-1577-795548</styleUrl>
      <ExtendedData>
        <Data name="type">
          <value>restaurant</value>
        </Data>
        <Data name="Source">
          <value>Open Street Map: http://www.openstreetmap.org.nz/</value>
        </Data>
        <Data name="Update">
          <value>21/01/2019</value>
        </Data>
        <Data name="x">
          <value>172.55658030000</value>
        </Data>
        <Data name="y">
          <value>-43.55269140000</value>
        </Data>
      </ExtendedData>
      <Point>
        <coordinates>
          172.5565803,-43.5526914,0
        </coordinates>
      </Point>
    </Placemark>
    <Placemark>
      <name>La Thai</name>
      <description><![CDATA[type: restaurant<br>Source: Open Street Map: http://www.openstreetmap.org.nz/<br>Update: 21/01/2019<br>x: 172.96270930000<br>y: -43.80890780000]]></description>
      <styleUrl>#icon-1577-795548</styleUrl>
      <ExtendedData>
        <Data name="type">
          <value>restaurant</value>
        </Data>
        <Data name="Source">
          <value>Open Street Map: http://www.openstreetmap.org.nz/</value>
        </Data>
        <Data name="Update">
          <value>21/01/2019</value>
        </Data>
        <Data name="x">
          <value>172.96270930000</value>
        </Data>
        <Data name="y">
          <value>-43.80890780000</value>
        </Data>
      </ExtendedData>
      <Point>
        <coordinates>
          172.9627093,-43.8089078,0
        </coordinates>
      </Point>
    </Placemark>
    <Placemark>
      <name>Ma Maison</name>
      <description><![CDATA[type: restaurant<br>Source: Open Street Map: http://www.openstreetmap.org.nz/<br>Update: 21/01/2019<br>x: 172.96636240000<br>y: -43.80507430000]]></description>
      <styleUrl>#icon-1577-795548</styleUrl>
      <ExtendedData>
        <Data name="type">
          <value>restaurant</value>
        </Data>
        <Data name="Source">
          <value>Open Street Map: http://www.openstreetmap.org.nz/</value>
        </Data>
        <Data name="Update">
          <value>21/01/2019</value>
        </Data>
        <Data name="x">
          <value>172.96636240000</value>
        </Data>
        <Data name="y">
          <value>-43.80507430000</value>
        </Data>
      </ExtendedData>
      <Point>
        <coordinates>
          172.9663624,-43.8050743,0
        </coordinates>
      </Point>
    </Placemark>
    <Placemark>
      <name>Mexico</name>
      <description><![CDATA[type: restaurant<br>Source: Open Street Map: http://www.openstreetmap.org.nz/<br>Update: 21/01/2019<br>x: 172.63946460000<br>y: -43.53190270000]]></description>
      <styleUrl>#icon-1577-795548</styleUrl>
      <ExtendedData>
        <Data name="type">
          <value>restaurant</value>
        </Data>
        <Data name="Source">
          <value>Open Street Map: http://www.openstreetmap.org.nz/</value>
        </Data>
        <Data name="Update">
          <value>21/01/2019</value>
        </Data>
        <Data name="x">
          <value>172.63946460000</value>
        </Data>
        <Data name="y">
          <value>-43.53190270000</value>
        </Data>
      </ExtendedData>
      <Point>
        <coordinates>
          172.6394646,-43.5319027,0
        </coordinates>
      </Point>
    </Placemark>
    <Placemark>
      <name>La Thai</name>
      <description><![CDATA[type: restaurant<br>Source: Open Street Map: http://www.openstreetmap.org.nz/<br>Update: 21/01/2019<br>x: 172.96256930000<br>y: -43.80900320000]]></description>
      <styleUrl>#icon-1577-795548</styleUrl>
      <ExtendedData>
        <Data name="type">
          <value>restaurant</value>
        </Data>
        <Data name="Source">
          <value>Open Street Map: http://www.openstreetmap.org.nz/</value>
        </Data>
        <Data name="Update">
          <value>21/01/2019</value>
        </Data>
        <Data name="x">
          <value>172.96256930000</value>
        </Data>
        <Data name="y">
          <value>-43.80900320000</value>
        </Data>
      </ExtendedData>
      <Point>
        <coordinates>
          172.9625693,-43.8090032,0
        </coordinates>
      </Point>
    </Placemark>
    <Placemark>
      <name>The Wharf</name>
      <description><![CDATA[type: restaurant<br>Source: Open Street Map: http://www.openstreetmap.org.nz/<br>Update: 21/01/2019<br>x: 172.96226940000<br>y: -43.80922010000]]></description>
      <styleUrl>#icon-1577-795548</styleUrl>
      <ExtendedData>
        <Data name="type">
          <value>restaurant</value>
        </Data>
        <Data name="Source">
          <value>Open Street Map: http://www.openstreetmap.org.nz/</value>
        </Data>
        <Data name="Update">
          <value>21/01/2019</value>
        </Data>
        <Data name="x">
          <value>172.96226940000</value>
        </Data>
        <Data name="y">
          <value>-43.80922010000</value>
        </Data>
      </ExtendedData>
      <Point>
        <coordinates>
          172.9622694,-43.8092201,0
        </coordinates>
      </Point>
    </Placemark>
    <Placemark>
      <name>The Trading Rooms</name>
      <description><![CDATA[type: restaurant<br>Source: Open Street Map: http://www.openstreetmap.org.nz/<br>Update: 21/01/2019<br>x: 172.96244330000<br>y: -43.80907720000]]></description>
      <styleUrl>#icon-1577-795548</styleUrl>
      <ExtendedData>
        <Data name="type">
          <value>restaurant</value>
        </Data>
        <Data name="Source">
          <value>Open Street Map: http://www.openstreetmap.org.nz/</value>
        </Data>
        <Data name="Update">
          <value>21/01/2019</value>
        </Data>
        <Data name="x">
          <value>172.96244330000</value>
        </Data>
        <Data name="y">
          <value>-43.80907720000</value>
        </Data>
      </ExtendedData>
      <Point>
        <coordinates>
          172.9624433,-43.8090772,0
        </coordinates>
      </Point>
    </Placemark>
    <Placemark>
      <name>Bully Hayes</name>
      <description><![CDATA[type: restaurant<br>Source: Open Street Map: http://www.openstreetmap.org.nz/<br>Update: 21/01/2019<br>x: 172.96331410000<br>y: -43.80852970000]]></description>
      <styleUrl>#icon-1577-795548</styleUrl>
      <ExtendedData>
        <Data name="type">
          <value>restaurant</value>
        </Data>
        <Data name="Source">
          <value>Open Street Map: http://www.openstreetmap.org.nz/</value>
        </Data>
        <Data name="Update">
          <value>21/01/2019</value>
        </Data>
        <Data name="x">
          <value>172.96331410000</value>
        </Data>
        <Data name="y">
          <value>-43.80852970000</value>
        </Data>
      </ExtendedData>
      <Point>
        <coordinates>
          172.9633141,-43.8085297,0
        </coordinates>
      </Point>
    </Placemark>
    <Placemark>
      <name>Local</name>
      <description><![CDATA[type: restaurant<br>Source: Open Street Map: http://www.openstreetmap.org.nz/<br>Update: 21/01/2019<br>x: 172.59782790000<br>y: -43.52648200000]]></description>
      <styleUrl>#icon-1577-795548</styleUrl>
      <ExtendedData>
        <Data name="type">
          <value>restaurant</value>
        </Data>
        <Data name="Source">
          <value>Open Street Map: http://www.openstreetmap.org.nz/</value>
        </Data>
        <Data name="Update">
          <value>21/01/2019</value>
        </Data>
        <Data name="x">
          <value>172.59782790000</value>
        </Data>
        <Data name="y">
          <value>-43.52648200000</value>
        </Data>
      </ExtendedData>
      <Point>
        <coordinates>
          172.5978279,-43.526482,0
        </coordinates>
      </Point>
    </Placemark>
    <Placemark>
      <name>Joyful</name>
      <description><![CDATA[type: restaurant<br>Source: Open Street Map: http://www.openstreetmap.org.nz/<br>Update: 21/01/2019<br>x: 172.60085200000<br>y: -43.52953650000]]></description>
      <styleUrl>#icon-1577-795548</styleUrl>
      <ExtendedData>
        <Data name="type">
          <value>restaurant</value>
        </Data>
        <Data name="Source">
          <value>Open Street Map: http://www.openstreetmap.org.nz/</value>
        </Data>
        <Data name="Update">
          <value>21/01/2019</value>
        </Data>
        <Data name="x">
          <value>172.60085200000</value>
        </Data>
        <Data name="y">
          <value>-43.52953650000</value>
        </Data>
      </ExtendedData>
      <Point>
        <coordinates>
          172.600852,-43.5295365,0
        </coordinates>
      </Point>
    </Placemark>
    <Placemark>
      <name><![CDATA[Sal's]]></name>
      <description><![CDATA[type: restaurant<br>Source: Open Street Map: http://www.openstreetmap.org.nz/<br>Update: 21/01/2019<br>x: 172.64155730000<br>y: -43.53432260000]]></description>
      <styleUrl>#icon-1577-795548</styleUrl>
      <ExtendedData>
        <Data name="type">
          <value>restaurant</value>
        </Data>
        <Data name="Source">
          <value>Open Street Map: http://www.openstreetmap.org.nz/</value>
        </Data>
        <Data name="Update">
          <value>21/01/2019</value>
        </Data>
        <Data name="x">
          <value>172.64155730000</value>
        </Data>
        <Data name="y">
          <value>-43.53432260000</value>
        </Data>
      </ExtendedData>
      <Point>
        <coordinates>
          172.6415573,-43.5343226,0
        </coordinates>
      </Point>
    </Placemark>
    <Placemark>
      <name>The Happening Bar and Kitchen</name>
      <description><![CDATA[type: restaurant<br>Source: Open Street Map: http://www.openstreetmap.org.nz/<br>Update: 21/01/2019<br>x: 172.63914010000<br>y: -43.52973170000]]></description>
      <styleUrl>#icon-1577-795548</styleUrl>
      <ExtendedData>
        <Data name="type">
          <value>restaurant</value>
        </Data>
        <Data name="Source">
          <value>Open Street Map: http://www.openstreetmap.org.nz/</value>
        </Data>
        <Data name="Update">
          <value>21/01/2019</value>
        </Data>
        <Data name="x">
          <value>172.63914010000</value>
        </Data>
        <Data name="y">
          <value>-43.52973170000</value>
        </Data>
      </ExtendedData>
      <Point>
        <coordinates>
          172.6391401,-43.5297317,0
        </coordinates>
      </Point>
    </Placemark>
    <Placemark>
      <name>Myhanh Vietnamese</name>
      <description><![CDATA[type: restaurant<br>Source: Open Street Map: http://www.openstreetmap.org.nz/<br>Update: 21/01/2019<br>x: 172.57226020000<br>y: -43.53178240000]]></description>
      <styleUrl>#icon-1577-795548</styleUrl>
      <ExtendedData>
        <Data name="type">
          <value>restaurant</value>
        </Data>
        <Data name="Source">
          <value>Open Street Map: http://www.openstreetmap.org.nz/</value>
        </Data>
        <Data name="Update">
          <value>21/01/2019</value>
        </Data>
        <Data name="x">
          <value>172.57226020000</value>
        </Data>
        <Data name="y">
          <value>-43.53178240000</value>
        </Data>
      </ExtendedData>
      <Point>
        <coordinates>
          172.5722602,-43.5317824,0
        </coordinates>
      </Point>
    </Placemark>
    <Placemark>
      <name>Sushi Express</name>
      <description><![CDATA[type: restaurant<br>Source: Open Street Map: http://www.openstreetmap.org.nz/<br>Update: 21/01/2019<br>x: 172.63747330000<br>y: -43.55774960000]]></description>
      <styleUrl>#icon-1577-795548</styleUrl>
      <ExtendedData>
        <Data name="type">
          <value>restaurant</value>
        </Data>
        <Data name="Source">
          <value>Open Street Map: http://www.openstreetmap.org.nz/</value>
        </Data>
        <Data name="Update">
          <value>21/01/2019</value>
        </Data>
        <Data name="x">
          <value>172.63747330000</value>
        </Data>
        <Data name="y">
          <value>-43.55774960000</value>
        </Data>
      </ExtendedData>
      <Point>
        <coordinates>
          172.6374733,-43.5577496,0
        </coordinates>
      </Point>
    </Placemark>
    <Placemark>
      <name><![CDATA[Vangioni's Trattoria & Bar]]></name>
      <description><![CDATA[type: restaurant<br>Source: Open Street Map: http://www.openstreetmap.org.nz/<br>Update: 21/01/2019<br>x: 172.96853820000<br>y: -43.80308980000]]></description>
      <styleUrl>#icon-1577-795548</styleUrl>
      <ExtendedData>
        <Data name="type">
          <value>restaurant</value>
        </Data>
        <Data name="Source">
          <value>Open Street Map: http://www.openstreetmap.org.nz/</value>
        </Data>
        <Data name="Update">
          <value>21/01/2019</value>
        </Data>
        <Data name="x">
          <value>172.96853820000</value>
        </Data>
        <Data name="y">
          <value>-43.80308980000</value>
        </Data>
      </ExtendedData>
      <Point>
        <coordinates>
          172.9685382,-43.8030898,0
        </coordinates>
      </Point>
    </Placemark>
    <Placemark>
      <name><![CDATA[Francesca's Italian Kitchen]]></name>
      <description><![CDATA[type: restaurant<br>Source: Open Street Map: http://www.openstreetmap.org.nz/<br>Update: 21/01/2019<br>x: 172.63849640000<br>y: -43.52974970000]]></description>
      <styleUrl>#icon-1577-795548</styleUrl>
      <ExtendedData>
        <Data name="type">
          <value>restaurant</value>
        </Data>
        <Data name="Source">
          <value>Open Street Map: http://www.openstreetmap.org.nz/</value>
        </Data>
        <Data name="Update">
          <value>21/01/2019</value>
        </Data>
        <Data name="x">
          <value>172.63849640000</value>
        </Data>
        <Data name="y">
          <value>-43.52974970000</value>
        </Data>
      </ExtendedData>
      <Point>
        <coordinates>
          172.6384964,-43.5297497,0
        </coordinates>
      </Point>
    </Placemark>
    <Placemark>
      <name>Sequoia 88</name>
      <description><![CDATA[type: restaurant<br>Source: Open Street Map: http://www.openstreetmap.org.nz/<br>Update: 21/01/2019<br>x: 172.61813410000<br>y: -43.47446340000]]></description>
      <styleUrl>#icon-1577-795548</styleUrl>
      <ExtendedData>
        <Data name="type">
          <value>restaurant</value>
        </Data>
        <Data name="Source">
          <value>Open Street Map: http://www.openstreetmap.org.nz/</value>
        </Data>
        <Data name="Update">
          <value>21/01/2019</value>
        </Data>
        <Data name="x">
          <value>172.61813410000</value>
        </Data>
        <Data name="y">
          <value>-43.47446340000</value>
        </Data>
      </ExtendedData>
      <Point>
        <coordinates>
          172.6181341,-43.4744634,0
        </coordinates>
      </Point>
    </Placemark>
    <Placemark>
      <name>The Brasserie</name>
      <description><![CDATA[type: restaurant<br>Source: Open Street Map: http://www.openstreetmap.org.nz/<br>Update: 21/01/2019<br>x: 172.96835880000<br>y: -43.80369240000]]></description>
      <styleUrl>#icon-1577-795548</styleUrl>
      <ExtendedData>
        <Data name="type">
          <value>restaurant</value>
        </Data>
        <Data name="Source">
          <value>Open Street Map: http://www.openstreetmap.org.nz/</value>
        </Data>
        <Data name="Update">
          <value>21/01/2019</value>
        </Data>
        <Data name="x">
          <value>172.96835880000</value>
        </Data>
        <Data name="y">
          <value>-43.80369240000</value>
        </Data>
      </ExtendedData>
      <Point>
        <coordinates>
          172.9683588,-43.8036924,0
        </coordinates>
      </Point>
    </Placemark>
    <Placemark>
      <name><![CDATA[Maxine's Palace]]></name>
      <description><![CDATA[type: restaurant<br>Source: Open Street Map: http://www.openstreetmap.org.nz/<br>Update: 21/01/2019<br>x: 172.61096510000<br>y: -43.54377100000]]></description>
      <styleUrl>#icon-1577-795548</styleUrl>
      <ExtendedData>
        <Data name="type">
          <value>restaurant</value>
        </Data>
        <Data name="Source">
          <value>Open Street Map: http://www.openstreetmap.org.nz/</value>
        </Data>
        <Data name="Update">
          <value>21/01/2019</value>
        </Data>
        <Data name="x">
          <value>172.61096510000</value>
        </Data>
        <Data name="y">
          <value>-43.54377100000</value>
        </Data>
      </ExtendedData>
      <Point>
        <coordinates>
          172.6109651,-43.543771,0
        </coordinates>
      </Point>
    </Placemark>
    <Placemark>
      <name><![CDATA[Victoria's Kitchen]]></name>
      <description><![CDATA[type: restaurant<br>Source: Open Street Map: http://www.openstreetmap.org.nz/<br>Update: 21/01/2019<br>x: 172.64979970000<br>y: -43.52671280000]]></description>
      <styleUrl>#icon-1577-795548</styleUrl>
      <ExtendedData>
        <Data name="type">
          <value>restaurant</value>
        </Data>
        <Data name="Source">
          <value>Open Street Map: http://www.openstreetmap.org.nz/</value>
        </Data>
        <Data name="Update">
          <value>21/01/2019</value>
        </Data>
        <Data name="x">
          <value>172.64979970000</value>
        </Data>
        <Data name="y">
          <value>-43.52671280000</value>
        </Data>
      </ExtendedData>
      <Point>
        <coordinates>
          172.6497997,-43.5267128,0
        </coordinates>
      </Point>
    </Placemark>
    <Placemark>
      <name>Orleans</name>
      <description><![CDATA[type: restaurant<br>Source: Open Street Map: http://www.openstreetmap.org.nz/<br>Update: 21/01/2019<br>x: 172.63895120000<br>y: -43.53411830000]]></description>
      <styleUrl>#icon-1577-795548</styleUrl>
      <ExtendedData>
        <Data name="type">
          <value>restaurant</value>
        </Data>
        <Data name="Source">
          <value>Open Street Map: http://www.openstreetmap.org.nz/</value>
        </Data>
        <Data name="Update">
          <value>21/01/2019</value>
        </Data>
        <Data name="x">
          <value>172.63895120000</value>
        </Data>
        <Data name="y">
          <value>-43.53411830000</value>
        </Data>
      </ExtendedData>
      <Point>
        <coordinates>
          172.6389512,-43.5341183,0
        </coordinates>
      </Point>
    </Placemark>
    <Placemark>
      <name>Little Neighbourhood</name>
      <description><![CDATA[type: restaurant<br>Source: Open Street Map: http://www.openstreetmap.org.nz/<br>Update: 21/01/2019<br>x: 172.63020790000<br>y: -43.52356270000]]></description>
      <styleUrl>#icon-1577-795548</styleUrl>
      <ExtendedData>
        <Data name="type">
          <value>restaurant</value>
        </Data>
        <Data name="Source">
          <value>Open Street Map: http://www.openstreetmap.org.nz/</value>
        </Data>
        <Data name="Update">
          <value>21/01/2019</value>
        </Data>
        <Data name="x">
          <value>172.63020790000</value>
        </Data>
        <Data name="y">
          <value>-43.52356270000</value>
        </Data>
      </ExtendedData>
      <Point>
        <coordinates>
          172.6302079,-43.5235627,0
        </coordinates>
      </Point>
    </Placemark>
    <Placemark>
      <name><![CDATA[Boo Radley's]]></name>
      <description><![CDATA[type: restaurant<br>Source: Open Street Map: http://www.openstreetmap.org.nz/<br>Update: 21/01/2019<br>x: 172.63021490000<br>y: -43.52333780000]]></description>
      <styleUrl>#icon-1577-795548</styleUrl>
      <ExtendedData>
        <Data name="type">
          <value>restaurant</value>
        </Data>
        <Data name="Source">
          <value>Open Street Map: http://www.openstreetmap.org.nz/</value>
        </Data>
        <Data name="Update">
          <value>21/01/2019</value>
        </Data>
        <Data name="x">
          <value>172.63021490000</value>
        </Data>
        <Data name="y">
          <value>-43.52333780000</value>
        </Data>
      </ExtendedData>
      <Point>
        <coordinates>
          172.6302149,-43.5233378,0
        </coordinates>
      </Point>
    </Placemark>
    <Placemark>
      <name>Pad Thai Restaurant</name>
      <description><![CDATA[type: restaurant<br>Source: Open Street Map: http://www.openstreetmap.org.nz/<br>Update: 21/01/2019<br>x: 172.72936420000<br>y: -43.50765390000]]></description>
      <styleUrl>#icon-1577-795548</styleUrl>
      <ExtendedData>
        <Data name="type">
          <value>restaurant</value>
        </Data>
        <Data name="Source">
          <value>Open Street Map: http://www.openstreetmap.org.nz/</value>
        </Data>
        <Data name="Update">
          <value>21/01/2019</value>
        </Data>
        <Data name="x">
          <value>172.72936420000</value>
        </Data>
        <Data name="y">
          <value>-43.50765390000</value>
        </Data>
      </ExtendedData>
      <Point>
        <coordinates>
          172.7293642,-43.5076539,0
        </coordinates>
      </Point>
    </Placemark>
    <Placemark>
      <name>Little India</name>
      <description><![CDATA[type: restaurant<br>Source: Open Street Map: http://www.openstreetmap.org.nz/<br>Update: 21/01/2019<br>x: 172.54825300000<br>y: -43.49065830000]]></description>
      <styleUrl>#icon-1577-795548</styleUrl>
      <ExtendedData>
        <Data name="type">
          <value>restaurant</value>
        </Data>
        <Data name="Source">
          <value>Open Street Map: http://www.openstreetmap.org.nz/</value>
        </Data>
        <Data name="Update">
          <value>21/01/2019</value>
        </Data>
        <Data name="x">
          <value>172.54825300000</value>
        </Data>
        <Data name="y">
          <value>-43.49065830000</value>
        </Data>
      </ExtendedData>
      <Point>
        <coordinates>
          172.548253,-43.4906583,0
        </coordinates>
      </Point>
    </Placemark>
    <Placemark>
      <name/>
      <description><![CDATA[type: restaurant<br>Source: Open Street Map: http://www.openstreetmap.org.nz/<br>Update: 21/01/2019<br>x: 172.96848630000<br>y: -43.80375900000]]></description>
      <styleUrl>#icon-1577-795548</styleUrl>
      <ExtendedData>
        <Data name="type">
          <value>restaurant</value>
        </Data>
        <Data name="Source">
          <value>Open Street Map: http://www.openstreetmap.org.nz/</value>
        </Data>
        <Data name="Update">
          <value>21/01/2019</value>
        </Data>
        <Data name="x">
          <value>172.96848630000</value>
        </Data>
        <Data name="y">
          <value>-43.80375900000</value>
        </Data>
      </ExtendedData>
      <Point>
        <coordinates>
          172.9684863,-43.803759,0
        </coordinates>
      </Point>
    </Placemark>
    <Placemark>
      <name><![CDATA[Mum's 24]]></name>
      <description><![CDATA[type: restaurant<br>Source: Open Street Map: http://www.openstreetmap.org.nz/<br>Update: 21/01/2019<br>x: 172.63996740000<br>y: -43.53695900000]]></description>
      <styleUrl>#icon-1577-795548</styleUrl>
      <ExtendedData>
        <Data name="type">
          <value>restaurant</value>
        </Data>
        <Data name="Source">
          <value>Open Street Map: http://www.openstreetmap.org.nz/</value>
        </Data>
        <Data name="Update">
          <value>21/01/2019</value>
        </Data>
        <Data name="x">
          <value>172.63996740000</value>
        </Data>
        <Data name="y">
          <value>-43.53695900000</value>
        </Data>
      </ExtendedData>
      <Point>
        <coordinates>
          172.6399674,-43.536959,0
        </coordinates>
      </Point>
    </Placemark>
    <Placemark>
      <name>Chic</name>
      <description><![CDATA[type: restaurant<br>Source: Open Street Map: http://www.openstreetmap.org.nz/<br>Update: 21/01/2019<br>x: 172.63996160000<br>y: -43.53680230000]]></description>
      <styleUrl>#icon-1577-795548</styleUrl>
      <ExtendedData>
        <Data name="type">
          <value>restaurant</value>
        </Data>
        <Data name="Source">
          <value>Open Street Map: http://www.openstreetmap.org.nz/</value>
        </Data>
        <Data name="Update">
          <value>21/01/2019</value>
        </Data>
        <Data name="x">
          <value>172.63996160000</value>
        </Data>
        <Data name="y">
          <value>-43.53680230000</value>
        </Data>
      </ExtendedData>
      <Point>
        <coordinates>
          172.6399616,-43.5368023,0
        </coordinates>
      </Point>
    </Placemark>
    <Placemark>
      <name>Monteiths</name>
      <description><![CDATA[type: restaurant<br>Source: Open Street Map: http://www.openstreetmap.org.nz/<br>Update: 21/01/2019<br>x: 172.55738510000<br>y: -43.51067860000]]></description>
      <styleUrl>#icon-1577-795548</styleUrl>
      <ExtendedData>
        <Data name="type">
          <value>restaurant</value>
        </Data>
        <Data name="Source">
          <value>Open Street Map: http://www.openstreetmap.org.nz/</value>
        </Data>
        <Data name="Update">
          <value>21/01/2019</value>
        </Data>
        <Data name="x">
          <value>172.55738510000</value>
        </Data>
        <Data name="y">
          <value>-43.51067860000</value>
        </Data>
      </ExtendedData>
      <Point>
        <coordinates>
          172.5573851,-43.5106786,0
        </coordinates>
      </Point>
    </Placemark>
    <Placemark>
      <name><![CDATA[Still Rock Restaurant & Bar]]></name>
      <description><![CDATA[type: restaurant<br>Source: Open Street Map: http://www.openstreetmap.org.nz/<br>Update: 21/01/2019<br>x: 172.70033040000<br>y: -43.56584890000]]></description>
      <styleUrl>#icon-1577-795548</styleUrl>
      <ExtendedData>
        <Data name="type">
          <value>restaurant</value>
        </Data>
        <Data name="Source">
          <value>Open Street Map: http://www.openstreetmap.org.nz/</value>
        </Data>
        <Data name="Update">
          <value>21/01/2019</value>
        </Data>
        <Data name="x">
          <value>172.70033040000</value>
        </Data>
        <Data name="y">
          <value>-43.56584890000</value>
        </Data>
      </ExtendedData>
      <Point>
        <coordinates>
          172.7003304,-43.5658489,0
        </coordinates>
      </Point>
    </Placemark>
    <Placemark>
      <name>Foodbase</name>
      <description><![CDATA[type: restaurant<br>Source: Open Street Map: http://www.openstreetmap.org.nz/<br>Update: 21/01/2019<br>x: 172.57368520000<br>y: -43.52536190000]]></description>
      <styleUrl>#icon-1577-795548</styleUrl>
      <ExtendedData>
        <Data name="type">
          <value>restaurant</value>
        </Data>
        <Data name="Source">
          <value>Open Street Map: http://www.openstreetmap.org.nz/</value>
        </Data>
        <Data name="Update">
          <value>21/01/2019</value>
        </Data>
        <Data name="x">
          <value>172.57368520000</value>
        </Data>
        <Data name="y">
          <value>-43.52536190000</value>
        </Data>
      </ExtendedData>
      <Point>
        <coordinates>
          172.5736852,-43.5253619,0
        </coordinates>
      </Point>
    </Placemark>
    <Placemark>
      <name>Saigon Star</name>
      <description><![CDATA[type: restaurant<br>Source: Open Street Map: http://www.openstreetmap.org.nz/<br>Update: 21/01/2019<br>x: 172.60236440000<br>y: -43.53029290000]]></description>
      <styleUrl>#icon-1577-795548</styleUrl>
      <ExtendedData>
        <Data name="type">
          <value>restaurant</value>
        </Data>
        <Data name="Source">
          <value>Open Street Map: http://www.openstreetmap.org.nz/</value>
        </Data>
        <Data name="Update">
          <value>21/01/2019</value>
        </Data>
        <Data name="x">
          <value>172.60236440000</value>
        </Data>
        <Data name="y">
          <value>-43.53029290000</value>
        </Data>
      </ExtendedData>
      <Point>
        <coordinates>
          172.6023644,-43.5302929,0
        </coordinates>
      </Point>
    </Placemark>
    <Placemark>
      <name>Sasuke</name>
      <description><![CDATA[type: restaurant<br>Source: Open Street Map: http://www.openstreetmap.org.nz/<br>Update: 21/01/2019<br>x: 172.60256820000<br>y: -43.53012960000]]></description>
      <styleUrl>#icon-1577-795548</styleUrl>
      <ExtendedData>
        <Data name="type">
          <value>restaurant</value>
        </Data>
        <Data name="Source">
          <value>Open Street Map: http://www.openstreetmap.org.nz/</value>
        </Data>
        <Data name="Update">
          <value>21/01/2019</value>
        </Data>
        <Data name="x">
          <value>172.60256820000</value>
        </Data>
        <Data name="y">
          <value>-43.53012960000</value>
        </Data>
      </ExtendedData>
      <Point>
        <coordinates>
          172.6025682,-43.5301296,0
        </coordinates>
      </Point>
    </Placemark>
    <Placemark>
      <name>Dimitris</name>
      <description><![CDATA[type: restaurant<br>Source: Open Street Map: http://www.openstreetmap.org.nz/<br>Update: 21/01/2019<br>x: 172.60247240000<br>y: -43.52945020000]]></description>
      <styleUrl>#icon-1577-795548</styleUrl>
      <ExtendedData>
        <Data name="type">
          <value>restaurant</value>
        </Data>
        <Data name="Source">
          <value>Open Street Map: http://www.openstreetmap.org.nz/</value>
        </Data>
        <Data name="Update">
          <value>21/01/2019</value>
        </Data>
        <Data name="x">
          <value>172.60247240000</value>
        </Data>
        <Data name="y">
          <value>-43.52945020000</value>
        </Data>
      </ExtendedData>
      <Point>
        <coordinates>
          172.6024724,-43.5294502,0
        </coordinates>
      </Point>
    </Placemark>
    <Placemark>
      <name>The Dragon Express Restaurant</name>
      <description><![CDATA[type: restaurant<br>Source: Open Street Map: http://www.openstreetmap.org.nz/<br>Update: 21/01/2019<br>x: 172.60236780000<br>y: -43.52946190000]]></description>
      <styleUrl>#icon-1577-795548</styleUrl>
      <ExtendedData>
        <Data name="type">
          <value>restaurant</value>
        </Data>
        <Data name="Source">
          <value>Open Street Map: http://www.openstreetmap.org.nz/</value>
        </Data>
        <Data name="Update">
          <value>21/01/2019</value>
        </Data>
        <Data name="x">
          <value>172.60236780000</value>
        </Data>
        <Data name="y">
          <value>-43.52946190000</value>
        </Data>
      </ExtendedData>
      <Point>
        <coordinates>
          172.6023678,-43.5294619,0
        </coordinates>
      </Point>
    </Placemark>
    <Placemark>
      <name>Mumbaiwala</name>
      <description><![CDATA[type: restaurant<br>Source: Open Street Map: http://www.openstreetmap.org.nz/<br>Update: 21/01/2019<br>x: 172.63536930000<br>y: -43.53214880000]]></description>
      <styleUrl>#icon-1577-795548</styleUrl>
      <ExtendedData>
        <Data name="type">
          <value>restaurant</value>
        </Data>
        <Data name="Source">
          <value>Open Street Map: http://www.openstreetmap.org.nz/</value>
        </Data>
        <Data name="Update">
          <value>21/01/2019</value>
        </Data>
        <Data name="x">
          <value>172.63536930000</value>
        </Data>
        <Data name="y">
          <value>-43.53214880000</value>
        </Data>
      </ExtendedData>
      <Point>
        <coordinates>
          172.6353693,-43.5321488,0
        </coordinates>
      </Point>
    </Placemark>
    <Placemark>
      <name>Hachi Hachi</name>
      <description><![CDATA[type: restaurant<br>Source: Open Street Map: http://www.openstreetmap.org.nz/<br>Update: 21/01/2019<br>x: 172.63578300000<br>y: -43.53215050000]]></description>
      <styleUrl>#icon-1577-795548</styleUrl>
      <ExtendedData>
        <Data name="type">
          <value>restaurant</value>
        </Data>
        <Data name="Source">
          <value>Open Street Map: http://www.openstreetmap.org.nz/</value>
        </Data>
        <Data name="Update">
          <value>21/01/2019</value>
        </Data>
        <Data name="x">
          <value>172.63578300000</value>
        </Data>
        <Data name="y">
          <value>-43.53215050000</value>
        </Data>
      </ExtendedData>
      <Point>
        <coordinates>
          172.635783,-43.5321505,0
        </coordinates>
      </Point>
    </Placemark>
    <Placemark>
      <name>Indian Summer</name>
      <description><![CDATA[type: restaurant<br>Source: Open Street Map: http://www.openstreetmap.org.nz/<br>Update: 21/01/2019<br>x: 172.63951890000<br>y: -43.53267950000]]></description>
      <styleUrl>#icon-1577-795548</styleUrl>
      <ExtendedData>
        <Data name="type">
          <value>restaurant</value>
        </Data>
        <Data name="Source">
          <value>Open Street Map: http://www.openstreetmap.org.nz/</value>
        </Data>
        <Data name="Update">
          <value>21/01/2019</value>
        </Data>
        <Data name="x">
          <value>172.63951890000</value>
        </Data>
        <Data name="y">
          <value>-43.53267950000</value>
        </Data>
      </ExtendedData>
      <Point>
        <coordinates>
          172.6395189,-43.5326795,0
        </coordinates>
      </Point>
    </Placemark>
    <Placemark>
      <name>Thai Chefs</name>
      <description><![CDATA[type: restaurant<br>Source: Open Street Map: http://www.openstreetmap.org.nz/<br>Update: 21/01/2019<br>x: 172.61191090000<br>y: -43.52901060000]]></description>
      <styleUrl>#icon-1577-795548</styleUrl>
      <ExtendedData>
        <Data name="type">
          <value>restaurant</value>
        </Data>
        <Data name="Source">
          <value>Open Street Map: http://www.openstreetmap.org.nz/</value>
        </Data>
        <Data name="Update">
          <value>21/01/2019</value>
        </Data>
        <Data name="x">
          <value>172.61191090000</value>
        </Data>
        <Data name="y">
          <value>-43.52901060000</value>
        </Data>
      </ExtendedData>
      <Point>
        <coordinates>
          172.6119109,-43.5290106,0
        </coordinates>
      </Point>
    </Placemark>
    <Placemark>
      <name>Sasuke</name>
      <description><![CDATA[type: restaurant<br>Source: Open Street Map: http://www.openstreetmap.org.nz/<br>Update: 21/01/2019<br>x: 172.60254390000<br>y: -43.53012370000]]></description>
      <styleUrl>#icon-1577-795548</styleUrl>
      <ExtendedData>
        <Data name="type">
          <value>restaurant</value>
        </Data>
        <Data name="Source">
          <value>Open Street Map: http://www.openstreetmap.org.nz/</value>
        </Data>
        <Data name="Update">
          <value>21/01/2019</value>
        </Data>
        <Data name="x">
          <value>172.60254390000</value>
        </Data>
        <Data name="y">
          <value>-43.53012370000</value>
        </Data>
      </ExtendedData>
      <Point>
        <coordinates>
          172.6025439,-43.5301237,0
        </coordinates>
      </Point>
    </Placemark>
    <Placemark>
      <name>China Wok</name>
      <description><![CDATA[type: restaurant<br>Source: Open Street Map: http://www.openstreetmap.org.nz/<br>Update: 21/01/2019<br>x: 172.60256720000<br>y: -43.52990610000]]></description>
      <styleUrl>#icon-1577-795548</styleUrl>
      <ExtendedData>
        <Data name="type">
          <value>restaurant</value>
        </Data>
        <Data name="Source">
          <value>Open Street Map: http://www.openstreetmap.org.nz/</value>
        </Data>
        <Data name="Update">
          <value>21/01/2019</value>
        </Data>
        <Data name="x">
          <value>172.60256720000</value>
        </Data>
        <Data name="y">
          <value>-43.52990610000</value>
        </Data>
      </ExtendedData>
      <Point>
        <coordinates>
          172.6025672,-43.5299061,0
        </coordinates>
      </Point>
    </Placemark>
    <Placemark>
      <name>BBQ Brazil</name>
      <description><![CDATA[type: restaurant<br>Source: Open Street Map: http://www.openstreetmap.org.nz/<br>Update: 21/01/2019<br>x: 172.63341310000<br>y: -43.53733050000]]></description>
      <styleUrl>#icon-1577-795548</styleUrl>
      <ExtendedData>
        <Data name="type">
          <value>restaurant</value>
        </Data>
        <Data name="Source">
          <value>Open Street Map: http://www.openstreetmap.org.nz/</value>
        </Data>
        <Data name="Update">
          <value>21/01/2019</value>
        </Data>
        <Data name="x">
          <value>172.63341310000</value>
        </Data>
        <Data name="y">
          <value>-43.53733050000</value>
        </Data>
      </ExtendedData>
      <Point>
        <coordinates>
          172.6334131,-43.5373305,0
        </coordinates>
      </Point>
    </Placemark>
    <Placemark>
      <name>Bamboozle</name>
      <description><![CDATA[type: restaurant<br>Source: Open Street Map: http://www.openstreetmap.org.nz/<br>Update: 21/01/2019<br>x: 172.63296190000<br>y: -43.53001430000]]></description>
      <styleUrl>#icon-1577-795548</styleUrl>
      <ExtendedData>
        <Data name="type">
          <value>restaurant</value>
        </Data>
        <Data name="Source">
          <value>Open Street Map: http://www.openstreetmap.org.nz/</value>
        </Data>
        <Data name="Update">
          <value>21/01/2019</value>
        </Data>
        <Data name="x">
          <value>172.63296190000</value>
        </Data>
        <Data name="y">
          <value>-43.53001430000</value>
        </Data>
      </ExtendedData>
      <Point>
        <coordinates>
          172.6329619,-43.5300143,0
        </coordinates>
      </Point>
    </Placemark>
    <Placemark>
      <name>Flint</name>
      <description><![CDATA[type: restaurant<br>Source: Open Street Map: http://www.openstreetmap.org.nz/<br>Update: 21/01/2019<br>x: 172.63868570000<br>y: -43.53084010000]]></description>
      <styleUrl>#icon-1577-795548</styleUrl>
      <ExtendedData>
        <Data name="type">
          <value>restaurant</value>
        </Data>
        <Data name="Source">
          <value>Open Street Map: http://www.openstreetmap.org.nz/</value>
        </Data>
        <Data name="Update">
          <value>21/01/2019</value>
        </Data>
        <Data name="x">
          <value>172.63868570000</value>
        </Data>
        <Data name="y">
          <value>-43.53084010000</value>
        </Data>
      </ExtendedData>
      <Point>
        <coordinates>
          172.6386857,-43.5308401,0
        </coordinates>
      </Point>
    </Placemark>
    <Placemark>
      <name><![CDATA[Chong's]]></name>
      <description><![CDATA[type: restaurant<br>Source: Open Street Map: http://www.openstreetmap.org.nz/<br>Update: 21/01/2019<br>x: 172.63870020000<br>y: -43.53074200000]]></description>
      <styleUrl>#icon-1577-795548</styleUrl>
      <ExtendedData>
        <Data name="type">
          <value>restaurant</value>
        </Data>
        <Data name="Source">
          <value>Open Street Map: http://www.openstreetmap.org.nz/</value>
        </Data>
        <Data name="Update">
          <value>21/01/2019</value>
        </Data>
        <Data name="x">
          <value>172.63870020000</value>
        </Data>
        <Data name="y">
          <value>-43.53074200000</value>
        </Data>
      </ExtendedData>
      <Point>
        <coordinates>
          172.6387002,-43.530742,0
        </coordinates>
      </Point>
    </Placemark>
    <Placemark>
      <name>Sakimoto</name>
      <description><![CDATA[type: restaurant<br>Source: Open Street Map: http://www.openstreetmap.org.nz/<br>Update: 21/01/2019<br>x: 172.63899240000<br>y: -43.53067710000]]></description>
      <styleUrl>#icon-1577-795548</styleUrl>
      <ExtendedData>
        <Data name="type">
          <value>restaurant</value>
        </Data>
        <Data name="Source">
          <value>Open Street Map: http://www.openstreetmap.org.nz/</value>
        </Data>
        <Data name="Update">
          <value>21/01/2019</value>
        </Data>
        <Data name="x">
          <value>172.63899240000</value>
        </Data>
        <Data name="y">
          <value>-43.53067710000</value>
        </Data>
      </ExtendedData>
      <Point>
        <coordinates>
          172.6389924,-43.5306771,0
        </coordinates>
      </Point>
    </Placemark>
    <Placemark>
      <name>Sala Thai</name>
      <description><![CDATA[type: restaurant<br>Source: Open Street Map: http://www.openstreetmap.org.nz/<br>Update: 21/01/2019<br>x: 172.65792950000<br>y: -43.53999380000]]></description>
      <styleUrl>#icon-1577-795548</styleUrl>
      <ExtendedData>
        <Data name="type">
          <value>restaurant</value>
        </Data>
        <Data name="Source">
          <value>Open Street Map: http://www.openstreetmap.org.nz/</value>
        </Data>
        <Data name="Update">
          <value>21/01/2019</value>
        </Data>
        <Data name="x">
          <value>172.65792950000</value>
        </Data>
        <Data name="y">
          <value>-43.53999380000</value>
        </Data>
      </ExtendedData>
      <Point>
        <coordinates>
          172.6579295,-43.5399938,0
        </coordinates>
      </Point>
    </Placemark>
    <Placemark>
      <name>Tutto Bene</name>
      <description><![CDATA[type: restaurant<br>Source: Open Street Map: http://www.openstreetmap.org.nz/<br>Update: 21/01/2019<br>x: 172.62202810000<br>y: -43.51219260000]]></description>
      <styleUrl>#icon-1577-795548</styleUrl>
      <ExtendedData>
        <Data name="type">
          <value>restaurant</value>
        </Data>
        <Data name="Source">
          <value>Open Street Map: http://www.openstreetmap.org.nz/</value>
        </Data>
        <Data name="Update">
          <value>21/01/2019</value>
        </Data>
        <Data name="x">
          <value>172.62202810000</value>
        </Data>
        <Data name="y">
          <value>-43.51219260000</value>
        </Data>
      </ExtendedData>
      <Point>
        <coordinates>
          172.6220281,-43.5121926,0
        </coordinates>
      </Point>
    </Placemark>
    <Placemark>
      <name>Tasty Thai</name>
      <description><![CDATA[type: restaurant<br>Source: Open Street Map: http://www.openstreetmap.org.nz/<br>Update: 21/01/2019<br>x: 172.61237030000<br>y: -43.49148990000]]></description>
      <styleUrl>#icon-1577-795548</styleUrl>
      <ExtendedData>
        <Data name="type">
          <value>restaurant</value>
        </Data>
        <Data name="Source">
          <value>Open Street Map: http://www.openstreetmap.org.nz/</value>
        </Data>
        <Data name="Update">
          <value>21/01/2019</value>
        </Data>
        <Data name="x">
          <value>172.61237030000</value>
        </Data>
        <Data name="y">
          <value>-43.49148990000</value>
        </Data>
      </ExtendedData>
      <Point>
        <coordinates>
          172.6123703,-43.4914899,0
        </coordinates>
      </Point>
    </Placemark>
    <Placemark>
      <name>Little Taipei</name>
      <description><![CDATA[type: restaurant<br>Source: Open Street Map: http://www.openstreetmap.org.nz/<br>Update: 21/01/2019<br>x: 172.60787070000<br>y: -43.49707300000]]></description>
      <styleUrl>#icon-1577-795548</styleUrl>
      <ExtendedData>
        <Data name="type">
          <value>restaurant</value>
        </Data>
        <Data name="Source">
          <value>Open Street Map: http://www.openstreetmap.org.nz/</value>
        </Data>
        <Data name="Update">
          <value>21/01/2019</value>
        </Data>
        <Data name="x">
          <value>172.60787070000</value>
        </Data>
        <Data name="y">
          <value>-43.49707300000</value>
        </Data>
      </ExtendedData>
      <Point>
        <coordinates>
          172.6078707,-43.497073,0
        </coordinates>
      </Point>
    </Placemark>
    <Placemark>
      <name>Phuket</name>
      <description><![CDATA[type: restaurant<br>Source: Open Street Map: http://www.openstreetmap.org.nz/<br>Update: 21/01/2019<br>x: 172.60759770000<br>y: -43.49705110000]]></description>
      <styleUrl>#icon-1577-795548</styleUrl>
      <ExtendedData>
        <Data name="type">
          <value>restaurant</value>
        </Data>
        <Data name="Source">
          <value>Open Street Map: http://www.openstreetmap.org.nz/</value>
        </Data>
        <Data name="Update">
          <value>21/01/2019</value>
        </Data>
        <Data name="x">
          <value>172.60759770000</value>
        </Data>
        <Data name="y">
          <value>-43.49705110000</value>
        </Data>
      </ExtendedData>
      <Point>
        <coordinates>
          172.6075977,-43.4970511,0
        </coordinates>
      </Point>
    </Placemark>
    <Placemark>
      <name>Hell</name>
      <description><![CDATA[type: restaurant<br>Source: Open Street Map: http://www.openstreetmap.org.nz/<br>Update: 21/01/2019<br>x: 172.66662290000<br>y: -43.54351890000]]></description>
      <styleUrl>#icon-1577-795548</styleUrl>
      <ExtendedData>
        <Data name="type">
          <value>restaurant</value>
        </Data>
        <Data name="Source">
          <value>Open Street Map: http://www.openstreetmap.org.nz/</value>
        </Data>
        <Data name="Update">
          <value>21/01/2019</value>
        </Data>
        <Data name="x">
          <value>172.66662290000</value>
        </Data>
        <Data name="y">
          <value>-43.54351890000</value>
        </Data>
      </ExtendedData>
      <Point>
        <coordinates>
          172.6666229,-43.5435189,0
        </coordinates>
      </Point>
    </Placemark>
    <Placemark>
      <name>Besse</name>
      <description><![CDATA[type: restaurant<br>Source: Open Street Map: http://www.openstreetmap.org.nz/<br>Update: 21/01/2019<br>x: 172.63615660000<br>y: -43.53652170000]]></description>
      <styleUrl>#icon-1577-795548</styleUrl>
      <ExtendedData>
        <Data name="type">
          <value>restaurant</value>
        </Data>
        <Data name="Source">
          <value>Open Street Map: http://www.openstreetmap.org.nz/</value>
        </Data>
        <Data name="Update">
          <value>21/01/2019</value>
        </Data>
        <Data name="x">
          <value>172.63615660000</value>
        </Data>
        <Data name="y">
          <value>-43.53652170000</value>
        </Data>
      </ExtendedData>
      <Point>
        <coordinates>
          172.6361566,-43.5365217,0
        </coordinates>
      </Point>
    </Placemark>
    <Placemark>
      <name>Nobanno</name>
      <description><![CDATA[type: restaurant<br>Source: Open Street Map: http://www.openstreetmap.org.nz/<br>Update: 21/01/2019<br>x: 172.70688350000<br>y: -43.55846840000]]></description>
      <styleUrl>#icon-1577-795548</styleUrl>
      <ExtendedData>
        <Data name="type">
          <value>restaurant</value>
        </Data>
        <Data name="Source">
          <value>Open Street Map: http://www.openstreetmap.org.nz/</value>
        </Data>
        <Data name="Update">
          <value>21/01/2019</value>
        </Data>
        <Data name="x">
          <value>172.70688350000</value>
        </Data>
        <Data name="y">
          <value>-43.55846840000</value>
        </Data>
      </ExtendedData>
      <Point>
        <coordinates>
          172.7068835,-43.5584684,0
        </coordinates>
      </Point>
    </Placemark>
    <Placemark>
      <name>Madam Woo</name>
      <description><![CDATA[type: restaurant<br>Source: Open Street Map: http://www.openstreetmap.org.nz/<br>Update: 21/01/2019<br>x: 172.64073800000<br>y: -43.53598150000]]></description>
      <styleUrl>#icon-1577-795548</styleUrl>
      <ExtendedData>
        <Data name="type">
          <value>restaurant</value>
        </Data>
        <Data name="Source">
          <value>Open Street Map: http://www.openstreetmap.org.nz/</value>
        </Data>
        <Data name="Update">
          <value>21/01/2019</value>
        </Data>
        <Data name="x">
          <value>172.64073800000</value>
        </Data>
        <Data name="y">
          <value>-43.53598150000</value>
        </Data>
      </ExtendedData>
      <Point>
        <coordinates>
          172.640738,-43.5359815,0
        </coordinates>
      </Point>
    </Placemark>
    <Placemark>
      <name>St. Germain</name>
      <description><![CDATA[type: restaurant<br>Source: Open Street Map: http://www.openstreetmap.org.nz/<br>Update: 21/01/2019<br>x: 172.64061440000<br>y: -43.53598190000]]></description>
      <styleUrl>#icon-1577-795548</styleUrl>
      <ExtendedData>
        <Data name="type">
          <value>restaurant</value>
        </Data>
        <Data name="Source">
          <value>Open Street Map: http://www.openstreetmap.org.nz/</value>
        </Data>
        <Data name="Update">
          <value>21/01/2019</value>
        </Data>
        <Data name="x">
          <value>172.64061440000</value>
        </Data>
        <Data name="y">
          <value>-43.53598190000</value>
        </Data>
      </ExtendedData>
      <Point>
        <coordinates>
          172.6406144,-43.5359819,0
        </coordinates>
      </Point>
    </Placemark>
    <Placemark>
      <name>Little River Diner</name>
      <description><![CDATA[type: restaurant<br>Source: Open Street Map: http://www.openstreetmap.org.nz/<br>Update: 21/01/2019<br>x: 172.79098280000<br>y: -43.76971120000]]></description>
      <styleUrl>#icon-1577-795548</styleUrl>
      <ExtendedData>
        <Data name="type">
          <value>restaurant</value>
        </Data>
        <Data name="Source">
          <value>Open Street Map: http://www.openstreetmap.org.nz/</value>
        </Data>
        <Data name="Update">
          <value>21/01/2019</value>
        </Data>
        <Data name="x">
          <value>172.79098280000</value>
        </Data>
        <Data name="y">
          <value>-43.76971120000</value>
        </Data>
      </ExtendedData>
      <Point>
        <coordinates>
          172.7909828,-43.7697112,0
        </coordinates>
      </Point>
    </Placemark>
    <Placemark>
      <name>The little bistro</name>
      <description><![CDATA[type: restaurant<br>Source: Open Street Map: http://www.openstreetmap.org.nz/<br>Update: 21/01/2019<br>x: 172.96902310000<br>y: -43.80282440000]]></description>
      <styleUrl>#icon-1577-795548</styleUrl>
      <ExtendedData>
        <Data name="type">
          <value>restaurant</value>
        </Data>
        <Data name="Source">
          <value>Open Street Map: http://www.openstreetmap.org.nz/</value>
        </Data>
        <Data name="Update">
          <value>21/01/2019</value>
        </Data>
        <Data name="x">
          <value>172.96902310000</value>
        </Data>
        <Data name="y">
          <value>-43.80282440000</value>
        </Data>
      </ExtendedData>
      <Point>
        <coordinates>
          172.9690231,-43.8028244,0
        </coordinates>
      </Point>
    </Placemark>
    <Placemark>
      <name>Own Masala</name>
      <description><![CDATA[type: restaurant<br>Source: Open Street Map: http://www.openstreetmap.org.nz/<br>Update: 21/01/2019<br>x: 172.75930140000<br>y: -43.56872230000]]></description>
      <styleUrl>#icon-1577-795548</styleUrl>
      <ExtendedData>
        <Data name="type">
          <value>restaurant</value>
        </Data>
        <Data name="Source">
          <value>Open Street Map: http://www.openstreetmap.org.nz/</value>
        </Data>
        <Data name="Update">
          <value>21/01/2019</value>
        </Data>
        <Data name="x">
          <value>172.75930140000</value>
        </Data>
        <Data name="y">
          <value>-43.56872230000</value>
        </Data>
      </ExtendedData>
      <Point>
        <coordinates>
          172.7593014,-43.5687223,0
        </coordinates>
      </Point>
    </Placemark>
    <Placemark>
      <name>Cafe Prague</name>
      <description><![CDATA[type: restaurant<br>Source: Open Street Map: http://www.openstreetmap.org.nz/<br>Update: 21/01/2019<br>x: 172.61445190000<br>y: -43.54119350000]]></description>
      <styleUrl>#icon-1577-795548</styleUrl>
      <ExtendedData>
        <Data name="type">
          <value>restaurant</value>
        </Data>
        <Data name="Source">
          <value>Open Street Map: http://www.openstreetmap.org.nz/</value>
        </Data>
        <Data name="Update">
          <value>21/01/2019</value>
        </Data>
        <Data name="x">
          <value>172.61445190000</value>
        </Data>
        <Data name="y">
          <value>-43.54119350000</value>
        </Data>
      </ExtendedData>
      <Point>
        <coordinates>
          172.6144519,-43.5411935,0
        </coordinates>
      </Point>
    </Placemark>
    <Placemark>
      <name>Indian Pearl</name>
      <description><![CDATA[type: restaurant<br>Source: Open Street Map: http://www.openstreetmap.org.nz/<br>Update: 21/01/2019<br>x: 172.63682040000<br>y: -43.54645690000]]></description>
      <styleUrl>#icon-1577-795548</styleUrl>
      <ExtendedData>
        <Data name="type">
          <value>restaurant</value>
        </Data>
        <Data name="Source">
          <value>Open Street Map: http://www.openstreetmap.org.nz/</value>
        </Data>
        <Data name="Update">
          <value>21/01/2019</value>
        </Data>
        <Data name="x">
          <value>172.63682040000</value>
        </Data>
        <Data name="y">
          <value>-43.54645690000</value>
        </Data>
      </ExtendedData>
      <Point>
        <coordinates>
          172.6368204,-43.5464569,0
        </coordinates>
      </Point>
    </Placemark>
    <Placemark>
      <name>The Burg</name>
      <description><![CDATA[type: restaurant<br>Source: Open Street Map: http://www.openstreetmap.org.nz/<br>Update: 21/01/2019<br>x: 172.58290610000<br>y: -43.52355890000]]></description>
      <styleUrl>#icon-1577-795548</styleUrl>
      <ExtendedData>
        <Data name="type">
          <value>restaurant</value>
        </Data>
        <Data name="Source">
          <value>Open Street Map: http://www.openstreetmap.org.nz/</value>
        </Data>
        <Data name="Update">
          <value>21/01/2019</value>
        </Data>
        <Data name="x">
          <value>172.58290610000</value>
        </Data>
        <Data name="y">
          <value>-43.52355890000</value>
        </Data>
      </ExtendedData>
      <Point>
        <coordinates>
          172.5829061,-43.5235589,0
        </coordinates>
      </Point>
    </Placemark>
    <Placemark>
      <name>The Wok</name>
      <description><![CDATA[type: restaurant<br>Source: Open Street Map: http://www.openstreetmap.org.nz/<br>Update: 21/01/2019<br>x: 172.58289290000<br>y: -43.52356960000]]></description>
      <styleUrl>#icon-1577-795548</styleUrl>
      <ExtendedData>
        <Data name="type">
          <value>restaurant</value>
        </Data>
        <Data name="Source">
          <value>Open Street Map: http://www.openstreetmap.org.nz/</value>
        </Data>
        <Data name="Update">
          <value>21/01/2019</value>
        </Data>
        <Data name="x">
          <value>172.58289290000</value>
        </Data>
        <Data name="y">
          <value>-43.52356960000</value>
        </Data>
      </ExtendedData>
      <Point>
        <coordinates>
          172.5828929,-43.5235696,0
        </coordinates>
      </Point>
    </Placemark>
    <Placemark>
      <name>The Greek</name>
      <description><![CDATA[type: restaurant<br>Source: Open Street Map: http://www.openstreetmap.org.nz/<br>Update: 21/01/2019<br>x: 172.58287930000<br>y: -43.52358170000]]></description>
      <styleUrl>#icon-1577-795548</styleUrl>
      <ExtendedData>
        <Data name="type">
          <value>restaurant</value>
        </Data>
        <Data name="Source">
          <value>Open Street Map: http://www.openstreetmap.org.nz/</value>
        </Data>
        <Data name="Update">
          <value>21/01/2019</value>
        </Data>
        <Data name="x">
          <value>172.58287930000</value>
        </Data>
        <Data name="y">
          <value>-43.52358170000</value>
        </Data>
      </ExtendedData>
      <Point>
        <coordinates>
          172.5828793,-43.5235817,0
        </coordinates>
      </Point>
    </Placemark>
    <Placemark>
      <name>Hachi Hachi</name>
      <description><![CDATA[type: restaurant<br>Source: Open Street Map: http://www.openstreetmap.org.nz/<br>Update: 21/01/2019<br>x: 172.62826440000<br>y: -43.52142780000]]></description>
      <styleUrl>#icon-1577-795548</styleUrl>
      <ExtendedData>
        <Data name="type">
          <value>restaurant</value>
        </Data>
        <Data name="Source">
          <value>Open Street Map: http://www.openstreetmap.org.nz/</value>
        </Data>
        <Data name="Update">
          <value>21/01/2019</value>
        </Data>
        <Data name="x">
          <value>172.62826440000</value>
        </Data>
        <Data name="y">
          <value>-43.52142780000</value>
        </Data>
      </ExtendedData>
      <Point>
        <coordinates>
          172.6282644,-43.5214278,0
        </coordinates>
      </Point>
    </Placemark>
    <Placemark>
      <name>Sushi Ya Burnside</name>
      <description><![CDATA[type: restaurant<br>Source: Open Street Map: http://www.openstreetmap.org.nz/<br>Update: 21/01/2019<br>x: 172.58572560000<br>y: -43.49986150000]]></description>
      <styleUrl>#icon-1577-795548</styleUrl>
      <ExtendedData>
        <Data name="type">
          <value>restaurant</value>
        </Data>
        <Data name="Source">
          <value>Open Street Map: http://www.openstreetmap.org.nz/</value>
        </Data>
        <Data name="Update">
          <value>21/01/2019</value>
        </Data>
        <Data name="x">
          <value>172.58572560000</value>
        </Data>
        <Data name="y">
          <value>-43.49986150000</value>
        </Data>
      </ExtendedData>
      <Point>
        <coordinates>
          172.5857256,-43.4998615,0
        </coordinates>
      </Point>
    </Placemark>
    <Placemark>
      <name>The Monday Room</name>
      <description><![CDATA[type: restaurant<br>Source: Open Street Map: http://www.openstreetmap.org.nz/<br>Update: 21/01/2019<br>x: 172.64157760000<br>y: -43.53571510000]]></description>
      <styleUrl>#icon-1577-795548</styleUrl>
      <ExtendedData>
        <Data name="type">
          <value>restaurant</value>
        </Data>
        <Data name="Source">
          <value>Open Street Map: http://www.openstreetmap.org.nz/</value>
        </Data>
        <Data name="Update">
          <value>21/01/2019</value>
        </Data>
        <Data name="x">
          <value>172.64157760000</value>
        </Data>
        <Data name="y">
          <value>-43.53571510000</value>
        </Data>
      </ExtendedData>
      <Point>
        <coordinates>
          172.6415776,-43.5357151,0
        </coordinates>
      </Point>
    </Placemark>
    <Placemark>
      <name>Hello Vietnam Restaurant</name>
      <description><![CDATA[type: restaurant<br>Source: Open Street Map: http://www.openstreetmap.org.nz/<br>Update: 21/01/2019<br>x: 172.58759370000<br>y: -43.53100750000]]></description>
      <styleUrl>#icon-1577-795548</styleUrl>
      <ExtendedData>
        <Data name="type">
          <value>restaurant</value>
        </Data>
        <Data name="Source">
          <value>Open Street Map: http://www.openstreetmap.org.nz/</value>
        </Data>
        <Data name="Update">
          <value>21/01/2019</value>
        </Data>
        <Data name="x">
          <value>172.58759370000</value>
        </Data>
        <Data name="y">
          <value>-43.53100750000</value>
        </Data>
      </ExtendedData>
      <Point>
        <coordinates>
          172.5875937,-43.5310075,0
        </coordinates>
      </Point>
    </Placemark>
    <Placemark>
      <name>Monster Chicken</name>
      <description><![CDATA[type: restaurant<br>Source: Open Street Map: http://www.openstreetmap.org.nz/<br>Update: 21/01/2019<br>x: 172.57227420000<br>y: -43.53152680000]]></description>
      <styleUrl>#icon-1577-795548</styleUrl>
      <ExtendedData>
        <Data name="type">
          <value>restaurant</value>
        </Data>
        <Data name="Source">
          <value>Open Street Map: http://www.openstreetmap.org.nz/</value>
        </Data>
        <Data name="Update">
          <value>21/01/2019</value>
        </Data>
        <Data name="x">
          <value>172.57227420000</value>
        </Data>
        <Data name="y">
          <value>-43.53152680000</value>
        </Data>
      </ExtendedData>
      <Point>
        <coordinates>
          172.5722742,-43.5315268,0
        </coordinates>
      </Point>
    </Placemark>
    <Placemark>
      <name>Riccarton noodle house</name>
      <description><![CDATA[type: restaurant<br>Source: Open Street Map: http://www.openstreetmap.org.nz/<br>Update: 21/01/2019<br>x: 172.60090680000<br>y: -43.52977160000]]></description>
      <styleUrl>#icon-1577-795548</styleUrl>
      <ExtendedData>
        <Data name="type">
          <value>restaurant</value>
        </Data>
        <Data name="Source">
          <value>Open Street Map: http://www.openstreetmap.org.nz/</value>
        </Data>
        <Data name="Update">
          <value>21/01/2019</value>
        </Data>
        <Data name="x">
          <value>172.60090680000</value>
        </Data>
        <Data name="y">
          <value>-43.52977160000</value>
        </Data>
      </ExtendedData>
      <Point>
        <coordinates>
          172.6009068,-43.5297716,0
        </coordinates>
      </Point>
    </Placemark>
    <Placemark>
      <name><![CDATA[Three cows cafe & restaurant]]></name>
      <description><![CDATA[type: restaurant<br>Source: Open Street Map: http://www.openstreetmap.org.nz/<br>Update: 21/01/2019<br>x: 172.63219840000<br>y: -43.52583020000]]></description>
      <styleUrl>#icon-1577-795548</styleUrl>
      <ExtendedData>
        <Data name="type">
          <value>restaurant</value>
        </Data>
        <Data name="Source">
          <value>Open Street Map: http://www.openstreetmap.org.nz/</value>
        </Data>
        <Data name="Update">
          <value>21/01/2019</value>
        </Data>
        <Data name="x">
          <value>172.63219840000</value>
        </Data>
        <Data name="y">
          <value>-43.52583020000</value>
        </Data>
      </ExtendedData>
      <Point>
        <coordinates>
          172.6321984,-43.5258302,0
        </coordinates>
      </Point>
    </Placemark>
    <Placemark>
      <name><![CDATA[Madam Kwong's]]></name>
      <description><![CDATA[type: restaurant<br>Source: Open Street Map: http://www.openstreetmap.org.nz/<br>Update: 21/01/2019<br>x: 172.59579390000<br>y: -43.53823730000]]></description>
      <styleUrl>#icon-1577-795548</styleUrl>
      <ExtendedData>
        <Data name="type">
          <value>restaurant</value>
        </Data>
        <Data name="Source">
          <value>Open Street Map: http://www.openstreetmap.org.nz/</value>
        </Data>
        <Data name="Update">
          <value>21/01/2019</value>
        </Data>
        <Data name="x">
          <value>172.59579390000</value>
        </Data>
        <Data name="y">
          <value>-43.53823730000</value>
        </Data>
      </ExtendedData>
      <Point>
        <coordinates>
          172.5957939,-43.5382373,0
        </coordinates>
      </Point>
    </Placemark>
    <Placemark>
      <name>Saggio di Vino</name>
      <description><![CDATA[type: restaurant<br>Source: Open Street Map: http://www.openstreetmap.org.nz/<br>Update: 21/01/2019<br>x: 172.62816770000<br>y: -43.52128920000]]></description>
      <styleUrl>#icon-1577-795548</styleUrl>
      <ExtendedData>
        <Data name="type">
          <value>restaurant</value>
        </Data>
        <Data name="Source">
          <value>Open Street Map: http://www.openstreetmap.org.nz/</value>
        </Data>
        <Data name="Update">
          <value>21/01/2019</value>
        </Data>
        <Data name="x">
          <value>172.62816770000</value>
        </Data>
        <Data name="y">
          <value>-43.52128920000</value>
        </Data>
      </ExtendedData>
      <Point>
        <coordinates>
          172.6281677,-43.5212892,0
        </coordinates>
      </Point>
    </Placemark>
    <Placemark>
      <name>Sushi Bar</name>
      <description><![CDATA[type: restaurant<br>Source: Open Street Map: http://www.openstreetmap.org.nz/<br>Update: 21/01/2019<br>x: 172.48372670000<br>y: -43.64048390000]]></description>
      <styleUrl>#icon-1577-795548</styleUrl>
      <ExtendedData>
        <Data name="type">
          <value>restaurant</value>
        </Data>
        <Data name="Source">
          <value>Open Street Map: http://www.openstreetmap.org.nz/</value>
        </Data>
        <Data name="Update">
          <value>21/01/2019</value>
        </Data>
        <Data name="x">
          <value>172.48372670000</value>
        </Data>
        <Data name="y">
          <value>-43.64048390000</value>
        </Data>
      </ExtendedData>
      <Point>
        <coordinates>
          172.4837267,-43.6404839,0
        </coordinates>
      </Point>
    </Placemark>
    <Placemark>
      <name>Sushi Fresh</name>
      <description><![CDATA[type: restaurant<br>Source: Open Street Map: http://www.openstreetmap.org.nz/<br>Update: 21/01/2019<br>x: 172.64578540000<br>y: -43.51363850000]]></description>
      <styleUrl>#icon-1577-795548</styleUrl>
      <ExtendedData>
        <Data name="type">
          <value>restaurant</value>
        </Data>
        <Data name="Source">
          <value>Open Street Map: http://www.openstreetmap.org.nz/</value>
        </Data>
        <Data name="Update">
          <value>21/01/2019</value>
        </Data>
        <Data name="x">
          <value>172.64578540000</value>
        </Data>
        <Data name="y">
          <value>-43.51363850000</value>
        </Data>
      </ExtendedData>
      <Point>
        <coordinates>
          172.6457854,-43.5136385,0
        </coordinates>
      </Point>
    </Placemark>
    <Placemark>
      <name>The Donut Boutique</name>
      <description><![CDATA[type: restaurant<br>Source: Open Street Map: http://www.openstreetmap.org.nz/<br>Update: 21/01/2019<br>x: 172.64578570000<br>y: -43.51360140000]]></description>
      <styleUrl>#icon-1577-795548</styleUrl>
      <ExtendedData>
        <Data name="type">
          <value>restaurant</value>
        </Data>
        <Data name="Source">
          <value>Open Street Map: http://www.openstreetmap.org.nz/</value>
        </Data>
        <Data name="Update">
          <value>21/01/2019</value>
        </Data>
        <Data name="x">
          <value>172.64578570000</value>
        </Data>
        <Data name="y">
          <value>-43.51360140000</value>
        </Data>
      </ExtendedData>
      <Point>
        <coordinates>
          172.6457857,-43.5136014,0
        </coordinates>
      </Point>
    </Placemark>
    <Placemark>
      <name>Ratatouille Restaurant</name>
      <description><![CDATA[type: restaurant<br>Source: Open Street Map: http://www.openstreetmap.org.nz/<br>Update: 21/01/2019<br>x: 172.96844760000<br>y: -43.80305360000]]></description>
      <styleUrl>#icon-1577-795548</styleUrl>
      <ExtendedData>
        <Data name="type">
          <value>restaurant</value>
        </Data>
        <Data name="Source">
          <value>Open Street Map: http://www.openstreetmap.org.nz/</value>
        </Data>
        <Data name="Update">
          <value>21/01/2019</value>
        </Data>
        <Data name="x">
          <value>172.96844760000</value>
        </Data>
        <Data name="y">
          <value>-43.80305360000</value>
        </Data>
      </ExtendedData>
      <Point>
        <coordinates>
          172.9684476,-43.8030536,0
        </coordinates>
      </Point>
    </Placemark>
    <Placemark>
      <name>Bishop Brothers Public House</name>
      <description><![CDATA[type: restaurant<br>Source: Open Street Map: http://www.openstreetmap.org.nz/<br>Update: 21/01/2019<br>x: 172.58697870000<br>y: -43.49032400000]]></description>
      <styleUrl>#icon-1577-795548</styleUrl>
      <ExtendedData>
        <Data name="type">
          <value>restaurant</value>
        </Data>
        <Data name="Source">
          <value>Open Street Map: http://www.openstreetmap.org.nz/</value>
        </Data>
        <Data name="Update">
          <value>21/01/2019</value>
        </Data>
        <Data name="x">
          <value>172.58697870000</value>
        </Data>
        <Data name="y">
          <value>-43.49032400000</value>
        </Data>
      </ExtendedData>
      <Point>
        <coordinates>
          172.5869787,-43.490324,0
        </coordinates>
      </Point>
    </Placemark>
    <Placemark>
      <name>Mama Hooch</name>
      <description><![CDATA[type: restaurant<br>Source: Open Street Map: http://www.openstreetmap.org.nz/<br>Update: 21/01/2019<br>x: 172.63644840000<br>y: -43.52570210000]]></description>
      <styleUrl>#icon-1577-795548</styleUrl>
      <ExtendedData>
        <Data name="type">
          <value>restaurant</value>
        </Data>
        <Data name="Source">
          <value>Open Street Map: http://www.openstreetmap.org.nz/</value>
        </Data>
        <Data name="Update">
          <value>21/01/2019</value>
        </Data>
        <Data name="x">
          <value>172.63644840000</value>
        </Data>
        <Data name="y">
          <value>-43.52570210000</value>
        </Data>
      </ExtendedData>
      <Point>
        <coordinates>
          172.6364484,-43.5257021,0
        </coordinates>
      </Point>
    </Placemark>
    <Placemark>
      <name>Sun Dog Diner</name>
      <description><![CDATA[type: restaurant<br>Source: Open Street Map: http://www.openstreetmap.org.nz/<br>Update: 21/01/2019<br>x: 172.62794570000<br>y: -43.52045810000]]></description>
      <styleUrl>#icon-1577-795548</styleUrl>
      <ExtendedData>
        <Data name="type">
          <value>restaurant</value>
        </Data>
        <Data name="Source">
          <value>Open Street Map: http://www.openstreetmap.org.nz/</value>
        </Data>
        <Data name="Update">
          <value>21/01/2019</value>
        </Data>
        <Data name="x">
          <value>172.62794570000</value>
        </Data>
        <Data name="y">
          <value>-43.52045810000</value>
        </Data>
      </ExtendedData>
      <Point>
        <coordinates>
          172.6279457,-43.5204581,0
        </coordinates>
      </Point>
    </Placemark>
    <Placemark>
      <name>Gatherings</name>
      <description><![CDATA[type: restaurant<br>Source: Open Street Map: http://www.openstreetmap.org.nz/<br>Update: 21/01/2019<br>x: 172.62806100000<br>y: -43.52060220000]]></description>
      <styleUrl>#icon-1577-795548</styleUrl>
      <ExtendedData>
        <Data name="type">
          <value>restaurant</value>
        </Data>
        <Data name="Source">
          <value>Open Street Map: http://www.openstreetmap.org.nz/</value>
        </Data>
        <Data name="Update">
          <value>21/01/2019</value>
        </Data>
        <Data name="x">
          <value>172.62806100000</value>
        </Data>
        <Data name="y">
          <value>-43.52060220000</value>
        </Data>
      </ExtendedData>
      <Point>
        <coordinates>
          172.628061,-43.5206022,0
        </coordinates>
      </Point>
    </Placemark>
    <Placemark>
      <name>King of Snake</name>
      <description><![CDATA[type: restaurant<br>Source: Open Street Map: http://www.openstreetmap.org.nz/<br>Update: 21/01/2019<br>x: 172.62913250000<br>y: -43.52284300000]]></description>
      <styleUrl>#icon-1577-795548</styleUrl>
      <ExtendedData>
        <Data name="type">
          <value>restaurant</value>
        </Data>
        <Data name="Source">
          <value>Open Street Map: http://www.openstreetmap.org.nz/</value>
        </Data>
        <Data name="Update">
          <value>21/01/2019</value>
        </Data>
        <Data name="x">
          <value>172.62913250000</value>
        </Data>
        <Data name="y">
          <value>-43.52284300000</value>
        </Data>
      </ExtendedData>
      <Point>
        <coordinates>
          172.6291325,-43.522843,0
        </coordinates>
      </Point>
    </Placemark>
    <Placemark>
      <name>Sister Kong</name>
      <description><![CDATA[type: restaurant<br>Source: Open Street Map: http://www.openstreetmap.org.nz/<br>Update: 21/01/2019<br>x: 172.62936250000<br>y: -43.52373020000]]></description>
      <styleUrl>#icon-1577-795548</styleUrl>
      <ExtendedData>
        <Data name="type">
          <value>restaurant</value>
        </Data>
        <Data name="Source">
          <value>Open Street Map: http://www.openstreetmap.org.nz/</value>
        </Data>
        <Data name="Update">
          <value>21/01/2019</value>
        </Data>
        <Data name="x">
          <value>172.62936250000</value>
        </Data>
        <Data name="y">
          <value>-43.52373020000</value>
        </Data>
      </ExtendedData>
      <Point>
        <coordinates>
          172.6293625,-43.5237302,0
        </coordinates>
      </Point>
    </Placemark>
    <Placemark>
      <name>Rockstar</name>
      <description><![CDATA[type: restaurant<br>Source: Open Street Map: http://www.openstreetmap.org.nz/<br>Update: 21/01/2019<br>x: 172.62988550000<br>y: -43.52303850000]]></description>
      <styleUrl>#icon-1577-795548</styleUrl>
      <ExtendedData>
        <Data name="type">
          <value>restaurant</value>
        </Data>
        <Data name="Source">
          <value>Open Street Map: http://www.openstreetmap.org.nz/</value>
        </Data>
        <Data name="Update">
          <value>21/01/2019</value>
        </Data>
        <Data name="x">
          <value>172.62988550000</value>
        </Data>
        <Data name="y">
          <value>-43.52303850000</value>
        </Data>
      </ExtendedData>
      <Point>
        <coordinates>
          172.6298855,-43.5230385,0
        </coordinates>
      </Point>
    </Placemark>
    <Placemark>
      <name>Louis</name>
      <description><![CDATA[type: restaurant<br>Source: Open Street Map: http://www.openstreetmap.org.nz/<br>Update: 21/01/2019<br>x: 172.62955210000<br>y: -43.52370800000]]></description>
      <styleUrl>#icon-1577-795548</styleUrl>
      <ExtendedData>
        <Data name="type">
          <value>restaurant</value>
        </Data>
        <Data name="Source">
          <value>Open Street Map: http://www.openstreetmap.org.nz/</value>
        </Data>
        <Data name="Update">
          <value>21/01/2019</value>
        </Data>
        <Data name="x">
          <value>172.62955210000</value>
        </Data>
        <Data name="y">
          <value>-43.52370800000</value>
        </Data>
      </ExtendedData>
      <Point>
        <coordinates>
          172.6295521,-43.523708,0
        </coordinates>
      </Point>
    </Placemark>
    <Placemark>
      <name>Khao San Road</name>
      <description><![CDATA[type: restaurant<br>Source: Open Street Map: http://www.openstreetmap.org.nz/<br>Update: 21/01/2019<br>x: 172.63108250000<br>y: -43.52457350000]]></description>
      <styleUrl>#icon-1577-795548</styleUrl>
      <ExtendedData>
        <Data name="type">
          <value>restaurant</value>
        </Data>
        <Data name="Source">
          <value>Open Street Map: http://www.openstreetmap.org.nz/</value>
        </Data>
        <Data name="Update">
          <value>21/01/2019</value>
        </Data>
        <Data name="x">
          <value>172.63108250000</value>
        </Data>
        <Data name="y">
          <value>-43.52457350000</value>
        </Data>
      </ExtendedData>
      <Point>
        <coordinates>
          172.6310825,-43.5245735,0
        </coordinates>
      </Point>
    </Placemark>
    <Placemark>
      <name>Kum Pun</name>
      <description><![CDATA[type: restaurant<br>Source: Open Street Map: http://www.openstreetmap.org.nz/<br>Update: 21/01/2019<br>x: 172.63211610000<br>y: -43.52577370000]]></description>
      <styleUrl>#icon-1577-795548</styleUrl>
      <ExtendedData>
        <Data name="type">
          <value>restaurant</value>
        </Data>
        <Data name="Source">
          <value>Open Street Map: http://www.openstreetmap.org.nz/</value>
        </Data>
        <Data name="Update">
          <value>21/01/2019</value>
        </Data>
        <Data name="x">
          <value>172.63211610000</value>
        </Data>
        <Data name="y">
          <value>-43.52577370000</value>
        </Data>
      </ExtendedData>
      <Point>
        <coordinates>
          172.6321161,-43.5257737,0
        </coordinates>
      </Point>
    </Placemark>
    <Placemark>
      <name>Aroy Thai</name>
      <description><![CDATA[type: restaurant<br>Source: Open Street Map: http://www.openstreetmap.org.nz/<br>Update: 21/01/2019<br>x: 172.63267040000<br>y: -43.52609080000]]></description>
      <styleUrl>#icon-1577-795548</styleUrl>
      <ExtendedData>
        <Data name="type">
          <value>restaurant</value>
        </Data>
        <Data name="Source">
          <value>Open Street Map: http://www.openstreetmap.org.nz/</value>
        </Data>
        <Data name="Update">
          <value>21/01/2019</value>
        </Data>
        <Data name="x">
          <value>172.63267040000</value>
        </Data>
        <Data name="y">
          <value>-43.52609080000</value>
        </Data>
      </ExtendedData>
      <Point>
        <coordinates>
          172.6326704,-43.5260908,0
        </coordinates>
      </Point>
    </Placemark>
    <Placemark>
      <name>Delhi Belly</name>
      <description><![CDATA[type: restaurant<br>Source: Open Street Map: http://www.openstreetmap.org.nz/<br>Update: 21/01/2019<br>x: 172.63273320000<br>y: -43.52614250000]]></description>
      <styleUrl>#icon-1577-795548</styleUrl>
      <ExtendedData>
        <Data name="type">
          <value>restaurant</value>
        </Data>
        <Data name="Source">
          <value>Open Street Map: http://www.openstreetmap.org.nz/</value>
        </Data>
        <Data name="Update">
          <value>21/01/2019</value>
        </Data>
        <Data name="x">
          <value>172.63273320000</value>
        </Data>
        <Data name="y">
          <value>-43.52614250000</value>
        </Data>
      </ExtendedData>
      <Point>
        <coordinates>
          172.6327332,-43.5261425,0
        </coordinates>
      </Point>
    </Placemark>
    <Placemark>
      <name>yamagen</name>
      <description><![CDATA[type: restaurant<br>Source: Open Street Map: http://www.openstreetmap.org.nz/<br>Update: 21/01/2019<br>x: 172.63286030000<br>y: -43.52623440000]]></description>
      <styleUrl>#icon-1577-795548</styleUrl>
      <ExtendedData>
        <Data name="type">
          <value>restaurant</value>
        </Data>
        <Data name="Source">
          <value>Open Street Map: http://www.openstreetmap.org.nz/</value>
        </Data>
        <Data name="Update">
          <value>21/01/2019</value>
        </Data>
        <Data name="x">
          <value>172.63286030000</value>
        </Data>
        <Data name="y">
          <value>-43.52623440000</value>
        </Data>
      </ExtendedData>
      <Point>
        <coordinates>
          172.6328603,-43.5262344,0
        </coordinates>
      </Point>
    </Placemark>
    <Placemark>
      <name>Food Container</name>
      <description><![CDATA[type: restaurant<br>Source: Open Street Map: http://www.openstreetmap.org.nz/<br>Update: 21/01/2019<br>x: 172.63022820000<br>y: -43.52424210000]]></description>
      <styleUrl>#icon-1577-795548</styleUrl>
      <ExtendedData>
        <Data name="type">
          <value>restaurant</value>
        </Data>
        <Data name="Source">
          <value>Open Street Map: http://www.openstreetmap.org.nz/</value>
        </Data>
        <Data name="Update">
          <value>21/01/2019</value>
        </Data>
        <Data name="x">
          <value>172.63022820000</value>
        </Data>
        <Data name="y">
          <value>-43.52424210000</value>
        </Data>
      </ExtendedData>
      <Point>
        <coordinates>
          172.6302282,-43.5242421,0
        </coordinates>
      </Point>
    </Placemark>
    <Placemark>
      <name>The Pedal Pusher</name>
      <description><![CDATA[type: restaurant<br>Source: Open Street Map: http://www.openstreetmap.org.nz/<br>Update: 21/01/2019<br>x: 172.38890820000<br>y: -43.61663400000]]></description>
      <styleUrl>#icon-1577-795548</styleUrl>
      <ExtendedData>
        <Data name="type">
          <value>restaurant</value>
        </Data>
        <Data name="Source">
          <value>Open Street Map: http://www.openstreetmap.org.nz/</value>
        </Data>
        <Data name="Update">
          <value>21/01/2019</value>
        </Data>
        <Data name="x">
          <value>172.38890820000</value>
        </Data>
        <Data name="y">
          <value>-43.61663400000</value>
        </Data>
      </ExtendedData>
      <Point>
        <coordinates>
          172.3889082,-43.616634,0
        </coordinates>
      </Point>
    </Placemark>
    <Placemark>
      <name>A Pocket Full of Spices</name>
      <description><![CDATA[type: restaurant<br>Source: Open Street Map: http://www.openstreetmap.org.nz/<br>Update: 21/01/2019<br>x: 172.38907980000<br>y: -43.61686880000]]></description>
      <styleUrl>#icon-1577-795548</styleUrl>
      <ExtendedData>
        <Data name="type">
          <value>restaurant</value>
        </Data>
        <Data name="Source">
          <value>Open Street Map: http://www.openstreetmap.org.nz/</value>
        </Data>
        <Data name="Update">
          <value>21/01/2019</value>
        </Data>
        <Data name="x">
          <value>172.38907980000</value>
        </Data>
        <Data name="y">
          <value>-43.61686880000</value>
        </Data>
      </ExtendedData>
      <Point>
        <coordinates>
          172.3890798,-43.6168688,0
        </coordinates>
      </Point>
    </Placemark>
    <Placemark>
      <name>Hindikitchen</name>
      <description><![CDATA[type: restaurant<br>Source: Open Street Map: http://www.openstreetmap.org.nz/<br>Update: 21/01/2019<br>x: 172.18891960000<br>y: -43.29831660000]]></description>
      <styleUrl>#icon-1577-795548</styleUrl>
      <ExtendedData>
        <Data name="type">
          <value>restaurant</value>
        </Data>
        <Data name="Source">
          <value>Open Street Map: http://www.openstreetmap.org.nz/</value>
        </Data>
        <Data name="Update">
          <value>21/01/2019</value>
        </Data>
        <Data name="x">
          <value>172.18891960000</value>
        </Data>
        <Data name="y">
          <value>-43.29831660000</value>
        </Data>
      </ExtendedData>
      <Point>
        <coordinates>
          172.1889196,-43.2983166,0
        </coordinates>
      </Point>
    </Placemark>
    <Placemark>
      <name>The Bicycle Thief</name>
      <description><![CDATA[type: restaurant<br>Source: Open Street Map: http://www.openstreetmap.org.nz/<br>Update: 21/01/2019<br>x: 172.57011350000<br>y: -43.60934430000]]></description>
      <styleUrl>#icon-1577-795548</styleUrl>
      <ExtendedData>
        <Data name="type">
          <value>restaurant</value>
        </Data>
        <Data name="Source">
          <value>Open Street Map: http://www.openstreetmap.org.nz/</value>
        </Data>
        <Data name="Update">
          <value>21/01/2019</value>
        </Data>
        <Data name="x">
          <value>172.57011350000</value>
        </Data>
        <Data name="y">
          <value>-43.60934430000</value>
        </Data>
      </ExtendedData>
      <Point>
        <coordinates>
          172.5701135,-43.6093443,0
        </coordinates>
      </Point>
    </Placemark>
    <Placemark>
      <name>Ferry Indians</name>
      <description><![CDATA[type: restaurant<br>Source: Open Street Map: http://www.openstreetmap.org.nz/<br>Update: 21/01/2019<br>x: 172.68166290000<br>y: -43.54884360000]]></description>
      <styleUrl>#icon-1577-795548</styleUrl>
      <ExtendedData>
        <Data name="type">
          <value>restaurant</value>
        </Data>
        <Data name="Source">
          <value>Open Street Map: http://www.openstreetmap.org.nz/</value>
        </Data>
        <Data name="Update">
          <value>21/01/2019</value>
        </Data>
        <Data name="x">
          <value>172.68166290000</value>
        </Data>
        <Data name="y">
          <value>-43.54884360000</value>
        </Data>
      </ExtendedData>
      <Point>
        <coordinates>
          172.6816629,-43.5488436,0
        </coordinates>
      </Point>
    </Placemark>
    <Placemark>
      <name>Green Chilli</name>
      <description><![CDATA[type: restaurant<br>Source: Open Street Map: http://www.openstreetmap.org.nz/<br>Update: 21/01/2019<br>x: 172.68173460000<br>y: -43.54888170000]]></description>
      <styleUrl>#icon-1577-795548</styleUrl>
      <ExtendedData>
        <Data name="type">
          <value>restaurant</value>
        </Data>
        <Data name="Source">
          <value>Open Street Map: http://www.openstreetmap.org.nz/</value>
        </Data>
        <Data name="Update">
          <value>21/01/2019</value>
        </Data>
        <Data name="x">
          <value>172.68173460000</value>
        </Data>
        <Data name="y">
          <value>-43.54888170000</value>
        </Data>
      </ExtendedData>
      <Point>
        <coordinates>
          172.6817346,-43.5488817,0
        </coordinates>
      </Point>
    </Placemark>
    <Placemark>
      <name>Original Sin</name>
      <description><![CDATA[type: restaurant<br>Source: Open Street Map: http://www.openstreetmap.org.nz/<br>Update: 21/01/2019<br>x: 172.63403680000<br>y: -43.53216680000]]></description>
      <styleUrl>#icon-1577-795548</styleUrl>
      <ExtendedData>
        <Data name="type">
          <value>restaurant</value>
        </Data>
        <Data name="Source">
          <value>Open Street Map: http://www.openstreetmap.org.nz/</value>
        </Data>
        <Data name="Update">
          <value>21/01/2019</value>
        </Data>
        <Data name="x">
          <value>172.63403680000</value>
        </Data>
        <Data name="y">
          <value>-43.53216680000</value>
        </Data>
      </ExtendedData>
      <Point>
        <coordinates>
          172.6340368,-43.5321668,0
        </coordinates>
      </Point>
    </Placemark>
    <Placemark>
      <name>BASE Woodfired Pizza</name>
      <description><![CDATA[type: restaurant<br>Source: Open Street Map: http://www.openstreetmap.org.nz/<br>Update: 21/01/2019<br>x: 172.64076080000<br>y: -43.53580860000]]></description>
      <styleUrl>#icon-1577-795548</styleUrl>
      <ExtendedData>
        <Data name="type">
          <value>restaurant</value>
        </Data>
        <Data name="Source">
          <value>Open Street Map: http://www.openstreetmap.org.nz/</value>
        </Data>
        <Data name="Update">
          <value>21/01/2019</value>
        </Data>
        <Data name="x">
          <value>172.64076080000</value>
        </Data>
        <Data name="y">
          <value>-43.53580860000</value>
        </Data>
      </ExtendedData>
      <Point>
        <coordinates>
          172.6407608,-43.5358086,0
        </coordinates>
      </Point>
    </Placemark>
    <Placemark>
      <name>Salt on the Pier</name>
      <description><![CDATA[type: restaurant<br>Source: Open Street Map: http://www.openstreetmap.org.nz/<br>Update: 21/01/2019<br>x: 172.73121800000<br>y: -43.50677060000]]></description>
      <styleUrl>#icon-1577-795548</styleUrl>
      <ExtendedData>
        <Data name="type">
          <value>restaurant</value>
        </Data>
        <Data name="Source">
          <value>Open Street Map: http://www.openstreetmap.org.nz/</value>
        </Data>
        <Data name="Update">
          <value>21/01/2019</value>
        </Data>
        <Data name="x">
          <value>172.73121800000</value>
        </Data>
        <Data name="y">
          <value>-43.50677060000</value>
        </Data>
      </ExtendedData>
      <Point>
        <coordinates>
          172.731218,-43.5067706,0
        </coordinates>
      </Point>
    </Placemark>
    <Placemark>
      <name>The Great India</name>
      <description><![CDATA[type: restaurant<br>Source: Open Street Map: http://www.openstreetmap.org.nz/<br>Update: 21/01/2019<br>x: 172.67265810000<br>y: -43.52509790000]]></description>
      <styleUrl>#icon-1577-795548</styleUrl>
      <ExtendedData>
        <Data name="type">
          <value>restaurant</value>
        </Data>
        <Data name="Source">
          <value>Open Street Map: http://www.openstreetmap.org.nz/</value>
        </Data>
        <Data name="Update">
          <value>21/01/2019</value>
        </Data>
        <Data name="x">
          <value>172.67265810000</value>
        </Data>
        <Data name="y">
          <value>-43.52509790000</value>
        </Data>
      </ExtendedData>
      <Point>
        <coordinates>
          172.6726581,-43.5250979,0
        </coordinates>
      </Point>
    </Placemark>
    <Placemark>
      <name>Long Tail Thai Food</name>
      <description><![CDATA[type: restaurant<br>Source: Open Street Map: http://www.openstreetmap.org.nz/<br>Update: 21/01/2019<br>x: 172.67248180000<br>y: -43.52579790000]]></description>
      <styleUrl>#icon-1577-795548</styleUrl>
      <ExtendedData>
        <Data name="type">
          <value>restaurant</value>
        </Data>
        <Data name="Source">
          <value>Open Street Map: http://www.openstreetmap.org.nz/</value>
        </Data>
        <Data name="Update">
          <value>21/01/2019</value>
        </Data>
        <Data name="x">
          <value>172.67248180000</value>
        </Data>
        <Data name="y">
          <value>-43.52579790000</value>
        </Data>
      </ExtendedData>
      <Point>
        <coordinates>
          172.6724818,-43.5257979,0
        </coordinates>
      </Point>
    </Placemark>
    <Placemark>
      <name>SuRa Teppanyaki</name>
      <description><![CDATA[type: restaurant<br>Source: Open Street Map: http://www.openstreetmap.org.nz/<br>Update: 21/01/2019<br>x: 172.54787110000<br>y: -43.49107380000]]></description>
      <styleUrl>#icon-1577-795548</styleUrl>
      <ExtendedData>
        <Data name="type">
          <value>restaurant</value>
        </Data>
        <Data name="Source">
          <value>Open Street Map: http://www.openstreetmap.org.nz/</value>
        </Data>
        <Data name="Update">
          <value>21/01/2019</value>
        </Data>
        <Data name="x">
          <value>172.54787110000</value>
        </Data>
        <Data name="y">
          <value>-43.49107380000</value>
        </Data>
      </ExtendedData>
      <Point>
        <coordinates>
          172.5478711,-43.4910738,0
        </coordinates>
      </Point>
    </Placemark>
    <Placemark>
      <name>Tandoori Palace</name>
      <description><![CDATA[type: restaurant<br>Source: Open Street Map: http://www.openstreetmap.org.nz/<br>Update: 21/01/2019<br>x: 172.57920620000<br>y: -43.52635990000]]></description>
      <styleUrl>#icon-1577-795548</styleUrl>
      <ExtendedData>
        <Data name="type">
          <value>restaurant</value>
        </Data>
        <Data name="Source">
          <value>Open Street Map: http://www.openstreetmap.org.nz/</value>
        </Data>
        <Data name="Update">
          <value>21/01/2019</value>
        </Data>
        <Data name="x">
          <value>172.57920620000</value>
        </Data>
        <Data name="y">
          <value>-43.52635990000</value>
        </Data>
      </ExtendedData>
      <Point>
        <coordinates>
          172.5792062,-43.5263599,0
        </coordinates>
      </Point>
    </Placemark>
    <Placemark>
      <name>Campus Corner Dairy</name>
      <description><![CDATA[type: restaurant<br>Source: Open Street Map: http://www.openstreetmap.org.nz/<br>Update: 21/01/2019<br>x: 172.57932820000<br>y: -43.52659010000]]></description>
      <styleUrl>#icon-1577-795548</styleUrl>
      <ExtendedData>
        <Data name="type">
          <value>restaurant</value>
        </Data>
        <Data name="Source">
          <value>Open Street Map: http://www.openstreetmap.org.nz/</value>
        </Data>
        <Data name="Update">
          <value>21/01/2019</value>
        </Data>
        <Data name="x">
          <value>172.57932820000</value>
        </Data>
        <Data name="y">
          <value>-43.52659010000</value>
        </Data>
      </ExtendedData>
      <Point>
        <coordinates>
          172.5793282,-43.5265901,0
        </coordinates>
      </Point>
    </Placemark>
    <Placemark>
      <name>La Rangis Rooster</name>
      <description><![CDATA[type: restaurant<br>Source: Open Street Map: http://www.openstreetmap.org.nz/<br>Update: 21/01/2019<br>x: 172.96735790000<br>y: -43.80452350000]]></description>
      <styleUrl>#icon-1577-795548</styleUrl>
      <ExtendedData>
        <Data name="type">
          <value>restaurant</value>
        </Data>
        <Data name="Source">
          <value>Open Street Map: http://www.openstreetmap.org.nz/</value>
        </Data>
        <Data name="Update">
          <value>21/01/2019</value>
        </Data>
        <Data name="x">
          <value>172.96735790000</value>
        </Data>
        <Data name="y">
          <value>-43.80452350000</value>
        </Data>
      </ExtendedData>
      <Point>
        <coordinates>
          172.9673579,-43.8045235,0
        </coordinates>
      </Point>
    </Placemark>
    <Placemark>
      <name>La Rangis Pizzeria</name>
      <description><![CDATA[type: restaurant<br>Source: Open Street Map: http://www.openstreetmap.org.nz/<br>Update: 21/01/2019<br>x: 172.96731220000<br>y: -43.80460680000]]></description>
      <styleUrl>#icon-1577-795548</styleUrl>
      <ExtendedData>
        <Data name="type">
          <value>restaurant</value>
        </Data>
        <Data name="Source">
          <value>Open Street Map: http://www.openstreetmap.org.nz/</value>
        </Data>
        <Data name="Update">
          <value>21/01/2019</value>
        </Data>
        <Data name="x">
          <value>172.96731220000</value>
        </Data>
        <Data name="y">
          <value>-43.80460680000</value>
        </Data>
      </ExtendedData>
      <Point>
        <coordinates>
          172.9673122,-43.8046068,0
        </coordinates>
      </Point>
    </Placemark>
    <Placemark>
      <name>Velvet Burger</name>
      <description><![CDATA[type: restaurant<br>Source: Open Street Map: http://www.openstreetmap.org.nz/<br>Update: 21/01/2019<br>x: 172.59998500000<br>y: -43.52989120000]]></description>
      <styleUrl>#icon-1577-795548</styleUrl>
      <ExtendedData>
        <Data name="type">
          <value>restaurant</value>
        </Data>
        <Data name="Source">
          <value>Open Street Map: http://www.openstreetmap.org.nz/</value>
        </Data>
        <Data name="Update">
          <value>21/01/2019</value>
        </Data>
        <Data name="x">
          <value>172.59998500000</value>
        </Data>
        <Data name="y">
          <value>-43.52989120000</value>
        </Data>
      </ExtendedData>
      <Point>
        <coordinates>
          172.599985,-43.5298912,0
        </coordinates>
      </Point>
    </Placemark>
    <Placemark>
      <name>SoYo</name>
      <description><![CDATA[type: restaurant<br>Source: Open Street Map: http://www.openstreetmap.org.nz/<br>Update: 21/01/2019<br>x: 172.60013750000<br>y: -43.52988140000]]></description>
      <styleUrl>#icon-1577-795548</styleUrl>
      <ExtendedData>
        <Data name="type">
          <value>restaurant</value>
        </Data>
        <Data name="Source">
          <value>Open Street Map: http://www.openstreetmap.org.nz/</value>
        </Data>
        <Data name="Update">
          <value>21/01/2019</value>
        </Data>
        <Data name="x">
          <value>172.60013750000</value>
        </Data>
        <Data name="y">
          <value>-43.52988140000</value>
        </Data>
      </ExtendedData>
      <Point>
        <coordinates>
          172.6001375,-43.5298814,0
        </coordinates>
      </Point>
    </Placemark>
    <Placemark>
      <name><![CDATA[Trenches Bar & Restaurant]]></name>
      <description><![CDATA[type: restaurant<br>Source: Open Street Map: http://www.openstreetmap.org.nz/<br>Update: 21/01/2019<br>x: 172.63234540000<br>y: -43.52897770000]]></description>
      <styleUrl>#icon-1577-795548</styleUrl>
      <ExtendedData>
        <Data name="type">
          <value>restaurant</value>
        </Data>
        <Data name="Source">
          <value>Open Street Map: http://www.openstreetmap.org.nz/</value>
        </Data>
        <Data name="Update">
          <value>21/01/2019</value>
        </Data>
        <Data name="x">
          <value>172.63234540000</value>
        </Data>
        <Data name="y">
          <value>-43.52897770000</value>
        </Data>
      </ExtendedData>
      <Point>
        <coordinates>
          172.6323454,-43.5289777,0
        </coordinates>
      </Point>
    </Placemark>
    <Placemark>
      <name>Indian Heaven</name>
      <description><![CDATA[type: restaurant<br>Source: Open Street Map: http://www.openstreetmap.org.nz/<br>Update: 21/01/2019<br>x: 172.66512860000<br>y: -43.55351260000]]></description>
      <styleUrl>#icon-1577-795548</styleUrl>
      <ExtendedData>
        <Data name="type">
          <value>restaurant</value>
        </Data>
        <Data name="Source">
          <value>Open Street Map: http://www.openstreetmap.org.nz/</value>
        </Data>
        <Data name="Update">
          <value>21/01/2019</value>
        </Data>
        <Data name="x">
          <value>172.66512860000</value>
        </Data>
        <Data name="y">
          <value>-43.55351260000</value>
        </Data>
      </ExtendedData>
      <Point>
        <coordinates>
          172.6651286,-43.5535126,0
        </coordinates>
      </Point>
    </Placemark>
    <Placemark>
      <name>Twenty Seven Steps</name>
      <description><![CDATA[type: restaurant<br>Source: Open Street Map: http://www.openstreetmap.org.nz/<br>Update: 21/01/2019<br>x: 172.63880030000<br>y: -43.52942600000]]></description>
      <styleUrl>#icon-1577-795548</styleUrl>
      <ExtendedData>
        <Data name="type">
          <value>restaurant</value>
        </Data>
        <Data name="Source">
          <value>Open Street Map: http://www.openstreetmap.org.nz/</value>
        </Data>
        <Data name="Update">
          <value>21/01/2019</value>
        </Data>
        <Data name="x">
          <value>172.63880030000</value>
        </Data>
        <Data name="y">
          <value>-43.52942600000</value>
        </Data>
      </ExtendedData>
      <Point>
        <coordinates>
          172.6388003,-43.529426,0
        </coordinates>
      </Point>
    </Placemark>
    <Placemark>
      <name/>
      <description><![CDATA[type: restaurant<br>Source: Open Street Map: http://www.openstreetmap.org.nz/<br>Update: 21/01/2019<br>x: 172.46239840000<br>y: -43.46776530000]]></description>
      <styleUrl>#icon-1577-795548</styleUrl>
      <ExtendedData>
        <Data name="type">
          <value>restaurant</value>
        </Data>
        <Data name="Source">
          <value>Open Street Map: http://www.openstreetmap.org.nz/</value>
        </Data>
        <Data name="Update">
          <value>21/01/2019</value>
        </Data>
        <Data name="x">
          <value>172.46239840000</value>
        </Data>
        <Data name="y">
          <value>-43.46776530000</value>
        </Data>
      </ExtendedData>
      <Point>
        <coordinates>
          172.4623984,-43.4677653,0
        </coordinates>
      </Point>
    </Placemark>
    <Placemark>
      <name>Miro</name>
      <description><![CDATA[type: restaurant<br>Source: Open Street Map: http://www.openstreetmap.org.nz/<br>Update: 21/01/2019<br>x: 172.63426350000<br>y: -43.53025540000]]></description>
      <styleUrl>#icon-1577-795548</styleUrl>
      <ExtendedData>
        <Data name="type">
          <value>restaurant</value>
        </Data>
        <Data name="Source">
          <value>Open Street Map: http://www.openstreetmap.org.nz/</value>
        </Data>
        <Data name="Update">
          <value>21/01/2019</value>
        </Data>
        <Data name="x">
          <value>172.63426350000</value>
        </Data>
        <Data name="y">
          <value>-43.53025540000</value>
        </Data>
      </ExtendedData>
      <Point>
        <coordinates>
          172.6342635,-43.5302554,0
        </coordinates>
      </Point>
    </Placemark>
    <Placemark>
      <name>South of India</name>
      <description><![CDATA[type: restaurant<br>Source: Open Street Map: http://www.openstreetmap.org.nz/<br>Update: 21/01/2019<br>x: 172.73083230000<br>y: -43.50742230000]]></description>
      <styleUrl>#icon-1577-795548</styleUrl>
      <ExtendedData>
        <Data name="type">
          <value>restaurant</value>
        </Data>
        <Data name="Source">
          <value>Open Street Map: http://www.openstreetmap.org.nz/</value>
        </Data>
        <Data name="Update">
          <value>21/01/2019</value>
        </Data>
        <Data name="x">
          <value>172.73083230000</value>
        </Data>
        <Data name="y">
          <value>-43.50742230000</value>
        </Data>
      </ExtendedData>
      <Point>
        <coordinates>
          172.7308323,-43.5074223,0
        </coordinates>
      </Point>
    </Placemark>
    <Placemark>
      <name>Spagalimis Pizzaria</name>
      <description><![CDATA[type: restaurant<br>Source: Open Street Map: http://www.openstreetmap.org.nz/<br>Update: 21/01/2019<br>x: 172.73080010000<br>y: -43.50730170000]]></description>
      <styleUrl>#icon-1577-795548</styleUrl>
      <ExtendedData>
        <Data name="type">
          <value>restaurant</value>
        </Data>
        <Data name="Source">
          <value>Open Street Map: http://www.openstreetmap.org.nz/</value>
        </Data>
        <Data name="Update">
          <value>21/01/2019</value>
        </Data>
        <Data name="x">
          <value>172.73080010000</value>
        </Data>
        <Data name="y">
          <value>-43.50730170000</value>
        </Data>
      </ExtendedData>
      <Point>
        <coordinates>
          172.7308001,-43.5073017,0
        </coordinates>
      </Point>
    </Placemark>
    <Placemark>
      <name>Chanakya South</name>
      <description><![CDATA[type: restaurant<br>Source: Open Street Map: http://www.openstreetmap.org.nz/<br>Update: 21/01/2019<br>x: 172.72868780000<br>y: -43.50699430000]]></description>
      <styleUrl>#icon-1577-795548</styleUrl>
      <ExtendedData>
        <Data name="type">
          <value>restaurant</value>
        </Data>
        <Data name="Source">
          <value>Open Street Map: http://www.openstreetmap.org.nz/</value>
        </Data>
        <Data name="Update">
          <value>21/01/2019</value>
        </Data>
        <Data name="x">
          <value>172.72868780000</value>
        </Data>
        <Data name="y">
          <value>-43.50699430000</value>
        </Data>
      </ExtendedData>
      <Point>
        <coordinates>
          172.7286878,-43.5069943,0
        </coordinates>
      </Point>
    </Placemark>
    <Placemark>
      <name>New Brighton Club</name>
      <description><![CDATA[type: restaurant<br>Source: Open Street Map: http://www.openstreetmap.org.nz/<br>Update: 21/01/2019<br>x: 172.73008060000<br>y: -43.50566110000]]></description>
      <styleUrl>#icon-1577-795548</styleUrl>
      <ExtendedData>
        <Data name="type">
          <value>restaurant</value>
        </Data>
        <Data name="Source">
          <value>Open Street Map: http://www.openstreetmap.org.nz/</value>
        </Data>
        <Data name="Update">
          <value>21/01/2019</value>
        </Data>
        <Data name="x">
          <value>172.73008060000</value>
        </Data>
        <Data name="y">
          <value>-43.50566110000</value>
        </Data>
      </ExtendedData>
      <Point>
        <coordinates>
          172.7300806,-43.5056611,0
        </coordinates>
      </Point>
    </Placemark>
    <Placemark>
      <name>Rogues of Rotheram</name>
      <description><![CDATA[type: restaurant<br>Source: Open Street Map: http://www.openstreetmap.org.nz/<br>Update: 21/01/2019<br>x: 172.60047670000<br>y: -43.53016860000]]></description>
      <styleUrl>#icon-1577-795548</styleUrl>
      <ExtendedData>
        <Data name="type">
          <value>restaurant</value>
        </Data>
        <Data name="Source">
          <value>Open Street Map: http://www.openstreetmap.org.nz/</value>
        </Data>
        <Data name="Update">
          <value>21/01/2019</value>
        </Data>
        <Data name="x">
          <value>172.60047670000</value>
        </Data>
        <Data name="y">
          <value>-43.53016860000</value>
        </Data>
      </ExtendedData>
      <Point>
        <coordinates>
          172.6004767,-43.5301686,0
        </coordinates>
      </Point>
    </Placemark>
    <Placemark>
      <name>Alligator Pizza</name>
      <description><![CDATA[type: restaurant<br>Source: Open Street Map: http://www.openstreetmap.org.nz/<br>Update: 21/01/2019<br>x: 172.59886150000<br>y: -43.52973640000]]></description>
      <styleUrl>#icon-1577-795548</styleUrl>
      <ExtendedData>
        <Data name="type">
          <value>restaurant</value>
        </Data>
        <Data name="Source">
          <value>Open Street Map: http://www.openstreetmap.org.nz/</value>
        </Data>
        <Data name="Update">
          <value>21/01/2019</value>
        </Data>
        <Data name="x">
          <value>172.59886150000</value>
        </Data>
        <Data name="y">
          <value>-43.52973640000</value>
        </Data>
      </ExtendedData>
      <Point>
        <coordinates>
          172.5988615,-43.5297364,0
        </coordinates>
      </Point>
    </Placemark>
    <Placemark>
      <name>No.4 Bar and Restaurant</name>
      <description><![CDATA[type: restaurant<br>Source: Open Street Map: http://www.openstreetmap.org.nz/<br>Update: 21/01/2019<br>x: 172.62190020000<br>y: -43.51176410000]]></description>
      <styleUrl>#icon-1577-795548</styleUrl>
      <ExtendedData>
        <Data name="type">
          <value>restaurant</value>
        </Data>
        <Data name="Source">
          <value>Open Street Map: http://www.openstreetmap.org.nz/</value>
        </Data>
        <Data name="Update">
          <value>21/01/2019</value>
        </Data>
        <Data name="x">
          <value>172.62190020000</value>
        </Data>
        <Data name="y">
          <value>-43.51176410000</value>
        </Data>
      </ExtendedData>
      <Point>
        <coordinates>
          172.6219002,-43.5117641,0
        </coordinates>
      </Point>
    </Placemark>
    <Placemark>
      <name>Pescatore</name>
      <description><![CDATA[type: restaurant<br>Source: Open Street Map: http://www.openstreetmap.org.nz/<br>Update: 21/01/2019<br>x: 172.62875610000<br>y: -43.52566610000]]></description>
      <styleUrl>#icon-1577-795548</styleUrl>
      <ExtendedData>
        <Data name="type">
          <value>restaurant</value>
        </Data>
        <Data name="Source">
          <value>Open Street Map: http://www.openstreetmap.org.nz/</value>
        </Data>
        <Data name="Update">
          <value>21/01/2019</value>
        </Data>
        <Data name="x">
          <value>172.62875610000</value>
        </Data>
        <Data name="y">
          <value>-43.52566610000</value>
        </Data>
      </ExtendedData>
      <Point>
        <coordinates>
          172.6287561,-43.5256661,0
        </coordinates>
      </Point>
    </Placemark>
    <Placemark>
      <name>50 Bistro</name>
      <description><![CDATA[type: restaurant<br>Source: Open Street Map: http://www.openstreetmap.org.nz/<br>Update: 21/01/2019<br>x: 172.62852810000<br>y: -43.52595300000]]></description>
      <styleUrl>#icon-1577-795548</styleUrl>
      <ExtendedData>
        <Data name="type">
          <value>restaurant</value>
        </Data>
        <Data name="Source">
          <value>Open Street Map: http://www.openstreetmap.org.nz/</value>
        </Data>
        <Data name="Update">
          <value>21/01/2019</value>
        </Data>
        <Data name="x">
          <value>172.62852810000</value>
        </Data>
        <Data name="y">
          <value>-43.52595300000</value>
        </Data>
      </ExtendedData>
      <Point>
        <coordinates>
          172.6285281,-43.525953,0
        </coordinates>
      </Point>
    </Placemark>
    <Placemark>
      <name><![CDATA[Universo Brasserie & Bar]]></name>
      <description><![CDATA[type: restaurant<br>Source: Open Street Map: http://www.openstreetmap.org.nz/<br>Update: 21/01/2019<br>x: 172.63107780000<br>y: -43.53076130000]]></description>
      <styleUrl>#icon-1577-795548</styleUrl>
      <ExtendedData>
        <Data name="type">
          <value>restaurant</value>
        </Data>
        <Data name="Source">
          <value>Open Street Map: http://www.openstreetmap.org.nz/</value>
        </Data>
        <Data name="Update">
          <value>21/01/2019</value>
        </Data>
        <Data name="x">
          <value>172.63107780000</value>
        </Data>
        <Data name="y">
          <value>-43.53076130000</value>
        </Data>
      </ExtendedData>
      <Point>
        <coordinates>
          172.6310778,-43.5307613,0
        </coordinates>
      </Point>
    </Placemark>
    <Placemark>
      <name>Welcome Vegetarian Cafe</name>
      <description><![CDATA[type: restaurant<br>Source: Open Street Map: http://www.openstreetmap.org.nz/<br>Update: 21/01/2019<br>x: 172.58602580000<br>y: -43.53105320000]]></description>
      <styleUrl>#icon-1577-795548</styleUrl>
      <ExtendedData>
        <Data name="type">
          <value>restaurant</value>
        </Data>
        <Data name="Source">
          <value>Open Street Map: http://www.openstreetmap.org.nz/</value>
        </Data>
        <Data name="Update">
          <value>21/01/2019</value>
        </Data>
        <Data name="x">
          <value>172.58602580000</value>
        </Data>
        <Data name="y">
          <value>-43.53105320000</value>
        </Data>
      </ExtendedData>
      <Point>
        <coordinates>
          172.5860258,-43.5310532,0
        </coordinates>
      </Point>
    </Placemark>
    <Placemark>
      <name>INATI</name>
      <description><![CDATA[type: restaurant<br>Source: Open Street Map: http://www.openstreetmap.org.nz/<br>Update: 21/01/2019<br>x: 172.63259480000<br>y: -43.53219010000]]></description>
      <styleUrl>#icon-1577-795548</styleUrl>
      <ExtendedData>
        <Data name="type">
          <value>restaurant</value>
        </Data>
        <Data name="Source">
          <value>Open Street Map: http://www.openstreetmap.org.nz/</value>
        </Data>
        <Data name="Update">
          <value>21/01/2019</value>
        </Data>
        <Data name="x">
          <value>172.63259480000</value>
        </Data>
        <Data name="y">
          <value>-43.53219010000</value>
        </Data>
      </ExtendedData>
      <Point>
        <coordinates>
          172.6325948,-43.5321901,0
        </coordinates>
      </Point>
    </Placemark>
    <Placemark>
      <name><![CDATA[Koi Sushi & Gallery]]></name>
      <description><![CDATA[type: restaurant<br>Source: Open Street Map: http://www.openstreetmap.org.nz/<br>Update: 21/01/2019<br>x: 172.66246110000<br>y: -43.49968830000]]></description>
      <styleUrl>#icon-1577-795548</styleUrl>
      <ExtendedData>
        <Data name="type">
          <value>restaurant</value>
        </Data>
        <Data name="Source">
          <value>Open Street Map: http://www.openstreetmap.org.nz/</value>
        </Data>
        <Data name="Update">
          <value>21/01/2019</value>
        </Data>
        <Data name="x">
          <value>172.66246110000</value>
        </Data>
        <Data name="y">
          <value>-43.49968830000</value>
        </Data>
      </ExtendedData>
      <Point>
        <coordinates>
          172.6624611,-43.4996883,0
        </coordinates>
      </Point>
    </Placemark>
    <Placemark>
      <name>Tandoor</name>
      <description><![CDATA[type: restaurant<br>Source: Open Street Map: http://www.openstreetmap.org.nz/<br>Update: 21/01/2019<br>x: 172.66250850000<br>y: -43.49928430000]]></description>
      <styleUrl>#icon-1577-795548</styleUrl>
      <ExtendedData>
        <Data name="type">
          <value>restaurant</value>
        </Data>
        <Data name="Source">
          <value>Open Street Map: http://www.openstreetmap.org.nz/</value>
        </Data>
        <Data name="Update">
          <value>21/01/2019</value>
        </Data>
        <Data name="x">
          <value>172.66250850000</value>
        </Data>
        <Data name="y">
          <value>-43.49928430000</value>
        </Data>
      </ExtendedData>
      <Point>
        <coordinates>
          172.6625085,-43.4992843,0
        </coordinates>
      </Point>
    </Placemark>
    <Placemark>
      <name>Caribe Latin Kitchen</name>
      <description><![CDATA[type: restaurant<br>Source: Open Street Map: http://www.openstreetmap.org.nz/<br>Update: 21/01/2019<br>x: 172.64108120000<br>y: -43.53580700000]]></description>
      <styleUrl>#icon-1577-795548</styleUrl>
      <ExtendedData>
        <Data name="type">
          <value>restaurant</value>
        </Data>
        <Data name="Source">
          <value>Open Street Map: http://www.openstreetmap.org.nz/</value>
        </Data>
        <Data name="Update">
          <value>21/01/2019</value>
        </Data>
        <Data name="x">
          <value>172.64108120000</value>
        </Data>
        <Data name="y">
          <value>-43.53580700000</value>
        </Data>
      </ExtendedData>
      <Point>
        <coordinates>
          172.6410812,-43.535807,0
        </coordinates>
      </Point>
    </Placemark>
    <Placemark>
      <name>Sushi Soldier</name>
      <description><![CDATA[type: restaurant<br>Source: Open Street Map: http://www.openstreetmap.org.nz/<br>Update: 21/01/2019<br>x: 172.64097680000<br>y: -43.53573450000]]></description>
      <styleUrl>#icon-1577-795548</styleUrl>
      <ExtendedData>
        <Data name="type">
          <value>restaurant</value>
        </Data>
        <Data name="Source">
          <value>Open Street Map: http://www.openstreetmap.org.nz/</value>
        </Data>
        <Data name="Update">
          <value>21/01/2019</value>
        </Data>
        <Data name="x">
          <value>172.64097680000</value>
        </Data>
        <Data name="y">
          <value>-43.53573450000</value>
        </Data>
      </ExtendedData>
      <Point>
        <coordinates>
          172.6409768,-43.5357345,0
        </coordinates>
      </Point>
    </Placemark>
    <Placemark>
      <name>Eightgrains</name>
      <description><![CDATA[type: restaurant<br>Source: Open Street Map: http://www.openstreetmap.org.nz/<br>Update: 21/01/2019<br>x: 172.64108030000<br>y: -43.53573580000]]></description>
      <styleUrl>#icon-1577-795548</styleUrl>
      <ExtendedData>
        <Data name="type">
          <value>restaurant</value>
        </Data>
        <Data name="Source">
          <value>Open Street Map: http://www.openstreetmap.org.nz/</value>
        </Data>
        <Data name="Update">
          <value>21/01/2019</value>
        </Data>
        <Data name="x">
          <value>172.64108030000</value>
        </Data>
        <Data name="y">
          <value>-43.53573580000</value>
        </Data>
      </ExtendedData>
      <Point>
        <coordinates>
          172.6410803,-43.5357358,0
        </coordinates>
      </Point>
    </Placemark>
    <Placemark>
      <name>El Fog├│n</name>
      <description><![CDATA[type: restaurant<br>Source: Open Street Map: http://www.openstreetmap.org.nz/<br>Update: 21/01/2019<br>x: 172.64086620000<br>y: -43.53581080000]]></description>
      <styleUrl>#icon-1577-795548</styleUrl>
      <ExtendedData>
        <Data name="type">
          <value>restaurant</value>
        </Data>
        <Data name="Source">
          <value>Open Street Map: http://www.openstreetmap.org.nz/</value>
        </Data>
        <Data name="Update">
          <value>21/01/2019</value>
        </Data>
        <Data name="x">
          <value>172.64086620000</value>
        </Data>
        <Data name="y">
          <value>-43.53581080000</value>
        </Data>
      </ExtendedData>
      <Point>
        <coordinates>
          172.6408662,-43.5358108,0
        </coordinates>
      </Point>
    </Placemark>
    <Placemark>
      <name>Noodlemonk</name>
      <description><![CDATA[type: restaurant<br>Source: Open Street Map: http://www.openstreetmap.org.nz/<br>Update: 21/01/2019<br>x: 172.64097950000<br>y: -43.53580570000]]></description>
      <styleUrl>#icon-1577-795548</styleUrl>
      <ExtendedData>
        <Data name="type">
          <value>restaurant</value>
        </Data>
        <Data name="Source">
          <value>Open Street Map: http://www.openstreetmap.org.nz/</value>
        </Data>
        <Data name="Update">
          <value>21/01/2019</value>
        </Data>
        <Data name="x">
          <value>172.64097950000</value>
        </Data>
        <Data name="y">
          <value>-43.53580570000</value>
        </Data>
      </ExtendedData>
      <Point>
        <coordinates>
          172.6409795,-43.5358057,0
        </coordinates>
      </Point>
    </Placemark>
    <Placemark>
      <name>Tramway Restaurant</name>
      <description><![CDATA[type: restaurant<br>Source: Open Street Map: http://www.openstreetmap.org.nz/<br>Update: 21/01/2019<br>x: 172.63873680000<br>y: -43.53057980000]]></description>
      <styleUrl>#icon-1577-795548</styleUrl>
      <ExtendedData>
        <Data name="type">
          <value>restaurant</value>
        </Data>
        <Data name="Source">
          <value>Open Street Map: http://www.openstreetmap.org.nz/</value>
        </Data>
        <Data name="Update">
          <value>21/01/2019</value>
        </Data>
        <Data name="x">
          <value>172.63873680000</value>
        </Data>
        <Data name="y">
          <value>-43.53057980000</value>
        </Data>
      </ExtendedData>
      <Point>
        <coordinates>
          172.6387368,-43.5305798,0
        </coordinates>
      </Point>
    </Placemark>
    <Placemark>
      <name><![CDATA[Pepe's Mexican Grill]]></name>
      <description><![CDATA[type: restaurant<br>Source: Open Street Map: http://www.openstreetmap.org.nz/<br>Update: 21/01/2019<br>x: 172.62499990000<br>y: -43.45970630000]]></description>
      <styleUrl>#icon-1577-795548</styleUrl>
      <ExtendedData>
        <Data name="type">
          <value>restaurant</value>
        </Data>
        <Data name="Source">
          <value>Open Street Map: http://www.openstreetmap.org.nz/</value>
        </Data>
        <Data name="Update">
          <value>21/01/2019</value>
        </Data>
        <Data name="x">
          <value>172.62499990000</value>
        </Data>
        <Data name="y">
          <value>-43.45970630000</value>
        </Data>
      </ExtendedData>
      <Point>
        <coordinates>
          172.6249999,-43.4597063,0
        </coordinates>
      </Point>
    </Placemark>
    <Placemark>
      <name>Red Elephant</name>
      <description><![CDATA[type: restaurant<br>Source: Open Street Map: http://www.openstreetmap.org.nz/<br>Update: 21/01/2019<br>x: 172.53564030000<br>y: -43.38003490000]]></description>
      <styleUrl>#icon-1577-795548</styleUrl>
      <ExtendedData>
        <Data name="type">
          <value>restaurant</value>
        </Data>
        <Data name="Source">
          <value>Open Street Map: http://www.openstreetmap.org.nz/</value>
        </Data>
        <Data name="Update">
          <value>21/01/2019</value>
        </Data>
        <Data name="x">
          <value>172.53564030000</value>
        </Data>
        <Data name="y">
          <value>-43.38003490000</value>
        </Data>
      </ExtendedData>
      <Point>
        <coordinates>
          172.5356403,-43.3800349,0
        </coordinates>
      </Point>
    </Placemark>
    <Placemark>
      <name>The Bombay Brasserie</name>
      <description><![CDATA[type: restaurant<br>Source: Open Street Map: http://www.openstreetmap.org.nz/<br>Update: 21/01/2019<br>x: 172.65600580000<br>y: -43.51777720000]]></description>
      <styleUrl>#icon-1577-795548</styleUrl>
      <ExtendedData>
        <Data name="type">
          <value>restaurant</value>
        </Data>
        <Data name="Source">
          <value>Open Street Map: http://www.openstreetmap.org.nz/</value>
        </Data>
        <Data name="Update">
          <value>21/01/2019</value>
        </Data>
        <Data name="x">
          <value>172.65600580000</value>
        </Data>
        <Data name="y">
          <value>-43.51777720000</value>
        </Data>
      </ExtendedData>
      <Point>
        <coordinates>
          172.6560058,-43.5177772,0
        </coordinates>
      </Point>
    </Placemark>
    <Placemark>
      <name>Persian Kitchen</name>
      <description><![CDATA[type: restaurant<br>Source: Open Street Map: http://www.openstreetmap.org.nz/<br>Update: 21/01/2019<br>x: 172.65601660000<br>y: -43.51873040000]]></description>
      <styleUrl>#icon-1577-795548</styleUrl>
      <ExtendedData>
        <Data name="type">
          <value>restaurant</value>
        </Data>
        <Data name="Source">
          <value>Open Street Map: http://www.openstreetmap.org.nz/</value>
        </Data>
        <Data name="Update">
          <value>21/01/2019</value>
        </Data>
        <Data name="x">
          <value>172.65601660000</value>
        </Data>
        <Data name="y">
          <value>-43.51873040000</value>
        </Data>
      </ExtendedData>
      <Point>
        <coordinates>
          172.6560166,-43.5187304,0
        </coordinates>
      </Point>
    </Placemark>
    <Placemark>
      <name>Samurai Sushi</name>
      <description><![CDATA[type: restaurant<br>Source: Open Street Map: http://www.openstreetmap.org.nz/<br>Update: 21/01/2019<br>x: 172.65618760000<br>y: -43.51872460000]]></description>
      <styleUrl>#icon-1577-795548</styleUrl>
      <ExtendedData>
        <Data name="type">
          <value>restaurant</value>
        </Data>
        <Data name="Source">
          <value>Open Street Map: http://www.openstreetmap.org.nz/</value>
        </Data>
        <Data name="Update">
          <value>21/01/2019</value>
        </Data>
        <Data name="x">
          <value>172.65618760000</value>
        </Data>
        <Data name="y">
          <value>-43.51872460000</value>
        </Data>
      </ExtendedData>
      <Point>
        <coordinates>
          172.6561876,-43.5187246,0
        </coordinates>
      </Point>
    </Placemark>
    <Placemark>
      <name>Bahn Thai</name>
      <description><![CDATA[type: restaurant<br>Source: Open Street Map: http://www.openstreetmap.org.nz/<br>Update: 21/01/2019<br>x: 172.65621750000<br>y: -43.51896910000]]></description>
      <styleUrl>#icon-1577-795548</styleUrl>
      <ExtendedData>
        <Data name="type">
          <value>restaurant</value>
        </Data>
        <Data name="Source">
          <value>Open Street Map: http://www.openstreetmap.org.nz/</value>
        </Data>
        <Data name="Update">
          <value>21/01/2019</value>
        </Data>
        <Data name="x">
          <value>172.65621750000</value>
        </Data>
        <Data name="y">
          <value>-43.51896910000</value>
        </Data>
      </ExtendedData>
      <Point>
        <coordinates>
          172.6562175,-43.5189691,0
        </coordinates>
      </Point>
    </Placemark>
    <Placemark>
      <name>Bombay Tandoor</name>
      <description><![CDATA[type: restaurant<br>Source: Open Street Map: http://www.openstreetmap.org.nz/<br>Update: 21/01/2019<br>x: 172.60930440000<br>y: -43.49876380000]]></description>
      <styleUrl>#icon-1577-795548</styleUrl>
      <ExtendedData>
        <Data name="type">
          <value>restaurant</value>
        </Data>
        <Data name="Source">
          <value>Open Street Map: http://www.openstreetmap.org.nz/</value>
        </Data>
        <Data name="Update">
          <value>21/01/2019</value>
        </Data>
        <Data name="x">
          <value>172.60930440000</value>
        </Data>
        <Data name="y">
          <value>-43.49876380000</value>
        </Data>
      </ExtendedData>
      <Point>
        <coordinates>
          172.6093044,-43.4987638,0
        </coordinates>
      </Point>
    </Placemark>
    <Placemark>
      <name>ChilliKiwi</name>
      <description><![CDATA[type: restaurant<br>Source: Open Street Map: http://www.openstreetmap.org.nz/<br>Update: 21/01/2019<br>x: 172.60887170000<br>y: -43.49831630000]]></description>
      <styleUrl>#icon-1577-795548</styleUrl>
      <ExtendedData>
        <Data name="type">
          <value>restaurant</value>
        </Data>
        <Data name="Source">
          <value>Open Street Map: http://www.openstreetmap.org.nz/</value>
        </Data>
        <Data name="Update">
          <value>21/01/2019</value>
        </Data>
        <Data name="x">
          <value>172.60887170000</value>
        </Data>
        <Data name="y">
          <value>-43.49831630000</value>
        </Data>
      </ExtendedData>
      <Point>
        <coordinates>
          172.6088717,-43.4983163,0
        </coordinates>
      </Point>
    </Placemark>
    <Placemark>
      <name>Sweet and Sour Restaurant</name>
      <description><![CDATA[type: restaurant<br>Source: Open Street Map: http://www.openstreetmap.org.nz/<br>Update: 21/01/2019<br>x: 172.60895140000<br>y: -43.49839910000]]></description>
      <styleUrl>#icon-1577-795548</styleUrl>
      <ExtendedData>
        <Data name="type">
          <value>restaurant</value>
        </Data>
        <Data name="Source">
          <value>Open Street Map: http://www.openstreetmap.org.nz/</value>
        </Data>
        <Data name="Update">
          <value>21/01/2019</value>
        </Data>
        <Data name="x">
          <value>172.60895140000</value>
        </Data>
        <Data name="y">
          <value>-43.49839910000</value>
        </Data>
      </ExtendedData>
      <Point>
        <coordinates>
          172.6089514,-43.4983991,0
        </coordinates>
      </Point>
    </Placemark>
    <Placemark>
      <name>Table at Monks</name>
      <description><![CDATA[type: restaurant<br>Source: Open Street Map: http://www.openstreetmap.org.nz/<br>Update: 21/01/2019<br>x: 172.64285030000<br>y: -43.52857860000]]></description>
      <styleUrl>#icon-1577-795548</styleUrl>
      <ExtendedData>
        <Data name="type">
          <value>restaurant</value>
        </Data>
        <Data name="Source">
          <value>Open Street Map: http://www.openstreetmap.org.nz/</value>
        </Data>
        <Data name="Update">
          <value>21/01/2019</value>
        </Data>
        <Data name="x">
          <value>172.64285030000</value>
        </Data>
        <Data name="y">
          <value>-43.52857860000</value>
        </Data>
      </ExtendedData>
      <Point>
        <coordinates>
          172.6428503,-43.5285786,0
        </coordinates>
      </Point>
    </Placemark>
    <Placemark>
      <name><![CDATA[Polo Bar & Restaurant]]></name>
      <description><![CDATA[type: restaurant<br>Source: Open Street Map: http://www.openstreetmap.org.nz/<br>Update: 21/01/2019<br>x: 172.63029260000<br>y: -43.52614840000]]></description>
      <styleUrl>#icon-1577-795548</styleUrl>
      <ExtendedData>
        <Data name="type">
          <value>restaurant</value>
        </Data>
        <Data name="Source">
          <value>Open Street Map: http://www.openstreetmap.org.nz/</value>
        </Data>
        <Data name="Update">
          <value>21/01/2019</value>
        </Data>
        <Data name="x">
          <value>172.63029260000</value>
        </Data>
        <Data name="y">
          <value>-43.52614840000</value>
        </Data>
      </ExtendedData>
      <Point>
        <coordinates>
          172.6302926,-43.5261484,0
        </coordinates>
      </Point>
    </Placemark>
    <Placemark>
      <name>Indian Ocean</name>
      <description><![CDATA[type: restaurant<br>Source: Open Street Map: http://www.openstreetmap.org.nz/<br>Update: 21/01/2019<br>x: 172.70408230000<br>y: -43.55633570000]]></description>
      <styleUrl>#icon-1577-795548</styleUrl>
      <ExtendedData>
        <Data name="type">
          <value>restaurant</value>
        </Data>
        <Data name="Source">
          <value>Open Street Map: http://www.openstreetmap.org.nz/</value>
        </Data>
        <Data name="Update">
          <value>21/01/2019</value>
        </Data>
        <Data name="x">
          <value>172.70408230000</value>
        </Data>
        <Data name="y">
          <value>-43.55633570000</value>
        </Data>
      </ExtendedData>
      <Point>
        <coordinates>
          172.7040823,-43.5563357,0
        </coordinates>
      </Point>
    </Placemark>
    <Placemark>
      <name>Kenzo</name>
      <description><![CDATA[type: restaurant<br>Source: Open Street Map: http://www.openstreetmap.org.nz/<br>Update: 21/01/2019<br>x: 172.70439550000<br>y: -43.55639280000]]></description>
      <styleUrl>#icon-1577-795548</styleUrl>
      <ExtendedData>
        <Data name="type">
          <value>restaurant</value>
        </Data>
        <Data name="Source">
          <value>Open Street Map: http://www.openstreetmap.org.nz/</value>
        </Data>
        <Data name="Update">
          <value>21/01/2019</value>
        </Data>
        <Data name="x">
          <value>172.70439550000</value>
        </Data>
        <Data name="y">
          <value>-43.55639280000</value>
        </Data>
      </ExtendedData>
      <Point>
        <coordinates>
          172.7043955,-43.5563928,0
        </coordinates>
      </Point>
    </Placemark>
    <Placemark>
      <name/>
      <description><![CDATA[type: restaurant<br>Source: Open Street Map: http://www.openstreetmap.org.nz/<br>Update: 21/01/2019<br>x: 172.60798120000<br>y: -43.49712600000]]></description>
      <styleUrl>#icon-1577-795548</styleUrl>
      <ExtendedData>
        <Data name="type">
          <value>restaurant</value>
        </Data>
        <Data name="Source">
          <value>Open Street Map: http://www.openstreetmap.org.nz/</value>
        </Data>
        <Data name="Update">
          <value>21/01/2019</value>
        </Data>
        <Data name="x">
          <value>172.60798120000</value>
        </Data>
        <Data name="y">
          <value>-43.49712600000</value>
        </Data>
      </ExtendedData>
      <Point>
        <coordinates>
          172.6079812,-43.497126,0
        </coordinates>
      </Point>
    </Placemark>
    <Placemark>
      <name>Amazonita</name>
      <description><![CDATA[type: restaurant<br>Source: Open Street Map: http://www.openstreetmap.org.nz/<br>Update: 21/01/2019<br>x: 172.63400400000<br>y: -43.53263310000]]></description>
      <styleUrl>#icon-1577-795548</styleUrl>
      <ExtendedData>
        <Data name="type">
          <value>restaurant</value>
        </Data>
        <Data name="Source">
          <value>Open Street Map: http://www.openstreetmap.org.nz/</value>
        </Data>
        <Data name="Update">
          <value>21/01/2019</value>
        </Data>
        <Data name="x">
          <value>172.63400400000</value>
        </Data>
        <Data name="y">
          <value>-43.53263310000</value>
        </Data>
      </ExtendedData>
      <Point>
        <coordinates>
          172.634004,-43.5326331,0
        </coordinates>
      </Point>
    </Placemark>
    <Placemark>
      <name>Murphys</name>
      <description><![CDATA[type: restaurant<br>Source: Open Street Map: http://www.openstreetmap.org.nz/<br>Update: 21/01/2019<br>x: 172.96282760000<br>y: -43.80987060000]]></description>
      <styleUrl>#icon-1577-795548</styleUrl>
      <ExtendedData>
        <Data name="type">
          <value>restaurant</value>
        </Data>
        <Data name="Source">
          <value>Open Street Map: http://www.openstreetmap.org.nz/</value>
        </Data>
        <Data name="Update">
          <value>21/01/2019</value>
        </Data>
        <Data name="x">
          <value>172.96282760000</value>
        </Data>
        <Data name="y">
          <value>-43.80987060000</value>
        </Data>
      </ExtendedData>
      <Point>
        <coordinates>
          172.9628276,-43.8098706,0
        </coordinates>
      </Point>
    </Placemark>
    <Placemark>
      <name>Five Stags</name>
      <description><![CDATA[type: restaurant<br>Source: Open Street Map: http://www.openstreetmap.org.nz/<br>Update: 21/01/2019<br>x: 172.56923420000<br>y: -43.29578220000]]></description>
      <styleUrl>#icon-1577-795548</styleUrl>
      <ExtendedData>
        <Data name="type">
          <value>restaurant</value>
        </Data>
        <Data name="Source">
          <value>Open Street Map: http://www.openstreetmap.org.nz/</value>
        </Data>
        <Data name="Update">
          <value>21/01/2019</value>
        </Data>
        <Data name="x">
          <value>172.56923420000</value>
        </Data>
        <Data name="y">
          <value>-43.29578220000</value>
        </Data>
      </ExtendedData>
      <Point>
        <coordinates>
          172.5692342,-43.2957822,0
        </coordinates>
      </Point>
    </Placemark>
    <Placemark>
      <name>Himalayas</name>
      <description><![CDATA[type: restaurant<br>Source: Open Street Map: http://www.openstreetmap.org.nz/<br>Update: 21/01/2019<br>x: 172.56892660000<br>y: -43.29623650000]]></description>
      <styleUrl>#icon-1577-795548</styleUrl>
      <ExtendedData>
        <Data name="type">
          <value>restaurant</value>
        </Data>
        <Data name="Source">
          <value>Open Street Map: http://www.openstreetmap.org.nz/</value>
        </Data>
        <Data name="Update">
          <value>21/01/2019</value>
        </Data>
        <Data name="x">
          <value>172.56892660000</value>
        </Data>
        <Data name="y">
          <value>-43.29623650000</value>
        </Data>
      </ExtendedData>
      <Point>
        <coordinates>
          172.5689266,-43.2962365,0
        </coordinates>
      </Point>
    </Placemark>
    <Placemark>
      <name>Thai Aroma</name>
      <description><![CDATA[type: restaurant<br>Source: Open Street Map: http://www.openstreetmap.org.nz/<br>Update: 21/01/2019<br>x: 172.56949740000<br>y: -43.29591520000]]></description>
      <styleUrl>#icon-1577-795548</styleUrl>
      <ExtendedData>
        <Data name="type">
          <value>restaurant</value>
        </Data>
        <Data name="Source">
          <value>Open Street Map: http://www.openstreetmap.org.nz/</value>
        </Data>
        <Data name="Update">
          <value>21/01/2019</value>
        </Data>
        <Data name="x">
          <value>172.56949740000</value>
        </Data>
        <Data name="y">
          <value>-43.29591520000</value>
        </Data>
      </ExtendedData>
      <Point>
        <coordinates>
          172.5694974,-43.2959152,0
        </coordinates>
      </Point>
    </Placemark>
    <Placemark>
      <name>Diner 66</name>
      <description><![CDATA[type: restaurant<br>Source: Open Street Map: http://www.openstreetmap.org.nz/<br>Update: 21/01/2019<br>x: 172.63039020000<br>y: -43.52380440000]]></description>
      <styleUrl>#icon-1577-795548</styleUrl>
      <ExtendedData>
        <Data name="type">
          <value>restaurant</value>
        </Data>
        <Data name="Source">
          <value>Open Street Map: http://www.openstreetmap.org.nz/</value>
        </Data>
        <Data name="Update">
          <value>21/01/2019</value>
        </Data>
        <Data name="x">
          <value>172.63039020000</value>
        </Data>
        <Data name="y">
          <value>-43.52380440000</value>
        </Data>
      </ExtendedData>
      <Point>
        <coordinates>
          172.6303902,-43.5238044,0
        </coordinates>
      </Point>
    </Placemark>
    <Placemark>
      <name><![CDATA[Cleaver & Co]]></name>
      <description><![CDATA[type: restaurant<br>Source: Open Street Map: http://www.openstreetmap.org.nz/<br>Update: 21/01/2019<br>x: 172.63613270000<br>y: -43.53435600000]]></description>
      <styleUrl>#icon-1577-795548</styleUrl>
      <ExtendedData>
        <Data name="type">
          <value>restaurant</value>
        </Data>
        <Data name="Source">
          <value>Open Street Map: http://www.openstreetmap.org.nz/</value>
        </Data>
        <Data name="Update">
          <value>21/01/2019</value>
        </Data>
        <Data name="x">
          <value>172.63613270000</value>
        </Data>
        <Data name="y">
          <value>-43.53435600000</value>
        </Data>
      </ExtendedData>
      <Point>
        <coordinates>
          172.6361327,-43.534356,0
        </coordinates>
      </Point>
    </Placemark>
    <Placemark>
      <name>Cruisy Days Diner</name>
      <description><![CDATA[type: restaurant<br>Source: Open Street Map: http://www.openstreetmap.org.nz/<br>Update: 21/01/2019<br>x: 172.19171140000<br>y: -43.29821010000]]></description>
      <styleUrl>#icon-1577-795548</styleUrl>
      <ExtendedData>
        <Data name="type">
          <value>restaurant</value>
        </Data>
        <Data name="Source">
          <value>Open Street Map: http://www.openstreetmap.org.nz/</value>
        </Data>
        <Data name="Update">
          <value>21/01/2019</value>
        </Data>
        <Data name="x">
          <value>172.19171140000</value>
        </Data>
        <Data name="y">
          <value>-43.29821010000</value>
        </Data>
      </ExtendedData>
      <Point>
        <coordinates>
          172.1917114,-43.2982101,0
        </coordinates>
      </Point>
    </Placemark>
    <Placemark>
      <name>Little India</name>
      <description><![CDATA[type: restaurant<br>Source: Open Street Map: http://www.openstreetmap.org.nz/<br>Update: 21/01/2019<br>x: 172.59452760000<br>y: -43.55436800000]]></description>
      <styleUrl>#icon-1577-795548</styleUrl>
      <ExtendedData>
        <Data name="type">
          <value>restaurant</value>
        </Data>
        <Data name="Source">
          <value>Open Street Map: http://www.openstreetmap.org.nz/</value>
        </Data>
        <Data name="Update">
          <value>21/01/2019</value>
        </Data>
        <Data name="x">
          <value>172.59452760000</value>
        </Data>
        <Data name="y">
          <value>-43.55436800000</value>
        </Data>
      </ExtendedData>
      <Point>
        <coordinates>
          172.5945276,-43.554368,0
        </coordinates>
      </Point>
    </Placemark>
    <Placemark>
      <name>Hoon Hay Thai</name>
      <description><![CDATA[type: restaurant<br>Source: Open Street Map: http://www.openstreetmap.org.nz/<br>Update: 21/01/2019<br>x: 172.59431160000<br>y: -43.55450470000]]></description>
      <styleUrl>#icon-1577-795548</styleUrl>
      <ExtendedData>
        <Data name="type">
          <value>restaurant</value>
        </Data>
        <Data name="Source">
          <value>Open Street Map: http://www.openstreetmap.org.nz/</value>
        </Data>
        <Data name="Update">
          <value>21/01/2019</value>
        </Data>
        <Data name="x">
          <value>172.59431160000</value>
        </Data>
        <Data name="y">
          <value>-43.55450470000</value>
        </Data>
      </ExtendedData>
      <Point>
        <coordinates>
          172.5943116,-43.5545047,0
        </coordinates>
      </Point>
    </Placemark>
    <Placemark>
      <name>New World</name>
      <description><![CDATA[type: supermarket<br>Source: Open Street Map: http://www.openstreetmap.org.nz/<br>Update: 21/01/2019<br>x: 172.56600106400<br>y: -43.58071051380]]></description>
      <styleUrl>#icon-1577-795548</styleUrl>
      <ExtendedData>
        <Data name="type">
          <value>supermarket</value>
        </Data>
        <Data name="Source">
          <value>Open Street Map: http://www.openstreetmap.org.nz/</value>
        </Data>
        <Data name="Update">
          <value>21/01/2019</value>
        </Data>
        <Data name="x">
          <value>172.56600106400</value>
        </Data>
        <Data name="y">
          <value>-43.58071051380</value>
        </Data>
      </ExtendedData>
      <Point>
        <coordinates>
          172.566001064,-43.5807105138,0
        </coordinates>
      </Point>
    </Placemark>
    <Placemark>
      <name>Edgeware FreshChoice</name>
      <description><![CDATA[type: supermarket<br>Source: Open Street Map: http://www.openstreetmap.org.nz/<br>Update: 21/01/2019<br>x: 172.63672872900<br>y: -43.51316108130]]></description>
      <styleUrl>#icon-1577-795548</styleUrl>
      <ExtendedData>
        <Data name="type">
          <value>supermarket</value>
        </Data>
        <Data name="Source">
          <value>Open Street Map: http://www.openstreetmap.org.nz/</value>
        </Data>
        <Data name="Update">
          <value>21/01/2019</value>
        </Data>
        <Data name="x">
          <value>172.63672872900</value>
        </Data>
        <Data name="y">
          <value>-43.51316108130</value>
        </Data>
      </ExtendedData>
      <Point>
        <coordinates>
          172.636728729,-43.5131610813,0
        </coordinates>
      </Point>
    </Placemark>
    <Placemark>
      <name>Countdown</name>
      <description><![CDATA[type: supermarket<br>Source: Open Street Map: http://www.openstreetmap.org.nz/<br>Update: 21/01/2019<br>x: 172.57304409300<br>y: -43.53274222490]]></description>
      <styleUrl>#icon-1577-795548</styleUrl>
      <ExtendedData>
        <Data name="type">
          <value>supermarket</value>
        </Data>
        <Data name="Source">
          <value>Open Street Map: http://www.openstreetmap.org.nz/</value>
        </Data>
        <Data name="Update">
          <value>21/01/2019</value>
        </Data>
        <Data name="x">
          <value>172.57304409300</value>
        </Data>
        <Data name="y">
          <value>-43.53274222490</value>
        </Data>
      </ExtendedData>
      <Point>
        <coordinates>
          172.573044093,-43.5327422249,0
        </coordinates>
      </Point>
    </Placemark>
    <Placemark>
      <name>Countdown Sydenham</name>
      <description><![CDATA[type: supermarket<br>Source: Open Street Map: http://www.openstreetmap.org.nz/<br>Update: 21/01/2019<br>x: 172.63558311700<br>y: -43.55337335180]]></description>
      <styleUrl>#icon-1577-795548</styleUrl>
      <ExtendedData>
        <Data name="type">
          <value>supermarket</value>
        </Data>
        <Data name="Source">
          <value>Open Street Map: http://www.openstreetmap.org.nz/</value>
        </Data>
        <Data name="Update">
          <value>21/01/2019</value>
        </Data>
        <Data name="x">
          <value>172.63558311700</value>
        </Data>
        <Data name="y">
          <value>-43.55337335180</value>
        </Data>
      </ExtendedData>
      <Point>
        <coordinates>
          172.635583117,-43.5533733518,0
        </coordinates>
      </Point>
    </Placemark>
    <Placemark>
      <name>Countdown</name>
      <description><![CDATA[type: supermarket<br>Source: Open Street Map: http://www.openstreetmap.org.nz/<br>Update: 21/01/2019<br>x: 172.65776975100<br>y: -43.38588806660]]></description>
      <styleUrl>#icon-1577-795548</styleUrl>
      <ExtendedData>
        <Data name="type">
          <value>supermarket</value>
        </Data>
        <Data name="Source">
          <value>Open Street Map: http://www.openstreetmap.org.nz/</value>
        </Data>
        <Data name="Update">
          <value>21/01/2019</value>
        </Data>
        <Data name="x">
          <value>172.65776975100</value>
        </Data>
        <Data name="y">
          <value>-43.38588806660</value>
        </Data>
      </ExtendedData>
      <Point>
        <coordinates>
          172.657769751,-43.3858880666,0
        </coordinates>
      </Point>
    </Placemark>
    <Placemark>
      <name>Lyttelton Supermarket</name>
      <description><![CDATA[type: supermarket<br>Source: Open Street Map: http://www.openstreetmap.org.nz/<br>Update: 21/01/2019<br>x: 172.72151536800<br>y: -43.60288086320]]></description>
      <styleUrl>#icon-1577-795548</styleUrl>
      <ExtendedData>
        <Data name="type">
          <value>supermarket</value>
        </Data>
        <Data name="Source">
          <value>Open Street Map: http://www.openstreetmap.org.nz/</value>
        </Data>
        <Data name="Update">
          <value>21/01/2019</value>
        </Data>
        <Data name="x">
          <value>172.72151536800</value>
        </Data>
        <Data name="y">
          <value>-43.60288086320</value>
        </Data>
      </ExtendedData>
      <Point>
        <coordinates>
          172.721515368,-43.6028808632,0
        </coordinates>
      </Point>
    </Placemark>
    <Placemark>
      <name>New World Stanmore</name>
      <description><![CDATA[type: supermarket<br>Source: Open Street Map: http://www.openstreetmap.org.nz/<br>Update: 21/01/2019<br>x: 172.65698321600<br>y: -43.52016129400]]></description>
      <styleUrl>#icon-1577-795548</styleUrl>
      <ExtendedData>
        <Data name="type">
          <value>supermarket</value>
        </Data>
        <Data name="Source">
          <value>Open Street Map: http://www.openstreetmap.org.nz/</value>
        </Data>
        <Data name="Update">
          <value>21/01/2019</value>
        </Data>
        <Data name="x">
          <value>172.65698321600</value>
        </Data>
        <Data name="y">
          <value>-43.52016129400</value>
        </Data>
      </ExtendedData>
      <Point>
        <coordinates>
          172.656983216,-43.520161294,0
        </coordinates>
      </Point>
    </Placemark>
    <Placemark>
      <name>Sumner Supervalue</name>
      <description><![CDATA[type: supermarket<br>Source: Open Street Map: http://www.openstreetmap.org.nz/<br>Update: 21/01/2019<br>x: 172.75999838900<br>y: -43.56943269780]]></description>
      <styleUrl>#icon-1577-795548</styleUrl>
      <ExtendedData>
        <Data name="type">
          <value>supermarket</value>
        </Data>
        <Data name="Source">
          <value>Open Street Map: http://www.openstreetmap.org.nz/</value>
        </Data>
        <Data name="Update">
          <value>21/01/2019</value>
        </Data>
        <Data name="x">
          <value>172.75999838900</value>
        </Data>
        <Data name="y">
          <value>-43.56943269780</value>
        </Data>
      </ExtendedData>
      <Point>
        <coordinates>
          172.759998389,-43.5694326978,0
        </coordinates>
      </Point>
    </Placemark>
    <Placemark>
      <name>Countdown</name>
      <description><![CDATA[type: supermarket<br>Source: Open Street Map: http://www.openstreetmap.org.nz/<br>Update: 21/01/2019<br>x: 172.70251140000<br>y: -43.55682685000]]></description>
      <styleUrl>#icon-1577-795548</styleUrl>
      <ExtendedData>
        <Data name="type">
          <value>supermarket</value>
        </Data>
        <Data name="Source">
          <value>Open Street Map: http://www.openstreetmap.org.nz/</value>
        </Data>
        <Data name="Update">
          <value>21/01/2019</value>
        </Data>
        <Data name="x">
          <value>172.70251140000</value>
        </Data>
        <Data name="y">
          <value>-43.55682685000</value>
        </Data>
      </ExtendedData>
      <Point>
        <coordinates>
          172.7025114,-43.55682685,0
        </coordinates>
      </Point>
    </Placemark>
    <Placemark>
      <name><![CDATA[Pak'nSave Moorhouse Avenue]]></name>
      <description><![CDATA[type: supermarket<br>Source: Open Street Map: http://www.openstreetmap.org.nz/<br>Update: 21/01/2019<br>x: 172.63832391900<br>y: -43.53900827010]]></description>
      <styleUrl>#icon-1577-795548</styleUrl>
      <ExtendedData>
        <Data name="type">
          <value>supermarket</value>
        </Data>
        <Data name="Source">
          <value>Open Street Map: http://www.openstreetmap.org.nz/</value>
        </Data>
        <Data name="Update">
          <value>21/01/2019</value>
        </Data>
        <Data name="x">
          <value>172.63832391900</value>
        </Data>
        <Data name="y">
          <value>-43.53900827010</value>
        </Data>
      </ExtendedData>
      <Point>
        <coordinates>
          172.638323919,-43.5390082701,0
        </coordinates>
      </Point>
    </Placemark>
    <Placemark>
      <name>Countdown</name>
      <description><![CDATA[type: supermarket<br>Source: Open Street Map: http://www.openstreetmap.org.nz/<br>Update: 21/01/2019<br>x: 172.64181705000<br>y: -43.53868431520]]></description>
      <styleUrl>#icon-1577-795548</styleUrl>
      <ExtendedData>
        <Data name="type">
          <value>supermarket</value>
        </Data>
        <Data name="Source">
          <value>Open Street Map: http://www.openstreetmap.org.nz/</value>
        </Data>
        <Data name="Update">
          <value>21/01/2019</value>
        </Data>
        <Data name="x">
          <value>172.64181705000</value>
        </Data>
        <Data name="y">
          <value>-43.53868431520</value>
        </Data>
      </ExtendedData>
      <Point>
        <coordinates>
          172.64181705,-43.5386843152,0
        </coordinates>
      </Point>
    </Placemark>
    <Placemark>
      <name><![CDATA[Yogiji's Food Mart]]></name>
      <description><![CDATA[type: supermarket<br>Source: Open Street Map: http://www.openstreetmap.org.nz/<br>Update: 21/01/2019<br>x: 172.63537160200<br>y: -43.53733294480]]></description>
      <styleUrl>#icon-1577-795548</styleUrl>
      <ExtendedData>
        <Data name="type">
          <value>supermarket</value>
        </Data>
        <Data name="Source">
          <value>Open Street Map: http://www.openstreetmap.org.nz/</value>
        </Data>
        <Data name="Update">
          <value>21/01/2019</value>
        </Data>
        <Data name="x">
          <value>172.63537160200</value>
        </Data>
        <Data name="y">
          <value>-43.53733294480</value>
        </Data>
      </ExtendedData>
      <Point>
        <coordinates>
          172.635371602,-43.5373329448,0
        </coordinates>
      </Point>
    </Placemark>
    <Placemark>
      <name>Merivale Mall</name>
      <description><![CDATA[type: supermarket<br>Source: Open Street Map: http://www.openstreetmap.org.nz/<br>Update: 21/01/2019<br>x: 172.62123341200<br>y: -43.51250692960]]></description>
      <styleUrl>#icon-1577-795548</styleUrl>
      <ExtendedData>
        <Data name="type">
          <value>supermarket</value>
        </Data>
        <Data name="Source">
          <value>Open Street Map: http://www.openstreetmap.org.nz/</value>
        </Data>
        <Data name="Update">
          <value>21/01/2019</value>
        </Data>
        <Data name="x">
          <value>172.62123341200</value>
        </Data>
        <Data name="y">
          <value>-43.51250692960</value>
        </Data>
      </ExtendedData>
      <Point>
        <coordinates>
          172.621233412,-43.5125069296,0
        </coordinates>
      </Point>
    </Placemark>
    <Placemark>
      <name><![CDATA[Wholefoods Market & Health Store]]></name>
      <description><![CDATA[type: supermarket<br>Source: Open Street Map: http://www.openstreetmap.org.nz/<br>Update: 21/01/2019<br>x: 172.60653612300<br>y: -43.52876294550]]></description>
      <styleUrl>#icon-1577-795548</styleUrl>
      <ExtendedData>
        <Data name="type">
          <value>supermarket</value>
        </Data>
        <Data name="Source">
          <value>Open Street Map: http://www.openstreetmap.org.nz/</value>
        </Data>
        <Data name="Update">
          <value>21/01/2019</value>
        </Data>
        <Data name="x">
          <value>172.60653612300</value>
        </Data>
        <Data name="y">
          <value>-43.52876294550</value>
        </Data>
      </ExtendedData>
      <Point>
        <coordinates>
          172.606536123,-43.5287629455,0
        </coordinates>
      </Point>
    </Placemark>
    <Placemark>
      <name>Kosco</name>
      <description><![CDATA[type: supermarket<br>Source: Open Street Map: http://www.openstreetmap.org.nz/<br>Update: 21/01/2019<br>x: 172.60142195600<br>y: -43.52939804490]]></description>
      <styleUrl>#icon-1577-795548</styleUrl>
      <ExtendedData>
        <Data name="type">
          <value>supermarket</value>
        </Data>
        <Data name="Source">
          <value>Open Street Map: http://www.openstreetmap.org.nz/</value>
        </Data>
        <Data name="Update">
          <value>21/01/2019</value>
        </Data>
        <Data name="x">
          <value>172.60142195600</value>
        </Data>
        <Data name="y">
          <value>-43.52939804490</value>
        </Data>
      </ExtendedData>
      <Point>
        <coordinates>
          172.601421956,-43.5293980449,0
        </coordinates>
      </Point>
    </Placemark>
    <Placemark>
      <name>Countdown</name>
      <description><![CDATA[type: supermarket<br>Source: Open Street Map: http://www.openstreetmap.org.nz/<br>Update: 21/01/2019<br>x: 172.72994846500<br>y: -43.50676606170]]></description>
      <styleUrl>#icon-1577-795548</styleUrl>
      <ExtendedData>
        <Data name="type">
          <value>supermarket</value>
        </Data>
        <Data name="Source">
          <value>Open Street Map: http://www.openstreetmap.org.nz/</value>
        </Data>
        <Data name="Update">
          <value>21/01/2019</value>
        </Data>
        <Data name="x">
          <value>172.72994846500</value>
        </Data>
        <Data name="y">
          <value>-43.50676606170</value>
        </Data>
      </ExtendedData>
      <Point>
        <coordinates>
          172.729948465,-43.5067660617,0
        </coordinates>
      </Point>
    </Placemark>
    <Placemark>
      <name>Supervalue</name>
      <description><![CDATA[type: supermarket<br>Source: Open Street Map: http://www.openstreetmap.org.nz/<br>Update: 21/01/2019<br>x: 172.65748692100<br>y: -43.53041973600]]></description>
      <styleUrl>#icon-1577-795548</styleUrl>
      <ExtendedData>
        <Data name="type">
          <value>supermarket</value>
        </Data>
        <Data name="Source">
          <value>Open Street Map: http://www.openstreetmap.org.nz/</value>
        </Data>
        <Data name="Update">
          <value>21/01/2019</value>
        </Data>
        <Data name="x">
          <value>172.65748692100</value>
        </Data>
        <Data name="y">
          <value>-43.53041973600</value>
        </Data>
      </ExtendedData>
      <Point>
        <coordinates>
          172.657486921,-43.530419736,0
        </coordinates>
      </Point>
    </Placemark>
    <Placemark>
      <name>Piko Wholefoods</name>
      <description><![CDATA[type: supermarket<br>Source: Open Street Map: http://www.openstreetmap.org.nz/<br>Update: 21/01/2019<br>x: 172.64546834600<br>y: -43.52642559330]]></description>
      <styleUrl>#icon-1577-795548</styleUrl>
      <ExtendedData>
        <Data name="type">
          <value>supermarket</value>
        </Data>
        <Data name="Source">
          <value>Open Street Map: http://www.openstreetmap.org.nz/</value>
        </Data>
        <Data name="Update">
          <value>21/01/2019</value>
        </Data>
        <Data name="x">
          <value>172.64546834600</value>
        </Data>
        <Data name="y">
          <value>-43.52642559330</value>
        </Data>
      </ExtendedData>
      <Point>
        <coordinates>
          172.645468346,-43.5264255933,0
        </coordinates>
      </Point>
    </Placemark>
    <Placemark>
      <name>Countdown</name>
      <description><![CDATA[type: supermarket<br>Source: Open Street Map: http://www.openstreetmap.org.nz/<br>Update: 21/01/2019<br>x: 172.62501424700<br>y: -43.45900317370]]></description>
      <styleUrl>#icon-1577-795548</styleUrl>
      <ExtendedData>
        <Data name="type">
          <value>supermarket</value>
        </Data>
        <Data name="Source">
          <value>Open Street Map: http://www.openstreetmap.org.nz/</value>
        </Data>
        <Data name="Update">
          <value>21/01/2019</value>
        </Data>
        <Data name="x">
          <value>172.62501424700</value>
        </Data>
        <Data name="y">
          <value>-43.45900317370</value>
        </Data>
      </ExtendedData>
      <Point>
        <coordinates>
          172.625014247,-43.4590031737,0
        </coordinates>
      </Point>
    </Placemark>
    <Placemark>
      <name>New World</name>
      <description><![CDATA[type: supermarket<br>Source: Open Street Map: http://www.openstreetmap.org.nz/<br>Update: 21/01/2019<br>x: 172.62239038400<br>y: -43.45963501620]]></description>
      <styleUrl>#icon-1577-795548</styleUrl>
      <ExtendedData>
        <Data name="type">
          <value>supermarket</value>
        </Data>
        <Data name="Source">
          <value>Open Street Map: http://www.openstreetmap.org.nz/</value>
        </Data>
        <Data name="Update">
          <value>21/01/2019</value>
        </Data>
        <Data name="x">
          <value>172.62239038400</value>
        </Data>
        <Data name="y">
          <value>-43.45963501620</value>
        </Data>
      </ExtendedData>
      <Point>
        <coordinates>
          172.622390384,-43.4596350162,0
        </coordinates>
      </Point>
    </Placemark>
    <Placemark>
      <name>New World</name>
      <description><![CDATA[type: supermarket<br>Source: Open Street Map: http://www.openstreetmap.org.nz/<br>Update: 21/01/2019<br>x: 172.58721369700<br>y: -43.48845187740]]></description>
      <styleUrl>#icon-1577-795548</styleUrl>
      <ExtendedData>
        <Data name="type">
          <value>supermarket</value>
        </Data>
        <Data name="Source">
          <value>Open Street Map: http://www.openstreetmap.org.nz/</value>
        </Data>
        <Data name="Update">
          <value>21/01/2019</value>
        </Data>
        <Data name="x">
          <value>172.58721369700</value>
        </Data>
        <Data name="y">
          <value>-43.48845187740</value>
        </Data>
      </ExtendedData>
      <Point>
        <coordinates>
          172.587213697,-43.4884518774,0
        </coordinates>
      </Point>
    </Placemark>
    <Placemark>
      <name>Countdown</name>
      <description><![CDATA[type: supermarket<br>Source: Open Street Map: http://www.openstreetmap.org.nz/<br>Update: 21/01/2019<br>x: 172.61170409200<br>y: -43.49152959390]]></description>
      <styleUrl>#icon-1577-795548</styleUrl>
      <ExtendedData>
        <Data name="type">
          <value>supermarket</value>
        </Data>
        <Data name="Source">
          <value>Open Street Map: http://www.openstreetmap.org.nz/</value>
        </Data>
        <Data name="Update">
          <value>21/01/2019</value>
        </Data>
        <Data name="x">
          <value>172.61170409200</value>
        </Data>
        <Data name="y">
          <value>-43.49152959390</value>
        </Data>
      </ExtendedData>
      <Point>
        <coordinates>
          172.611704092,-43.4915295939,0
        </coordinates>
      </Point>
    </Placemark>
    <Placemark>
      <name><![CDATA[Pak'nSave]]></name>
      <description><![CDATA[type: supermarket<br>Source: Open Street Map: http://www.openstreetmap.org.nz/<br>Update: 21/01/2019<br>x: 172.60884624100<br>y: -43.49283253950]]></description>
      <styleUrl>#icon-1577-795548</styleUrl>
      <ExtendedData>
        <Data name="type">
          <value>supermarket</value>
        </Data>
        <Data name="Source">
          <value>Open Street Map: http://www.openstreetmap.org.nz/</value>
        </Data>
        <Data name="Update">
          <value>21/01/2019</value>
        </Data>
        <Data name="x">
          <value>172.60884624100</value>
        </Data>
        <Data name="y">
          <value>-43.49283253950</value>
        </Data>
      </ExtendedData>
      <Point>
        <coordinates>
          172.608846241,-43.4928325395,0
        </coordinates>
      </Point>
    </Placemark>
    <Placemark>
      <name>New World St Martins</name>
      <description><![CDATA[type: supermarket<br>Source: Open Street Map: http://www.openstreetmap.org.nz/<br>Update: 21/01/2019<br>x: 172.65478931200<br>y: -43.55753914140]]></description>
      <styleUrl>#icon-1577-795548</styleUrl>
      <ExtendedData>
        <Data name="type">
          <value>supermarket</value>
        </Data>
        <Data name="Source">
          <value>Open Street Map: http://www.openstreetmap.org.nz/</value>
        </Data>
        <Data name="Update">
          <value>21/01/2019</value>
        </Data>
        <Data name="x">
          <value>172.65478931200</value>
        </Data>
        <Data name="y">
          <value>-43.55753914140</value>
        </Data>
      </ExtendedData>
      <Point>
        <coordinates>
          172.654789312,-43.5575391414,0
        </coordinates>
      </Point>
    </Placemark>
    <Placemark>
      <name>New World</name>
      <description><![CDATA[type: supermarket<br>Source: Open Street Map: http://www.openstreetmap.org.nz/<br>Update: 21/01/2019<br>x: 172.47371209300<br>y: -43.64225792470]]></description>
      <styleUrl>#icon-1577-795548</styleUrl>
      <ExtendedData>
        <Data name="type">
          <value>supermarket</value>
        </Data>
        <Data name="Source">
          <value>Open Street Map: http://www.openstreetmap.org.nz/</value>
        </Data>
        <Data name="Update">
          <value>21/01/2019</value>
        </Data>
        <Data name="x">
          <value>172.47371209300</value>
        </Data>
        <Data name="y">
          <value>-43.64225792470</value>
        </Data>
      </ExtendedData>
      <Point>
        <coordinates>
          172.473712093,-43.6422579247,0
        </coordinates>
      </Point>
    </Placemark>
    <Placemark>
      <name>Fresh Choice</name>
      <description><![CDATA[type: supermarket<br>Source: Open Street Map: http://www.openstreetmap.org.nz/<br>Update: 21/01/2019<br>x: 172.70609090800<br>y: -43.48135390100]]></description>
      <styleUrl>#icon-1577-795548</styleUrl>
      <ExtendedData>
        <Data name="type">
          <value>supermarket</value>
        </Data>
        <Data name="Source">
          <value>Open Street Map: http://www.openstreetmap.org.nz/</value>
        </Data>
        <Data name="Update">
          <value>21/01/2019</value>
        </Data>
        <Data name="x">
          <value>172.70609090800</value>
        </Data>
        <Data name="y">
          <value>-43.48135390100</value>
        </Data>
      </ExtendedData>
      <Point>
        <coordinates>
          172.706090908,-43.481353901,0
        </coordinates>
      </Point>
    </Placemark>
    <Placemark>
      <name>New World Ilam</name>
      <description><![CDATA[type: supermarket<br>Source: Open Street Map: http://www.openstreetmap.org.nz/<br>Update: 21/01/2019<br>x: 172.57009678000<br>y: -43.52588644210]]></description>
      <styleUrl>#icon-1577-795548</styleUrl>
      <ExtendedData>
        <Data name="type">
          <value>supermarket</value>
        </Data>
        <Data name="Source">
          <value>Open Street Map: http://www.openstreetmap.org.nz/</value>
        </Data>
        <Data name="Update">
          <value>21/01/2019</value>
        </Data>
        <Data name="x">
          <value>172.57009678000</value>
        </Data>
        <Data name="y">
          <value>-43.52588644210</value>
        </Data>
      </ExtendedData>
      <Point>
        <coordinates>
          172.57009678,-43.5258864421,0
        </coordinates>
      </Point>
    </Placemark>
    <Placemark>
      <name>New World</name>
      <description><![CDATA[type: supermarket<br>Source: Open Street Map: http://www.openstreetmap.org.nz/<br>Update: 21/01/2019<br>x: 172.59473141600<br>y: -43.30256072690]]></description>
      <styleUrl>#icon-1577-795548</styleUrl>
      <ExtendedData>
        <Data name="type">
          <value>supermarket</value>
        </Data>
        <Data name="Source">
          <value>Open Street Map: http://www.openstreetmap.org.nz/</value>
        </Data>
        <Data name="Update">
          <value>21/01/2019</value>
        </Data>
        <Data name="x">
          <value>172.59473141600</value>
        </Data>
        <Data name="y">
          <value>-43.30256072690</value>
        </Data>
      </ExtendedData>
      <Point>
        <coordinates>
          172.594731416,-43.3025607269,0
        </coordinates>
      </Point>
    </Placemark>
    <Placemark>
      <name>Countdown</name>
      <description><![CDATA[type: supermarket<br>Source: Open Street Map: http://www.openstreetmap.org.nz/<br>Update: 21/01/2019<br>x: 172.38667594000<br>y: -43.59418265550]]></description>
      <styleUrl>#icon-1577-795548</styleUrl>
      <ExtendedData>
        <Data name="type">
          <value>supermarket</value>
        </Data>
        <Data name="Source">
          <value>Open Street Map: http://www.openstreetmap.org.nz/</value>
        </Data>
        <Data name="Update">
          <value>21/01/2019</value>
        </Data>
        <Data name="x">
          <value>172.38667594000</value>
        </Data>
        <Data name="y">
          <value>-43.59418265550</value>
        </Data>
      </ExtendedData>
      <Point>
        <coordinates>
          172.38667594,-43.5941826555,0
        </coordinates>
      </Point>
    </Placemark>
    <Placemark>
      <name>Countdown</name>
      <description><![CDATA[type: supermarket<br>Source: Open Street Map: http://www.openstreetmap.org.nz/<br>Update: 21/01/2019<br>x: 172.52697120000<br>y: -43.54274885920]]></description>
      <styleUrl>#icon-1577-795548</styleUrl>
      <ExtendedData>
        <Data name="type">
          <value>supermarket</value>
        </Data>
        <Data name="Source">
          <value>Open Street Map: http://www.openstreetmap.org.nz/</value>
        </Data>
        <Data name="Update">
          <value>21/01/2019</value>
        </Data>
        <Data name="x">
          <value>172.52697120000</value>
        </Data>
        <Data name="y">
          <value>-43.54274885920</value>
        </Data>
      </ExtendedData>
      <Point>
        <coordinates>
          172.5269712,-43.5427488592,0
        </coordinates>
      </Point>
    </Placemark>
    <Placemark>
      <name>Countdown</name>
      <description><![CDATA[type: supermarket<br>Source: Open Street Map: http://www.openstreetmap.org.nz/<br>Update: 21/01/2019<br>x: 172.59887749000<br>y: -43.30738834240]]></description>
      <styleUrl>#icon-1577-795548</styleUrl>
      <ExtendedData>
        <Data name="type">
          <value>supermarket</value>
        </Data>
        <Data name="Source">
          <value>Open Street Map: http://www.openstreetmap.org.nz/</value>
        </Data>
        <Data name="Update">
          <value>21/01/2019</value>
        </Data>
        <Data name="x">
          <value>172.59887749000</value>
        </Data>
        <Data name="y">
          <value>-43.30738834240</value>
        </Data>
      </ExtendedData>
      <Point>
        <coordinates>
          172.59887749,-43.3073883424,0
        </coordinates>
      </Point>
    </Placemark>
    <Placemark>
      <name>Bin Inn</name>
      <description><![CDATA[type: supermarket<br>Source: Open Street Map: http://www.openstreetmap.org.nz/<br>Update: 21/01/2019<br>x: 172.59632554500<br>y: -43.30413481160]]></description>
      <styleUrl>#icon-1577-795548</styleUrl>
      <ExtendedData>
        <Data name="type">
          <value>supermarket</value>
        </Data>
        <Data name="Source">
          <value>Open Street Map: http://www.openstreetmap.org.nz/</value>
        </Data>
        <Data name="Update">
          <value>21/01/2019</value>
        </Data>
        <Data name="x">
          <value>172.59632554500</value>
        </Data>
        <Data name="y">
          <value>-43.30413481160</value>
        </Data>
      </ExtendedData>
      <Point>
        <coordinates>
          172.596325545,-43.3041348116,0
        </coordinates>
      </Point>
    </Placemark>
    <Placemark>
      <name>freshchoice</name>
      <description><![CDATA[type: supermarket<br>Source: Open Street Map: http://www.openstreetmap.org.nz/<br>Update: 21/01/2019<br>x: 172.19183298500<br>y: -43.29763882960]]></description>
      <styleUrl>#icon-1577-795548</styleUrl>
      <ExtendedData>
        <Data name="type">
          <value>supermarket</value>
        </Data>
        <Data name="Source">
          <value>Open Street Map: http://www.openstreetmap.org.nz/</value>
        </Data>
        <Data name="Update">
          <value>21/01/2019</value>
        </Data>
        <Data name="x">
          <value>172.19183298500</value>
        </Data>
        <Data name="y">
          <value>-43.29763882960</value>
        </Data>
      </ExtendedData>
      <Point>
        <coordinates>
          172.191832985,-43.2976388296,0
        </coordinates>
      </Point>
    </Placemark>
    <Placemark>
      <name><![CDATA[Guruji's]]></name>
      <description><![CDATA[type: supermarket<br>Source: Open Street Map: http://www.openstreetmap.org.nz/<br>Update: 21/01/2019<br>x: 172.64222704000<br>y: -43.54129213170]]></description>
      <styleUrl>#icon-1577-795548</styleUrl>
      <ExtendedData>
        <Data name="type">
          <value>supermarket</value>
        </Data>
        <Data name="Source">
          <value>Open Street Map: http://www.openstreetmap.org.nz/</value>
        </Data>
        <Data name="Update">
          <value>21/01/2019</value>
        </Data>
        <Data name="x">
          <value>172.64222704000</value>
        </Data>
        <Data name="y">
          <value>-43.54129213170</value>
        </Data>
      </ExtendedData>
      <Point>
        <coordinates>
          172.64222704,-43.5412921317,0
        </coordinates>
      </Point>
    </Placemark>
    <Placemark>
      <name>New World</name>
      <description><![CDATA[type: supermarket<br>Source: Open Street Map: http://www.openstreetmap.org.nz/<br>Update: 21/01/2019<br>x: 172.73903079900<br>y: -43.56240851660]]></description>
      <styleUrl>#icon-1577-795548</styleUrl>
      <ExtendedData>
        <Data name="type">
          <value>supermarket</value>
        </Data>
        <Data name="Source">
          <value>Open Street Map: http://www.openstreetmap.org.nz/</value>
        </Data>
        <Data name="Update">
          <value>21/01/2019</value>
        </Data>
        <Data name="x">
          <value>172.73903079900</value>
        </Data>
        <Data name="y">
          <value>-43.56240851660</value>
        </Data>
      </ExtendedData>
      <Point>
        <coordinates>
          172.739030799,-43.5624085166,0
        </coordinates>
      </Point>
    </Placemark>
    <Placemark>
      <name><![CDATA[Pakn'Save]]></name>
      <description><![CDATA[type: supermarket<br>Source: Open Street Map: http://www.openstreetmap.org.nz/<br>Update: 21/01/2019<br>x: 172.60042316400<br>y: -43.32481187760]]></description>
      <styleUrl>#icon-1577-795548</styleUrl>
      <ExtendedData>
        <Data name="type">
          <value>supermarket</value>
        </Data>
        <Data name="Source">
          <value>Open Street Map: http://www.openstreetmap.org.nz/</value>
        </Data>
        <Data name="Update">
          <value>21/01/2019</value>
        </Data>
        <Data name="x">
          <value>172.60042316400</value>
        </Data>
        <Data name="y">
          <value>-43.32481187760</value>
        </Data>
      </ExtendedData>
      <Point>
        <coordinates>
          172.600423164,-43.3248118776,0
        </coordinates>
      </Point>
    </Placemark>
    <Placemark>
      <name>New World</name>
      <description><![CDATA[type: supermarket<br>Source: Open Street Map: http://www.openstreetmap.org.nz/<br>Update: 21/01/2019<br>x: 172.66002048100<br>y: -43.38229696570]]></description>
      <styleUrl>#icon-1577-795548</styleUrl>
      <ExtendedData>
        <Data name="type">
          <value>supermarket</value>
        </Data>
        <Data name="Source">
          <value>Open Street Map: http://www.openstreetmap.org.nz/</value>
        </Data>
        <Data name="Update">
          <value>21/01/2019</value>
        </Data>
        <Data name="x">
          <value>172.66002048100</value>
        </Data>
        <Data name="y">
          <value>-43.38229696570</value>
        </Data>
      </ExtendedData>
      <Point>
        <coordinates>
          172.660020481,-43.3822969657,0
        </coordinates>
      </Point>
    </Placemark>
    <Placemark>
      <name>Reawood Fresh</name>
      <description><![CDATA[type: supermarket<br>Source: Open Street Map: http://www.openstreetmap.org.nz/<br>Update: 21/01/2019<br>x: 172.55524330400<br>y: -43.47777659510]]></description>
      <styleUrl>#icon-1577-795548</styleUrl>
      <ExtendedData>
        <Data name="type">
          <value>supermarket</value>
        </Data>
        <Data name="Source">
          <value>Open Street Map: http://www.openstreetmap.org.nz/</value>
        </Data>
        <Data name="Update">
          <value>21/01/2019</value>
        </Data>
        <Data name="x">
          <value>172.55524330400</value>
        </Data>
        <Data name="y">
          <value>-43.47777659510</value>
        </Data>
      </ExtendedData>
      <Point>
        <coordinates>
          172.555243304,-43.4777765951,0
        </coordinates>
      </Point>
    </Placemark>
    <Placemark>
      <name><![CDATA[Pak'nSave Wainoni]]></name>
      <description><![CDATA[type: supermarket<br>Source: Open Street Map: http://www.openstreetmap.org.nz/<br>Update: 21/01/2019<br>x: 172.69322674200<br>y: -43.51282276190]]></description>
      <styleUrl>#icon-1577-795548</styleUrl>
      <ExtendedData>
        <Data name="type">
          <value>supermarket</value>
        </Data>
        <Data name="Source">
          <value>Open Street Map: http://www.openstreetmap.org.nz/</value>
        </Data>
        <Data name="Update">
          <value>21/01/2019</value>
        </Data>
        <Data name="x">
          <value>172.69322674200</value>
        </Data>
        <Data name="y">
          <value>-43.51282276190</value>
        </Data>
      </ExtendedData>
      <Point>
        <coordinates>
          172.693226742,-43.5128227619,0
        </coordinates>
      </Point>
    </Placemark>
    <Placemark>
      <name>Kosco Asian Supermarket</name>
      <description><![CDATA[type: supermarket<br>Source: Open Street Map: http://www.openstreetmap.org.nz/<br>Update: 21/01/2019<br>x: 172.58951244000<br>y: -43.53854530160]]></description>
      <styleUrl>#icon-1577-795548</styleUrl>
      <ExtendedData>
        <Data name="type">
          <value>supermarket</value>
        </Data>
        <Data name="Source">
          <value>Open Street Map: http://www.openstreetmap.org.nz/</value>
        </Data>
        <Data name="Update">
          <value>21/01/2019</value>
        </Data>
        <Data name="x">
          <value>172.58951244000</value>
        </Data>
        <Data name="y">
          <value>-43.53854530160</value>
        </Data>
      </ExtendedData>
      <Point>
        <coordinates>
          172.58951244,-43.5385453016,0
        </coordinates>
      </Point>
    </Placemark>
    <Placemark>
      <name>Asian Supermart</name>
      <description><![CDATA[type: supermarket<br>Source: Open Street Map: http://www.openstreetmap.org.nz/<br>Update: 21/01/2019<br>x: 172.58887326400<br>y: -43.53869862550]]></description>
      <styleUrl>#icon-1577-795548</styleUrl>
      <ExtendedData>
        <Data name="type">
          <value>supermarket</value>
        </Data>
        <Data name="Source">
          <value>Open Street Map: http://www.openstreetmap.org.nz/</value>
        </Data>
        <Data name="Update">
          <value>21/01/2019</value>
        </Data>
        <Data name="x">
          <value>172.58887326400</value>
        </Data>
        <Data name="y">
          <value>-43.53869862550</value>
        </Data>
      </ExtendedData>
      <Point>
        <coordinates>
          172.588873264,-43.5386986255,0
        </coordinates>
      </Point>
    </Placemark>
    <Placemark>
      <name>New World</name>
      <description><![CDATA[type: supermarket<br>Source: Open Street Map: http://www.openstreetmap.org.nz/<br>Update: 21/01/2019<br>x: 172.66192218000<br>y: -43.47514501460]]></description>
      <styleUrl>#icon-1577-795548</styleUrl>
      <ExtendedData>
        <Data name="type">
          <value>supermarket</value>
        </Data>
        <Data name="Source">
          <value>Open Street Map: http://www.openstreetmap.org.nz/</value>
        </Data>
        <Data name="Update">
          <value>21/01/2019</value>
        </Data>
        <Data name="x">
          <value>172.66192218000</value>
        </Data>
        <Data name="y">
          <value>-43.47514501460</value>
        </Data>
      </ExtendedData>
      <Point>
        <coordinates>
          172.66192218,-43.4751450146,0
        </coordinates>
      </Point>
    </Placemark>
    <Placemark>
      <name/>
      <description><![CDATA[type: supermarket<br>Source: Open Street Map: http://www.openstreetmap.org.nz/<br>Update: 21/01/2019<br>x: 172.55747231800<br>y: -43.55267689930]]></description>
      <styleUrl>#icon-1577-795548</styleUrl>
      <ExtendedData>
        <Data name="type">
          <value>supermarket</value>
        </Data>
        <Data name="Source">
          <value>Open Street Map: http://www.openstreetmap.org.nz/</value>
        </Data>
        <Data name="Update">
          <value>21/01/2019</value>
        </Data>
        <Data name="x">
          <value>172.55747231800</value>
        </Data>
        <Data name="y">
          <value>-43.55267689930</value>
        </Data>
      </ExtendedData>
      <Point>
        <coordinates>
          172.557472318,-43.5526768993,0
        </coordinates>
      </Point>
    </Placemark>
    <Placemark>
      <name>Countdown</name>
      <description><![CDATA[type: supermarket<br>Source: Open Street Map: http://www.openstreetmap.org.nz/<br>Update: 21/01/2019<br>x: 172.54771243700<br>y: -43.48986068730]]></description>
      <styleUrl>#icon-1577-795548</styleUrl>
      <ExtendedData>
        <Data name="type">
          <value>supermarket</value>
        </Data>
        <Data name="Source">
          <value>Open Street Map: http://www.openstreetmap.org.nz/</value>
        </Data>
        <Data name="Update">
          <value>21/01/2019</value>
        </Data>
        <Data name="x">
          <value>172.54771243700</value>
        </Data>
        <Data name="y">
          <value>-43.48986068730</value>
        </Data>
      </ExtendedData>
      <Point>
        <coordinates>
          172.547712437,-43.4898606873,0
        </coordinates>
      </Point>
    </Placemark>
    <Placemark>
      <name>Fresh Choice</name>
      <description><![CDATA[type: supermarket<br>Source: Open Street Map: http://www.openstreetmap.org.nz/<br>Update: 21/01/2019<br>x: 172.62053180000<br>y: -43.55570830000]]></description>
      <styleUrl>#icon-1577-795548</styleUrl>
      <ExtendedData>
        <Data name="type">
          <value>supermarket</value>
        </Data>
        <Data name="Source">
          <value>Open Street Map: http://www.openstreetmap.org.nz/</value>
        </Data>
        <Data name="Update">
          <value>21/01/2019</value>
        </Data>
        <Data name="x">
          <value>172.62053180000</value>
        </Data>
        <Data name="y">
          <value>-43.55570830000</value>
        </Data>
      </ExtendedData>
      <Point>
        <coordinates>
          172.6205318,-43.5557083,0
        </coordinates>
      </Point>
    </Placemark>
    <Placemark>
      <name><![CDATA[Pak'nSave]]></name>
      <description><![CDATA[type: supermarket<br>Source: Open Street Map: http://www.openstreetmap.org.nz/<br>Update: 21/01/2019<br>x: 172.52332620000<br>y: -43.54264350000]]></description>
      <styleUrl>#icon-1577-795548</styleUrl>
      <ExtendedData>
        <Data name="type">
          <value>supermarket</value>
        </Data>
        <Data name="Source">
          <value>Open Street Map: http://www.openstreetmap.org.nz/</value>
        </Data>
        <Data name="Update">
          <value>21/01/2019</value>
        </Data>
        <Data name="x">
          <value>172.52332620000</value>
        </Data>
        <Data name="y">
          <value>-43.54264350000</value>
        </Data>
      </ExtendedData>
      <Point>
        <coordinates>
          172.5233262,-43.5426435,0
        </coordinates>
      </Point>
    </Placemark>
    <Placemark>
      <name>Big Chicken Supermarket</name>
      <description><![CDATA[type: supermarket<br>Source: Open Street Map: http://www.openstreetmap.org.nz/<br>Update: 21/01/2019<br>x: 172.58025640000<br>y: -43.53516050000]]></description>
      <styleUrl>#icon-1577-795548</styleUrl>
      <ExtendedData>
        <Data name="type">
          <value>supermarket</value>
        </Data>
        <Data name="Source">
          <value>Open Street Map: http://www.openstreetmap.org.nz/</value>
        </Data>
        <Data name="Update">
          <value>21/01/2019</value>
        </Data>
        <Data name="x">
          <value>172.58025640000</value>
        </Data>
        <Data name="y">
          <value>-43.53516050000</value>
        </Data>
      </ExtendedData>
      <Point>
        <coordinates>
          172.5802564,-43.5351605,0
        </coordinates>
      </Point>
    </Placemark>
    <Placemark>
      <name>Amberley Four Square</name>
      <description><![CDATA[type: supermarket<br>Source: Open Street Map: http://www.openstreetmap.org.nz/<br>Update: 21/01/2019<br>x: 172.72953960000<br>y: -43.15417660000]]></description>
      <styleUrl>#icon-1577-795548</styleUrl>
      <ExtendedData>
        <Data name="type">
          <value>supermarket</value>
        </Data>
        <Data name="Source">
          <value>Open Street Map: http://www.openstreetmap.org.nz/</value>
        </Data>
        <Data name="Update">
          <value>21/01/2019</value>
        </Data>
        <Data name="x">
          <value>172.72953960000</value>
        </Data>
        <Data name="y">
          <value>-43.15417660000</value>
        </Data>
      </ExtendedData>
      <Point>
        <coordinates>
          172.7295396,-43.1541766,0
        </coordinates>
      </Point>
    </Placemark>
    <Placemark>
      <name>SuperValue</name>
      <description><![CDATA[type: supermarket<br>Source: Open Street Map: http://www.openstreetmap.org.nz/<br>Update: 21/01/2019<br>x: 172.59028030000<br>y: -43.50951300000]]></description>
      <styleUrl>#icon-1577-795548</styleUrl>
      <ExtendedData>
        <Data name="type">
          <value>supermarket</value>
        </Data>
        <Data name="Source">
          <value>Open Street Map: http://www.openstreetmap.org.nz/</value>
        </Data>
        <Data name="Update">
          <value>21/01/2019</value>
        </Data>
        <Data name="x">
          <value>172.59028030000</value>
        </Data>
        <Data name="y">
          <value>-43.50951300000</value>
        </Data>
      </ExtendedData>
      <Point>
        <coordinates>
          172.5902803,-43.509513,0
        </coordinates>
      </Point>
    </Placemark>
    <Placemark>
      <name>New World</name>
      <description><![CDATA[type: supermarket<br>Source: Open Street Map: http://www.openstreetmap.org.nz/<br>Update: 21/01/2019<br>x: 172.63449560000<br>y: -43.53833450000]]></description>
      <styleUrl>#icon-1577-795548</styleUrl>
      <ExtendedData>
        <Data name="type">
          <value>supermarket</value>
        </Data>
        <Data name="Source">
          <value>Open Street Map: http://www.openstreetmap.org.nz/</value>
        </Data>
        <Data name="Update">
          <value>21/01/2019</value>
        </Data>
        <Data name="x">
          <value>172.63449560000</value>
        </Data>
        <Data name="y">
          <value>-43.53833450000</value>
        </Data>
      </ExtendedData>
      <Point>
        <coordinates>
          172.6344956,-43.5383345,0
        </coordinates>
      </Point>
    </Placemark>
    <Placemark>
      <name>New World</name>
      <description><![CDATA[type: supermarket<br>Source: Open Street Map: http://www.openstreetmap.org.nz/<br>Update: 21/01/2019<br>x: 172.58837500000<br>y: -43.51793190000]]></description>
      <styleUrl>#icon-1577-795548</styleUrl>
      <ExtendedData>
        <Data name="type">
          <value>supermarket</value>
        </Data>
        <Data name="Source">
          <value>Open Street Map: http://www.openstreetmap.org.nz/</value>
        </Data>
        <Data name="Update">
          <value>21/01/2019</value>
        </Data>
        <Data name="x">
          <value>172.58837500000</value>
        </Data>
        <Data name="y">
          <value>-43.51793190000</value>
        </Data>
      </ExtendedData>
      <Point>
        <coordinates>
          172.588375,-43.5179319,0
        </coordinates>
      </Point>
    </Placemark>
    <Placemark>
      <name>Supervalue</name>
      <description><![CDATA[type: supermarket<br>Source: Open Street Map: http://www.openstreetmap.org.nz/<br>Update: 21/01/2019<br>x: 172.58537550000<br>y: -43.49935290000]]></description>
      <styleUrl>#icon-1577-795548</styleUrl>
      <ExtendedData>
        <Data name="type">
          <value>supermarket</value>
        </Data>
        <Data name="Source">
          <value>Open Street Map: http://www.openstreetmap.org.nz/</value>
        </Data>
        <Data name="Update">
          <value>21/01/2019</value>
        </Data>
        <Data name="x">
          <value>172.58537550000</value>
        </Data>
        <Data name="y">
          <value>-43.49935290000</value>
        </Data>
      </ExtendedData>
      <Point>
        <coordinates>
          172.5853755,-43.4993529,0
        </coordinates>
      </Point>
    </Placemark>
    <Placemark>
      <name>Leeston Supervalue</name>
      <description><![CDATA[type: supermarket<br>Source: Open Street Map: http://www.openstreetmap.org.nz/<br>Update: 21/01/2019<br>x: 172.29842050000<br>y: -43.76271290000]]></description>
      <styleUrl>#icon-1577-795548</styleUrl>
      <ExtendedData>
        <Data name="type">
          <value>supermarket</value>
        </Data>
        <Data name="Source">
          <value>Open Street Map: http://www.openstreetmap.org.nz/</value>
        </Data>
        <Data name="Update">
          <value>21/01/2019</value>
        </Data>
        <Data name="x">
          <value>172.29842050000</value>
        </Data>
        <Data name="y">
          <value>-43.76271290000</value>
        </Data>
      </ExtendedData>
      <Point>
        <coordinates>
          172.2984205,-43.7627129,0
        </coordinates>
      </Point>
    </Placemark>
    <Placemark>
      <name>Raeward Fresh</name>
      <description><![CDATA[type: supermarket<br>Source: Open Street Map: http://www.openstreetmap.org.nz/<br>Update: 21/01/2019<br>x: 172.60534540000<br>y: -43.54010550000]]></description>
      <styleUrl>#icon-1577-795548</styleUrl>
      <ExtendedData>
        <Data name="type">
          <value>supermarket</value>
        </Data>
        <Data name="Source">
          <value>Open Street Map: http://www.openstreetmap.org.nz/</value>
        </Data>
        <Data name="Update">
          <value>21/01/2019</value>
        </Data>
        <Data name="x">
          <value>172.60534540000</value>
        </Data>
        <Data name="y">
          <value>-43.54010550000</value>
        </Data>
      </ExtendedData>
      <Point>
        <coordinates>
          172.6053454,-43.5401055,0
        </coordinates>
      </Point>
    </Placemark>
    <Placemark>
      <name>Countdown</name>
      <description><![CDATA[type: supermarket<br>Source: Open Street Map: http://www.openstreetmap.org.nz/<br>Update: 21/01/2019<br>x: 172.66452780000<br>y: -43.50565710000]]></description>
      <styleUrl>#icon-1577-795548</styleUrl>
      <ExtendedData>
        <Data name="type">
          <value>supermarket</value>
        </Data>
        <Data name="Source">
          <value>Open Street Map: http://www.openstreetmap.org.nz/</value>
        </Data>
        <Data name="Update">
          <value>21/01/2019</value>
        </Data>
        <Data name="x">
          <value>172.66452780000</value>
        </Data>
        <Data name="y">
          <value>-43.50565710000</value>
        </Data>
      </ExtendedData>
      <Point>
        <coordinates>
          172.6645278,-43.5056571,0
        </coordinates>
      </Point>
    </Placemark>
    <Placemark>
      <name>New World Rolleston</name>
      <description><![CDATA[type: supermarket<br>Source: Open Street Map: http://www.openstreetmap.org.nz/<br>Update: 21/01/2019<br>x: 172.38242380000<br>y: -43.59676270000]]></description>
      <styleUrl>#icon-1577-795548</styleUrl>
      <ExtendedData>
        <Data name="type">
          <value>supermarket</value>
        </Data>
        <Data name="Source">
          <value>Open Street Map: http://www.openstreetmap.org.nz/</value>
        </Data>
        <Data name="Update">
          <value>21/01/2019</value>
        </Data>
        <Data name="x">
          <value>172.38242380000</value>
        </Data>
        <Data name="y">
          <value>-43.59676270000</value>
        </Data>
      </ExtendedData>
      <Point>
        <coordinates>
          172.3824238,-43.5967627,0
        </coordinates>
      </Point>
    </Placemark>
    <Placemark>
      <name>Fresh Choice Supermarket</name>
      <description><![CDATA[type: supermarket<br>Source: Open Street Map: http://www.openstreetmap.org.nz/<br>Update: 21/01/2019<br>x: 172.62138020000<br>y: -43.51284540000]]></description>
      <styleUrl>#icon-1577-795548</styleUrl>
      <ExtendedData>
        <Data name="type">
          <value>supermarket</value>
        </Data>
        <Data name="Source">
          <value>Open Street Map: http://www.openstreetmap.org.nz/</value>
        </Data>
        <Data name="Update">
          <value>21/01/2019</value>
        </Data>
        <Data name="x">
          <value>172.62138020000</value>
        </Data>
        <Data name="y">
          <value>-43.51284540000</value>
        </Data>
      </ExtendedData>
      <Point>
        <coordinates>
          172.6213802,-43.5128454,0
        </coordinates>
      </Point>
    </Placemark>
    <Placemark>
      <name>Kosco</name>
      <description><![CDATA[type: supermarket<br>Source: Open Street Map: http://www.openstreetmap.org.nz/<br>Update: 21/01/2019<br>x: 172.59859340000<br>y: -43.30345490000]]></description>
      <styleUrl>#icon-1577-795548</styleUrl>
      <ExtendedData>
        <Data name="type">
          <value>supermarket</value>
        </Data>
        <Data name="Source">
          <value>Open Street Map: http://www.openstreetmap.org.nz/</value>
        </Data>
        <Data name="Update">
          <value>21/01/2019</value>
        </Data>
        <Data name="x">
          <value>172.59859340000</value>
        </Data>
        <Data name="y">
          <value>-43.30345490000</value>
        </Data>
      </ExtendedData>
      <Point>
        <coordinates>
          172.5985934,-43.3034549,0
        </coordinates>
      </Point>
    </Placemark>
    <Placemark>
      <name>Kosco</name>
      <description><![CDATA[type: supermarket<br>Source: Open Street Map: http://www.openstreetmap.org.nz/<br>Update: 21/01/2019<br>x: 172.57179280000<br>y: -43.51634530000]]></description>
      <styleUrl>#icon-1577-795548</styleUrl>
      <ExtendedData>
        <Data name="type">
          <value>supermarket</value>
        </Data>
        <Data name="Source">
          <value>Open Street Map: http://www.openstreetmap.org.nz/</value>
        </Data>
        <Data name="Update">
          <value>21/01/2019</value>
        </Data>
        <Data name="x">
          <value>172.57179280000</value>
        </Data>
        <Data name="y">
          <value>-43.51634530000</value>
        </Data>
      </ExtendedData>
      <Point>
        <coordinates>
          172.5717928,-43.5163453,0
        </coordinates>
      </Point>
    </Placemark>
    <Placemark>
      <name>New World</name>
      <description><![CDATA[type: supermarket<br>Source: Open Street Map: http://www.openstreetmap.org.nz/<br>Update: 21/01/2019<br>x: 172.55754280000<br>y: -43.55269550000]]></description>
      <styleUrl>#icon-1577-795548</styleUrl>
      <ExtendedData>
        <Data name="type">
          <value>supermarket</value>
        </Data>
        <Data name="Source">
          <value>Open Street Map: http://www.openstreetmap.org.nz/</value>
        </Data>
        <Data name="Update">
          <value>21/01/2019</value>
        </Data>
        <Data name="x">
          <value>172.55754280000</value>
        </Data>
        <Data name="y">
          <value>-43.55269550000</value>
        </Data>
      </ExtendedData>
      <Point>
        <coordinates>
          172.5575428,-43.5526955,0
        </coordinates>
      </Point>
    </Placemark>
    <Placemark>
      <name>Burwood Foodmarket</name>
      <description><![CDATA[type: supermarket<br>Source: Open Street Map: http://www.openstreetmap.org.nz/<br>Update: 21/01/2019<br>x: 172.68094310000<br>y: -43.48257180000]]></description>
      <styleUrl>#icon-1577-795548</styleUrl>
      <ExtendedData>
        <Data name="type">
          <value>supermarket</value>
        </Data>
        <Data name="Source">
          <value>Open Street Map: http://www.openstreetmap.org.nz/</value>
        </Data>
        <Data name="Update">
          <value>21/01/2019</value>
        </Data>
        <Data name="x">
          <value>172.68094310000</value>
        </Data>
        <Data name="y">
          <value>-43.48257180000</value>
        </Data>
      </ExtendedData>
      <Point>
        <coordinates>
          172.6809431,-43.4825718,0
        </coordinates>
      </Point>
    </Placemark>
    <Placemark>
      <name>Countdown</name>
      <description><![CDATA[type: supermarket<br>Source: Open Street Map: http://www.openstreetmap.org.nz/<br>Update: 21/01/2019<br>x: 172.73214310000<br>y: -43.15636200000]]></description>
      <styleUrl>#icon-1577-795548</styleUrl>
      <ExtendedData>
        <Data name="type">
          <value>supermarket</value>
        </Data>
        <Data name="Source">
          <value>Open Street Map: http://www.openstreetmap.org.nz/</value>
        </Data>
        <Data name="Update">
          <value>21/01/2019</value>
        </Data>
        <Data name="x">
          <value>172.73214310000</value>
        </Data>
        <Data name="y">
          <value>-43.15636200000</value>
        </Data>
      </ExtendedData>
      <Point>
        <coordinates>
          172.7321431,-43.156362,0
        </coordinates>
      </Point>
    </Placemark>
    <Placemark>
      <name><![CDATA[Pak'nSave]]></name>
      <description><![CDATA[type: supermarket<br>Source: Open Street Map: http://www.openstreetmap.org.nz/<br>Update: 21/01/2019<br>x: 172.59619870000<br>y: -43.53109440000]]></description>
      <styleUrl>#icon-1577-795548</styleUrl>
      <ExtendedData>
        <Data name="type">
          <value>supermarket</value>
        </Data>
        <Data name="Source">
          <value>Open Street Map: http://www.openstreetmap.org.nz/</value>
        </Data>
        <Data name="Update">
          <value>21/01/2019</value>
        </Data>
        <Data name="x">
          <value>172.59619870000</value>
        </Data>
        <Data name="y">
          <value>-43.53109440000</value>
        </Data>
      </ExtendedData>
      <Point>
        <coordinates>
          172.5961987,-43.5310944,0
        </coordinates>
      </Point>
    </Placemark>
    <Placemark>
      <name>Liberty Market</name>
      <description><![CDATA[type: supermarket<br>Source: Open Street Map: http://www.openstreetmap.org.nz/<br>Update: 21/01/2019<br>x: 172.65107170000<br>y: -43.53959330000]]></description>
      <styleUrl>#icon-1577-795548</styleUrl>
      <ExtendedData>
        <Data name="type">
          <value>supermarket</value>
        </Data>
        <Data name="Source">
          <value>Open Street Map: http://www.openstreetmap.org.nz/</value>
        </Data>
        <Data name="Update">
          <value>21/01/2019</value>
        </Data>
        <Data name="x">
          <value>172.65107170000</value>
        </Data>
        <Data name="y">
          <value>-43.53959330000</value>
        </Data>
      </ExtendedData>
      <Point>
        <coordinates>
          172.6510717,-43.5395933,0
        </coordinates>
      </Point>
    </Placemark>
    <Placemark>
      <name>Bin Inn</name>
      <description><![CDATA[type: supermarket<br>Source: Open Street Map: http://www.openstreetmap.org.nz/<br>Update: 21/01/2019<br>x: 172.65602260000<br>y: -43.51817710000]]></description>
      <styleUrl>#icon-1577-795548</styleUrl>
      <ExtendedData>
        <Data name="type">
          <value>supermarket</value>
        </Data>
        <Data name="Source">
          <value>Open Street Map: http://www.openstreetmap.org.nz/</value>
        </Data>
        <Data name="Update">
          <value>21/01/2019</value>
        </Data>
        <Data name="x">
          <value>172.65602260000</value>
        </Data>
        <Data name="y">
          <value>-43.51817710000</value>
        </Data>
      </ExtendedData>
      <Point>
        <coordinates>
          172.6560226,-43.5181771,0
        </coordinates>
      </Point>
    </Placemark>
    <Placemark>
      <name>Countdown</name>
      <description><![CDATA[type: supermarket<br>Source: Open Street Map: http://www.openstreetmap.org.nz/<br>Update: 21/01/2019<br>x: 172.55721060000<br>y: -43.51118660000]]></description>
      <styleUrl>#icon-1577-795548</styleUrl>
      <ExtendedData>
        <Data name="type">
          <value>supermarket</value>
        </Data>
        <Data name="Source">
          <value>Open Street Map: http://www.openstreetmap.org.nz/</value>
        </Data>
        <Data name="Update">
          <value>21/01/2019</value>
        </Data>
        <Data name="x">
          <value>172.55721060000</value>
        </Data>
        <Data name="y">
          <value>-43.51118660000</value>
        </Data>
      </ExtendedData>
      <Point>
        <coordinates>
          172.5572106,-43.5111866,0
        </coordinates>
      </Point>
    </Placemark>
    <Placemark>
      <name>New World</name>
      <description><![CDATA[type: supermarket<br>Source: Open Street Map: http://www.openstreetmap.org.nz/<br>Update: 21/01/2019<br>x: 172.58840010000<br>y: -43.51791480000]]></description>
      <styleUrl>#icon-1577-795548</styleUrl>
      <ExtendedData>
        <Data name="type">
          <value>supermarket</value>
        </Data>
        <Data name="Source">
          <value>Open Street Map: http://www.openstreetmap.org.nz/</value>
        </Data>
        <Data name="Update">
          <value>21/01/2019</value>
        </Data>
        <Data name="x">
          <value>172.58840010000</value>
        </Data>
        <Data name="y">
          <value>-43.51791480000</value>
        </Data>
      </ExtendedData>
      <Point>
        <coordinates>
          172.5884001,-43.5179148,0
        </coordinates>
      </Point>
    </Placemark>
    <Placemark>
      <name>New World</name>
      <description><![CDATA[type: supermarket<br>Source: Open Street Map: http://www.openstreetmap.org.nz/<br>Update: 21/01/2019<br>x: 172.57016430000<br>y: -43.52588370000]]></description>
      <styleUrl>#icon-1577-795548</styleUrl>
      <ExtendedData>
        <Data name="type">
          <value>supermarket</value>
        </Data>
        <Data name="Source">
          <value>Open Street Map: http://www.openstreetmap.org.nz/</value>
        </Data>
        <Data name="Update">
          <value>21/01/2019</value>
        </Data>
        <Data name="x">
          <value>172.57016430000</value>
        </Data>
        <Data name="y">
          <value>-43.52588370000</value>
        </Data>
      </ExtendedData>
      <Point>
        <coordinates>
          172.5701643,-43.5258837,0
        </coordinates>
      </Point>
    </Placemark>
    <Placemark>
      <name>Countdown</name>
      <description><![CDATA[type: supermarket<br>Source: Open Street Map: http://www.openstreetmap.org.nz/<br>Update: 21/01/2019<br>x: 172.67558460000<br>y: -43.53245070000]]></description>
      <styleUrl>#icon-1577-795548</styleUrl>
      <ExtendedData>
        <Data name="type">
          <value>supermarket</value>
        </Data>
        <Data name="Source">
          <value>Open Street Map: http://www.openstreetmap.org.nz/</value>
        </Data>
        <Data name="Update">
          <value>21/01/2019</value>
        </Data>
        <Data name="x">
          <value>172.67558460000</value>
        </Data>
        <Data name="y">
          <value>-43.53245070000</value>
        </Data>
      </ExtendedData>
      <Point>
        <coordinates>
          172.6755846,-43.5324507,0
        </coordinates>
      </Point>
    </Placemark>
    <Placemark>
      <name>Harvest Market</name>
      <description><![CDATA[type: supermarket<br>Source: Open Street Map: http://www.openstreetmap.org.nz/<br>Update: 21/01/2019<br>x: 172.66543590000<br>y: -43.54201690000]]></description>
      <styleUrl>#icon-1577-795548</styleUrl>
      <ExtendedData>
        <Data name="type">
          <value>supermarket</value>
        </Data>
        <Data name="Source">
          <value>Open Street Map: http://www.openstreetmap.org.nz/</value>
        </Data>
        <Data name="Update">
          <value>21/01/2019</value>
        </Data>
        <Data name="x">
          <value>172.66543590000</value>
        </Data>
        <Data name="y">
          <value>-43.54201690000</value>
        </Data>
      </ExtendedData>
      <Point>
        <coordinates>
          172.6654359,-43.5420169,0
        </coordinates>
      </Point>
    </Placemark>
    <Placemark>
      <name>Parram Grocery Store</name>
      <description><![CDATA[type: supermarket<br>Source: Open Street Map: http://www.openstreetmap.org.nz/<br>Update: 21/01/2019<br>x: 172.63942140000<br>y: -43.52113500000]]></description>
      <styleUrl>#icon-1577-795548</styleUrl>
      <ExtendedData>
        <Data name="type">
          <value>supermarket</value>
        </Data>
        <Data name="Source">
          <value>Open Street Map: http://www.openstreetmap.org.nz/</value>
        </Data>
        <Data name="Update">
          <value>21/01/2019</value>
        </Data>
        <Data name="x">
          <value>172.63942140000</value>
        </Data>
        <Data name="y">
          <value>-43.52113500000</value>
        </Data>
      </ExtendedData>
      <Point>
        <coordinates>
          172.6394214,-43.521135,0
        </coordinates>
      </Point>
    </Placemark>
    <Placemark>
      <name>Kims Corner Dairy</name>
      <description><![CDATA[type: supermarket<br>Source: Open Street Map: http://www.openstreetmap.org.nz/<br>Update: 21/01/2019<br>x: 172.58568940000<br>y: -43.49989940000]]></description>
      <styleUrl>#icon-1577-795548</styleUrl>
      <ExtendedData>
        <Data name="type">
          <value>supermarket</value>
        </Data>
        <Data name="Source">
          <value>Open Street Map: http://www.openstreetmap.org.nz/</value>
        </Data>
        <Data name="Update">
          <value>21/01/2019</value>
        </Data>
        <Data name="x">
          <value>172.58568940000</value>
        </Data>
        <Data name="y">
          <value>-43.49989940000</value>
        </Data>
      </ExtendedData>
      <Point>
        <coordinates>
          172.5856894,-43.4998994,0
        </coordinates>
      </Point>
    </Placemark>
    <Placemark>
      <name><![CDATA[Ken's Mart]]></name>
      <description><![CDATA[type: supermarket<br>Source: Open Street Map: http://www.openstreetmap.org.nz/<br>Update: 21/01/2019<br>x: 172.63760800000<br>y: -43.54961910000]]></description>
      <styleUrl>#icon-1577-795548</styleUrl>
      <ExtendedData>
        <Data name="type">
          <value>supermarket</value>
        </Data>
        <Data name="Source">
          <value>Open Street Map: http://www.openstreetmap.org.nz/</value>
        </Data>
        <Data name="Update">
          <value>21/01/2019</value>
        </Data>
        <Data name="x">
          <value>172.63760800000</value>
        </Data>
        <Data name="y">
          <value>-43.54961910000</value>
        </Data>
      </ExtendedData>
      <Point>
        <coordinates>
          172.637608,-43.5496191,0
        </coordinates>
      </Point>
    </Placemark>
    <Placemark>
      <name/>
      <description><![CDATA[type: supermarket<br>Source: Open Street Map: http://www.openstreetmap.org.nz/<br>Update: 21/01/2019<br>x: 172.63689250000<br>y: -43.55057020000]]></description>
      <styleUrl>#icon-1577-795548</styleUrl>
      <ExtendedData>
        <Data name="type">
          <value>supermarket</value>
        </Data>
        <Data name="Source">
          <value>Open Street Map: http://www.openstreetmap.org.nz/</value>
        </Data>
        <Data name="Update">
          <value>21/01/2019</value>
        </Data>
        <Data name="x">
          <value>172.63689250000</value>
        </Data>
        <Data name="y">
          <value>-43.55057020000</value>
        </Data>
      </ExtendedData>
      <Point>
        <coordinates>
          172.6368925,-43.5505702,0
        </coordinates>
      </Point>
    </Placemark>
    <Placemark>
      <name>Fresh Choice City Market</name>
      <description><![CDATA[type: supermarket<br>Source: Open Street Map: http://www.openstreetmap.org.nz/<br>Update: 21/01/2019<br>x: 172.63783840000<br>y: -43.53408430000]]></description>
      <styleUrl>#icon-1577-795548</styleUrl>
      <ExtendedData>
        <Data name="type">
          <value>supermarket</value>
        </Data>
        <Data name="Source">
          <value>Open Street Map: http://www.openstreetmap.org.nz/</value>
        </Data>
        <Data name="Update">
          <value>21/01/2019</value>
        </Data>
        <Data name="x">
          <value>172.63783840000</value>
        </Data>
        <Data name="y">
          <value>-43.53408430000</value>
        </Data>
      </ExtendedData>
      <Point>
        <coordinates>
          172.6378384,-43.5340843,0
        </coordinates>
      </Point>
    </Placemark>
    <Placemark>
      <name>New World</name>
      <description><![CDATA[type: supermarket<br>Source: Open Street Map: http://www.openstreetmap.org.nz/<br>Update: 21/01/2019<br>x: 172.68391200000<br>y: -43.54898510000]]></description>
      <styleUrl>#icon-1577-795548</styleUrl>
      <ExtendedData>
        <Data name="type">
          <value>supermarket</value>
        </Data>
        <Data name="Source">
          <value>Open Street Map: http://www.openstreetmap.org.nz/</value>
        </Data>
        <Data name="Update">
          <value>21/01/2019</value>
        </Data>
        <Data name="x">
          <value>172.68391200000</value>
        </Data>
        <Data name="y">
          <value>-43.54898510000</value>
        </Data>
      </ExtendedData>
      <Point>
        <coordinates>
          172.683912,-43.5489851,0
        </coordinates>
      </Point>
    </Placemark>
    <Placemark>
      <name>Maihan Supermarket and Halal Meat</name>
      <description><![CDATA[type: supermarket<br>Source: Open Street Map: http://www.openstreetmap.org.nz/<br>Update: 21/01/2019<br>x: 172.63630580000<br>y: -43.54945530000]]></description>
      <styleUrl>#icon-1577-795548</styleUrl>
      <ExtendedData>
        <Data name="type">
          <value>supermarket</value>
        </Data>
        <Data name="Source">
          <value>Open Street Map: http://www.openstreetmap.org.nz/</value>
        </Data>
        <Data name="Update">
          <value>21/01/2019</value>
        </Data>
        <Data name="x">
          <value>172.63630580000</value>
        </Data>
        <Data name="y">
          <value>-43.54945530000</value>
        </Data>
      </ExtendedData>
      <Point>
        <coordinates>
          172.6363058,-43.5494553,0
        </coordinates>
      </Point>
    </Placemark>
    <Placemark>
      <name>Supervalue</name>
      <description><![CDATA[type: supermarket<br>Source: Open Street Map: http://www.openstreetmap.org.nz/<br>Update: 21/01/2019<br>x: 172.53632130000<br>y: -43.38009710000]]></description>
      <styleUrl>#icon-1577-795548</styleUrl>
      <ExtendedData>
        <Data name="type">
          <value>supermarket</value>
        </Data>
        <Data name="Source">
          <value>Open Street Map: http://www.openstreetmap.org.nz/</value>
        </Data>
        <Data name="Update">
          <value>21/01/2019</value>
        </Data>
        <Data name="x">
          <value>172.53632130000</value>
        </Data>
        <Data name="y">
          <value>-43.38009710000</value>
        </Data>
      </ExtendedData>
      <Point>
        <coordinates>
          172.5363213,-43.3800971,0
        </coordinates>
      </Point>
    </Placemark>
    <Placemark>
      <name>Holmwood Dairy</name>
      <description><![CDATA[type: supermarket<br>Source: Open Street Map: http://www.openstreetmap.org.nz/<br>Update: 21/01/2019<br>x: 172.61545330000<br>y: -43.51981860000]]></description>
      <styleUrl>#icon-1577-795548</styleUrl>
      <ExtendedData>
        <Data name="type">
          <value>supermarket</value>
        </Data>
        <Data name="Source">
          <value>Open Street Map: http://www.openstreetmap.org.nz/</value>
        </Data>
        <Data name="Update">
          <value>21/01/2019</value>
        </Data>
        <Data name="x">
          <value>172.61545330000</value>
        </Data>
        <Data name="y">
          <value>-43.51981860000</value>
        </Data>
      </ExtendedData>
      <Point>
        <coordinates>
          172.6154533,-43.5198186,0
        </coordinates>
      </Point>
    </Placemark>
    <Placemark>
      <name>Frozen Direct</name>
      <description><![CDATA[type: supermarket<br>Source: Open Street Map: http://www.openstreetmap.org.nz/<br>Update: 21/01/2019<br>x: 172.66243800000<br>y: -43.49950720000]]></description>
      <styleUrl>#icon-1577-795548</styleUrl>
      <ExtendedData>
        <Data name="type">
          <value>supermarket</value>
        </Data>
        <Data name="Source">
          <value>Open Street Map: http://www.openstreetmap.org.nz/</value>
        </Data>
        <Data name="Update">
          <value>21/01/2019</value>
        </Data>
        <Data name="x">
          <value>172.66243800000</value>
        </Data>
        <Data name="y">
          <value>-43.49950720000</value>
        </Data>
      </ExtendedData>
      <Point>
        <coordinates>
          172.662438,-43.4995072,0
        </coordinates>
      </Point>
    </Placemark>
    <Placemark>
      <name>Ethnic Market - International Food Store</name>
      <description><![CDATA[type: supermarket<br>Source: Open Street Map: http://www.openstreetmap.org.nz/<br>Update: 21/01/2019<br>x: 172.65770350000<br>y: -43.53083780000]]></description>
      <styleUrl>#icon-1577-795548</styleUrl>
      <ExtendedData>
        <Data name="type">
          <value>supermarket</value>
        </Data>
        <Data name="Source">
          <value>Open Street Map: http://www.openstreetmap.org.nz/</value>
        </Data>
        <Data name="Update">
          <value>21/01/2019</value>
        </Data>
        <Data name="x">
          <value>172.65770350000</value>
        </Data>
        <Data name="y">
          <value>-43.53083780000</value>
        </Data>
      </ExtendedData>
      <Point>
        <coordinates>
          172.6577035,-43.5308378,0
        </coordinates>
      </Point>
    </Placemark>
    <Placemark>
      <name>FreshChoice</name>
      <description><![CDATA[type: supermarket<br>Source: Open Street Map: http://www.openstreetmap.org.nz/<br>Update: 21/01/2019<br>x: 172.63658520000<br>y: -43.51329620000]]></description>
      <styleUrl>#icon-1577-795548</styleUrl>
      <ExtendedData>
        <Data name="type">
          <value>supermarket</value>
        </Data>
        <Data name="Source">
          <value>Open Street Map: http://www.openstreetmap.org.nz/</value>
        </Data>
        <Data name="Update">
          <value>21/01/2019</value>
        </Data>
        <Data name="x">
          <value>172.63658520000</value>
        </Data>
        <Data name="y">
          <value>-43.51329620000</value>
        </Data>
      </ExtendedData>
      <Point>
        <coordinates>
          172.6365852,-43.5132962,0
        </coordinates>
      </Point>
    </Placemark>
  </Document>
</kml>
